[{"systemType": "constraintSolver", "vis1": {"pinned": {"vega": {"$schema": "https://vega.github.io/schema/vega-lite/v3.json", "data": {"url": "movies.csv"}, "mark": "tick", "encoding": {"x": {"type": "ordinal", "field": "genre"}, "y": {"type": "quantitative", "field": "rating", "scale": {"zero": false}}}, "width": 270, "height": 270}, "uid": "id1615225731506_1"}, "label": "pinned", "date": "2021-03-08T17:49:44.002Z"}, "vis2": {"pinned": {"vega": {"$schema": "https://vega.github.io/schema/vega-lite/v3.json", "data": {"url": "movies.csv"}, "mark": "bar", "encoding": {"x": {"type": "ordinal", "field": "genre"}, "y": {"type": "quantitative", "aggregate": "mean", "field": "votes", "scale": {"zero": true}}}, "width": 270, "height": 270}, "uid": "id1615225971244_2"}, "label": "pinned", "date": "2021-03-08T17:53:18.259Z"}, "vis3": {"pinned": {"vega": {"$schema": "https://vega.github.io/schema/vega-lite/v3.json", "data": {"url": "movies.csv"}, "mark": "point", "encoding": {"size": {"type": "quantitative", "aggregate": "count", "scale": {"zero": true}}, "x": {"type": "ordinal", "field": "genre"}, "y": {"type": "ordinal", "field": "principals"}}, "width": 270, "height": 270}, "uid": "id1615226332531_0"}, "label": "pinned", "date": "2021-03-08T17:59:15.922Z"}, "vis4": {"pinned": {"vega": {"$schema": "https://vega.github.io/schema/vega-lite/v3.json", "data": {"url": "movies.csv"}, "mark": "point", "encoding": {"size": {"type": "quantitative", "aggregate": "count", "scale": {"zero": true}}, "y": {"type": "nominal", "field": "type"}, "x": {"type": "quantitative", "field": "minutes", "bin": true}}, "width": 270, "height": 270}, "uid": "id1615226841868_0"}, "label": "pinned", "date": "2021-03-08T18:07:57.144Z"}, "vis5": {"pinned": {"vega": {"$schema": "https://vega.github.io/schema/vega-lite/v3.json", "data": {"url": "movies.csv"}, "mark": "tick", "encoding": {"x": {"type": "nominal", "field": "type"}, "y": {"type": "quantitative", "field": "rating", "scale": {"zero": true}}}, "width": 270, "height": 270}, "uid": "id1615227117597_3"}, "label": "pinned", "date": "2021-03-08T18:12:37.655Z"}}, {"systemType": "constraintLearner", "vis1": {"vega": {"vega": {"$schema": "https://vega.github.io/schema/vega-lite/v3.json", "data": {"url": "movies.csv"}, "mark": "bar", "encoding": {"x": {"type": "nominal", "field": "type"}, "y": {"type": "quantitative", "aggregate": "mean", "field": "principals", "scale": {"zero": true}}, "color": {"type": "quantitative", "aggregate": "count", "scale": {"zero": true}}, "label": 1, "mark_bar": 1}, "width": 270, "height": 270}, "uid": "id1612819024816_2"}, "label": "pinned", "date": "2021-02-08T21:17:56.798Z"}, "vis2": {"vega": {"vega": {"$schema": "https://vega.github.io/schema/vega-lite/v3.json", "data": {"url": "movies.csv"}, "mark": "line", "encoding": {"y": {"type": "nominal", "field": "type"}, "x": {"type": "quantitative", "aggregate": "mean", "field": "minutes", "scale": {"zero": true}}, "color": {"type": "quantitative", "aggregate": "count", "scale": {"zero": true}}}, "width": 270, "height": 270}, "uid": "id1612819092873_2"}, "label": "pinned", "date": "2021-02-08T21:19:06.696Z"}, "vis3": {"vega": {"vega": {"$schema": "https://vega.github.io/schema/vega-lite/v3.json", "data": {"url": "movies.csv"}, "mark": "bar", "encoding": {"x": {"type": "nominal", "field": "type"}, "y": {"type": "quantitative", "aggregate": "mean", "field": "votes", "scale": {"zero": true}}, "color": {"type": "quantitative", "aggregate": "count", "scale": {"type": "log", "zero": false}}}, "width": 270, "height": 270}, "uid": "id1612819093196_2"}, "label": "pinned", "date": "2021-02-08T21:19:44.943Z"}, "vis4": {"vega": {"vega": {"$schema": "https://vega.github.io/schema/vega-lite/v3.json", "data": {"url": "movies.csv"}, "mark": "point", "encoding": {"x": {"type": "nominal", "field": "type"}, "y": {"type": "quantitative", "field": "rating", "bin": true, "scale": {"zero": true}}, "size": {"type": "quantitative", "aggregate": "count", "scale": {"zero": true}}, "label": 1, "mark_point": 1}, "width": 270, "height": 270}, "uid": "id1612819190927_3"}, "label": "pinned", "date": "2021-02-08T21:20:31.597Z"}, "vis5": {"vega": {"vega": {"$schema": "https://vega.github.io/schema/vega-lite/v3.json", "data": {"url": "movies.csv"}, "mark": "line", "encoding": {"x": {"type": "quantitative", "field": "rating", "bin": true}, "y": {"type": "quantitative", "aggregate": "count", "scale": {"zero": true}}}, "width": 270, "height": 270}, "uid": "id1612819191287_0"}, "label": "pinned", "date": "2021-02-08T21:21:26.711Z"}}, {"systemType": "constraintSolver", "vis1": {"pinned": {"vega": {"$schema": "https://vega.github.io/schema/vega-lite/v3.json", "data": {"url": "movies.csv"}, "mark": "bar", "encoding": {"x": {"type": "ordinal", "field": "genre"}, "y": {"type": "quantitative", "aggregate": "mean", "field": "principals", "scale": {"zero": true}}}, "width": 270, "height": 270}, "uid": "id1612824558883_0"}, "label": "pinned", "date": "2021-02-08T22:49:21.361Z"}, "vis2": {"pinned": {"vega": {"$schema": "https://vega.github.io/schema/vega-lite/v3.json", "data": {"url": "movies.csv"}, "mark": "point", "encoding": {"size": {"type": "quantitative", "aggregate": "count", "scale": {"zero": true}}, "y": {"type": "ordinal", "field": "genre"}, "x": {"type": "quantitative", "field": "rating", "bin": true}}, "width": 270, "height": 270}, "uid": "id1612824788911_0"}, "label": "pinned", "date": "2021-02-08T22:53:54.903Z"}, "vis3": {"pinned": {"vega": {"$schema": "https://vega.github.io/schema/vega-lite/v3.json", "data": {"url": "movies.csv"}, "mark": "bar", "encoding": {"x": {"type": "ordinal", "field": "type"}, "y": {"type": "quantitative", "aggregate": "mean", "field": "minutes", "scale": {"zero": true}}}, "width": 270, "height": 270}, "uid": "id1612824951806_0"}, "label": "pinned", "date": "2021-02-08T22:56:37.090Z"}, "vis4": {"pinned": {"vega": {"$schema": "https://vega.github.io/schema/vega-lite/v3.json", "data": {"url": "movies.csv"}, "mark": "bar", "encoding": {"y": {"type": "nominal", "field": "type"}, "x": {"type": "quantitative", "aggregate": "median", "field": "rating", "scale": {"zero": true}}}, "width": 270, "height": 270}, "uid": "id1612825206370_0"}, "label": "pinned", "date": "2021-02-08T23:00:33.761Z"}, "vis5": {"pinned": {"vega": {"$schema": "https://vega.github.io/schema/vega-lite/v3.json", "data": {"url": "movies.csv"}, "mark": "bar", "encoding": {"x": {"type": "ordinal", "field": "genre"}, "y": {"type": "quantitative", "aggregate": "count", "scale": {"zero": true}}}, "width": 270, "height": 270}, "uid": "id1612825270956_0"}, "label": "pinned", "date": "2021-02-08T23:01:45.104Z"}}, {"systemType": "constraintSolver", "vis1": {"pinned": {"vega": {"$schema": "https://vega.github.io/schema/vega-lite/v3.json", "data": {"url": "movies.csv"}, "mark": "tick", "encoding": {"x": {"type": "ordinal", "field": "genre"}, "y": {"type": "quantitative", "field": "minutes", "scale": {"type": "log", "zero": false}}}, "width": 270, "height": 270}, "uid": "id1612901528588_3"}, "label": "pinned", "date": "2021-02-09T20:12:25.569Z"}, "vis2": {"pinned": {"vega": {"$schema": "https://vega.github.io/schema/vega-lite/v3.json", "data": {"url": "movies.csv"}, "mark": "bar", "encoding": {"x": {"type": "ordinal", "field": "genre"}, "y": {"type": "quantitative", "aggregate": "mean", "field": "votes", "scale": {"zero": true}}}, "width": 270, "height": 270}, "uid": "id1612901572841_0"}, "label": "pinned", "date": "2021-02-09T20:13:38.137Z"}, "vis3": {"pinned": {"vega": {"$schema": "https://vega.github.io/schema/vega-lite/v3.json", "data": {"url": "movies.csv"}, "mark": "bar", "encoding": {"x": {"type": "ordinal", "field": "genre"}, "y": {"type": "quantitative", "aggregate": "mean", "field": "rating", "scale": {"zero": true}}}, "width": 270, "height": 270}, "uid": "id1612901666687_0"}, "label": "pinned", "date": "2021-02-09T20:14:50.136Z"}, "vis4": {"pinned": {"vega": {"$schema": "https://vega.github.io/schema/vega-lite/v3.json", "data": {"url": "movies.csv"}, "mark": "rect", "encoding": {"color": {"type": "quantitative", "aggregate": "count", "scale": {"zero": true}}, "x": {"type": "quantitative", "field": "minutes", "bin": true}, "y": {"type": "quantitative", "field": "rating", "bin": true}}, "width": 270, "height": 270}, "uid": "id1612901893521_0"}, "label": "pinned", "date": "2021-02-09T20:18:27.105Z"}, "vis5": {"pinned": {"vega": {"$schema": "https://vega.github.io/schema/vega-lite/v3.json", "data": {"url": "movies.csv"}, "mark": "rect", "encoding": {"y": {"type": "ordinal", "field": "genre"}, "x": {"type": "quantitative", "field": "minutes", "bin": true}, "color": {"type": "quantitative", "aggregate": "mean", "field": "rating", "scale": {"zero": true}}}, "width": 270, "height": 270}, "uid": "id1612901918155_0"}, "label": "pinned", "date": "2021-02-09T20:19:36.528Z"}}, {"systemType": "constraintSolver", "vis1": {"pinned": {"vega": {"$schema": "https://vega.github.io/schema/vega-lite/v3.json", "data": {"url": "movies.csv"}, "mark": "point", "encoding": {"y": {"type": "ordinal", "field": "principals"}, "size": {"type": "quantitative", "aggregate": "count", "scale": {"zero": true}}, "x": {"type": "ordinal", "field": "type"}}, "width": 270, "height": 270}, "uid": "id1612905131779_1"}, "label": "pinned", "date": "2021-02-09T21:14:11.414Z"}, "vis2": {"pinned": {"vega": {"$schema": "https://vega.github.io/schema/vega-lite/v3.json", "data": {"url": "movies.csv"}, "mark": "point", "encoding": {"size": {"type": "quantitative", "aggregate": "count", "scale": {"zero": true}}, "x": {"type": "ordinal", "field": "genre"}, "y": {"type": "ordinal", "field": "principals"}}, "width": 270, "height": 270}, "uid": "id1612905266125_0"}, "label": "pinned", "date": "2021-02-09T21:15:24.260Z"}, "vis3": {"pinned": {"vega": {"$schema": "https://vega.github.io/schema/vega-lite/v3.json", "data": {"url": "movies.csv"}, "mark": "line", "encoding": {"x": {"type": "ordinal", "field": "genre"}, "y": {"type": "quantitative", "aggregate": "sum", "field": "votes", "scale": {"zero": true}}}, "width": 270, "height": 270}, "uid": "id1612905919601_0"}, "label": "pinned", "date": "2021-02-09T21:25:51.063Z"}, "vis4": {"pinned": {"vega": {"$schema": "https://vega.github.io/schema/vega-lite/v3.json", "data": {"url": "movies.csv"}, "mark": "point", "encoding": {"x": {"type": "quantitative", "field": "minutes", "scale": {"zero": true}}, "y": {"type": "quantitative", "field": "rating", "scale": {"zero": true}}}, "width": 270, "height": 270}, "uid": "id1612906311387_0"}, "label": "pinned", "date": "2021-02-09T21:32:07.901Z"}, "vis5": {"pinned": {"vega": {"$schema": "https://vega.github.io/schema/vega-lite/v3.json", "data": {"url": "movies.csv"}, "mark": "rect", "encoding": {"color": {"type": "quantitative", "aggregate": "count", "scale": {"zero": true}}, "y": {"type": "ordinal", "field": "genre"}, "x": {"type": "quantitative", "field": "minutes", "bin": true, "scale": {"zero": true}}}, "width": 270, "height": 270}, "uid": "id1612906562306_1"}, "label": "pinned", "date": "2021-02-09T21:37:49.922Z"}}, {"systemType": "constraintLearner", "vis1": {"vega": {"vega": {"$schema": "https://vega.github.io/schema/vega-lite/v3.json", "data": {"url": "movies.csv"}, "mark": "rect", "encoding": {"x": {"type": "quantitative", "field": "rating", "bin": true}, "y": {"type": "quantitative", "field": "minutes", "bin": true}, "color": {"type": "quantitative", "aggregate": "count", "scale": {"zero": true}}, "label": 1, "mark_rect": 1}, "width": 270, "height": 270}, "uid": "id1613076130070_0"}, "label": "pinned", "date": "2021-02-11T20:46:19.146Z"}, "vis2": {"vega": {"vega": {"$schema": "https://vega.github.io/schema/vega-lite/v3.json", "data": {"url": "movies.csv"}, "mark": "area", "encoding": {"y": {"type": "quantitative", "field": "rating", "bin": true}, "x": {"type": "quantitative", "aggregate": "count", "scale": {"zero": true}}, "color": {"type": "quantitative", "aggregate": "mean", "field": "principals", "scale": {"zero": true}}, "label": 1, "mark_area": 1}, "width": 270, "height": 270}, "uid": "id1613076723385_3"}, "label": "pinned", "date": "2021-02-11T20:52:57.637Z"}, "vis3": {"vega": {"vega": {"$schema": "https://vega.github.io/schema/vega-lite/v3.json", "data": {"url": "movies.csv"}, "mark": "point", "encoding": {"color": {"type": "nominal", "field": "type"}, "x": {"type": "quantitative", "aggregate": "mean", "field": "minutes", "scale": {"zero": true}}, "y": {"type": "quantitative", "aggregate": "count", "scale": {"zero": true}}, "label": 1, "mark_point": 1}, "width": 270, "height": 270}, "uid": "id1613076799163_2"}, "label": "pinned", "date": "2021-02-11T20:55:22.966Z"}, "vis4": {"vega": {"vega": {"$schema": "https://vega.github.io/schema/vega-lite/v3.json", "data": {"url": "movies.csv"}, "mark": "bar", "encoding": {"x": {"type": "quantitative", "field": "rating", "bin": true}, "y": {"type": "quantitative", "aggregate": "count", "scale": {"zero": true}}, "color": {"type": "quantitative", "aggregate": "mean", "field": "minutes", "scale": {"zero": true}}, "label": 1, "mark_bar": 1}, "width": 270, "height": 270}, "uid": "id1613076965202_0"}, "label": "pinned", "date": "2021-02-11T20:56:53.893Z"}, "vis5": {"vega": {"vega": {"$schema": "https://vega.github.io/schema/vega-lite/v3.json", "data": {"url": "movies.csv"}, "mark": "point", "encoding": {"x": {"type": "nominal", "field": "type"}, "y": {"type": "quantitative", "field": "minutes", "bin": true, "scale": {"zero": true}}, "size": {"type": "quantitative", "aggregate": "count", "scale": {"zero": true}}}, "width": 270, "height": 270}, "uid": "id1613077027471_1"}, "label": "pinned", "date": "2021-02-11T20:58:55.301Z"}}, {"systemType": "constraintSolver", "vis1": {"pinned": {"vega": {"$schema": "https://vega.github.io/schema/vega-lite/v3.json", "data": {"url": "movies.csv"}, "mark": "point", "encoding": {"x": {"type": "ordinal", "field": "type"}, "y": {"type": "quantitative", "aggregate": "sum", "field": "votes", "scale": {"zero": true}}, "size": {"type": "quantitative", "aggregate": "mean", "field": "rating", "scale": {"zero": true}}}, "width": 270, "height": 270}, "uid": "id1613510032473_0"}, "label": "pinned", "date": "2021-02-16T21:14:43.578Z"}, "vis2": {"pinned": {"vega": {"$schema": "https://vega.github.io/schema/vega-lite/v3.json", "data": {"url": "movies.csv"}, "mark": "point", "encoding": {"x": {"type": "nominal", "field": "type"}, "y": {"type": "ordinal", "field": "genre"}, "size": {"type": "quantitative", "aggregate": "mean", "field": "minutes", "scale": {"zero": true}}}, "width": 270, "height": 270}, "uid": "id1613510218376_0"}, "label": "pinned", "date": "2021-02-16T21:18:12.862Z"}, "vis3": {"pinned": {"vega": {"$schema": "https://vega.github.io/schema/vega-lite/v3.json", "data": {"url": "movies.csv"}, "mark": "bar", "encoding": {"y": {"type": "ordinal", "field": "genre"}, "x": {"type": "quantitative", "aggregate": "sum", "field": "votes", "scale": {"zero": true}}}, "width": 270, "height": 270}, "uid": "id1613510463446_1"}, "label": "pinned", "date": "2021-02-16T21:21:25.431Z"}, "vis4": {"pinned": {"vega": {"$schema": "https://vega.github.io/schema/vega-lite/v3.json", "data": {"url": "movies.csv"}, "mark": "rect", "encoding": {"color": {"type": "quantitative", "aggregate": "count", "scale": {"zero": true}}, "x": {"type": "ordinal", "field": "genre"}, "y": {"type": "ordinal", "field": "type"}}, "width": 270, "height": 270}, "uid": "id1613510840890_0"}, "label": "pinned", "date": "2021-02-16T21:27:51.302Z"}, "vis5": {"pinned": {"vega": {"$schema": "https://vega.github.io/schema/vega-lite/v3.json", "data": {"url": "movies.csv"}, "mark": "bar", "encoding": {"x": {"type": "ordinal", "field": "genre"}, "y": {"type": "quantitative", "aggregate": "mean", "field": "principals", "scale": {"zero": true}}, "color": {"type": "quantitative", "aggregate": "mean", "field": "principals", "scale": {"zero": false}}}, "width": 270, "height": 270}, "uid": "id1613511082424_1"}, "label": "pinned", "date": "2021-02-16T21:32:28.317Z"}}, {"systemType": "constraintLearner", "vis1": {"vega": {"vega": {"$schema": "https://vega.github.io/schema/vega-lite/v3.json", "data": {"url": "movies.csv"}, "mark": "bar", "encoding": {"color": {"type": "nominal", "field": "type"}, "x": {"type": "quantitative", "field": "minutes", "bin": true}, "y": {"type": "quantitative", "aggregate": "count", "stack": "zero", "scale": {"zero": true}}, "label": 1, "mark_bar": 1}, "width": 270, "height": 270}, "uid": "id1613515397037_2"}, "label": "pinned", "date": "2021-02-16T22:45:15.830Z"}, "vis2": {"vega": {"vega": {"$schema": "https://vega.github.io/schema/vega-lite/v3.json", "data": {"url": "movies.csv"}, "mark": "line", "encoding": {"x": {"type": "quantitative", "field": "votes", "scale": {"zero": true}}, "y": {"type": "quantitative", "field": "minutes", "scale": {"zero": true}}, "color": {"type": "quantitative", "field": "principals", "scale": {"zero": true}}}, "width": 270, "height": 270}, "uid": "id1613515397669_0"}, "label": "pinned", "date": "2021-02-16T22:47:42.100Z"}, "vis3": {"vega": {"vega": {"$schema": "https://vega.github.io/schema/vega-lite/v3.json", "data": {"url": "movies.csv"}, "mark": "line", "encoding": {"x": {"type": "quantitative", "field": "minutes", "bin": true}, "y": {"type": "quantitative", "aggregate": "count", "scale": {"zero": true}}, "label": 1, "mark_line": 1}, "width": 270, "height": 270}, "uid": "id1613516095654_3"}, "label": "pinned", "date": "2021-02-16T22:55:20.843Z"}, "vis4": {"vega": {"vega": {"$schema": "https://vega.github.io/schema/vega-lite/v3.json", "data": {"url": "movies.csv"}, "mark": "tick", "encoding": {"y": {"type": "nominal", "field": "type"}, "x": {"type": "quantitative", "field": "minutes", "scale": {"zero": true}}, "color": {"type": "quantitative", "field": "principals", "scale": {"zero": true}}}, "width": 270, "height": 270}, "uid": "id1613516135804_0"}, "label": "pinned", "date": "2021-02-16T22:57:01.945Z"}, "vis5": {"vega": {"vega": {"$schema": "https://vega.github.io/schema/vega-lite/v3.json", "data": {"url": "movies.csv"}, "mark": "area", "encoding": {"y": {"type": "nominal", "field": "type"}, "x": {"type": "quantitative", "aggregate": "mean", "field": "rating", "scale": {"zero": true}}}, "width": 270, "height": 270}, "uid": "id1613516136069_2"}, "label": "pinned", "date": "2021-02-16T23:23:27.316Z"}}, {"systemType": "constraintLearner", "vis1": {"vega": {"vega": {"$schema": "https://vega.github.io/schema/vega-lite/v3.json", "data": {"url": "movies.csv"}, "mark": "point", "encoding": {"size": {"type": "quantitative", "aggregate": "count", "scale": {"zero": true}}, "y": {"type": "nominal", "field": "type"}, "x": {"type": "quantitative", "field": "minutes", "bin": true}}, "width": 270, "height": 270}, "uid": "id1613682784165_0"}, "label": "pinned", "date": "2021-02-18T21:15:52.499Z"}, "vis2": {"vega": {"vega": {"$schema": "https://vega.github.io/schema/vega-lite/v3.json", "data": {"url": "movies.csv"}, "mark": "tick", "encoding": {"y": {"type": "quantitative", "field": "rating", "bin": true, "scale": {"zero": true}}, "color": {"type": "quantitative", "field": "principals", "bin": true, "scale": {"zero": true}}, "x": {"type": "quantitative", "aggregate": "count", "scale": {"zero": true}}, "label": 1, "mark_tick": 1}, "width": 270, "height": 270}, "uid": "id1613682962684_3"}, "label": "pinned", "date": "2021-02-18T21:17:24.984Z"}, "vis3": {"vega": {"vega": {"$schema": "https://vega.github.io/schema/vega-lite/v3.json", "data": {"url": "movies.csv"}, "mark": "point", "encoding": {"x": {"type": "quantitative", "field": "rating", "scale": {"zero": true}}, "y": {"type": "quantitative", "field": "rating", "scale": {"zero": true}}, "size": {"type": "quantitative", "field": "votes", "scale": {"zero": true}}, "label": 1, "mark_point": 1}, "width": 270, "height": 270}, "uid": "id1613683119654_0"}, "label": "pinned", "date": "2021-02-18T21:19:26.896Z"}, "vis4": {"vega": {"vega": {"$schema": "https://vega.github.io/schema/vega-lite/v3.json", "data": {"url": "movies.csv"}, "mark": "area", "encoding": {"y": {"type": "quantitative", "field": "rating", "bin": true}, "x": {"type": "quantitative", "aggregate": "count", "scale": {"zero": true}}, "color": {"type": "quantitative", "aggregate": "mean", "field": "principals", "scale": {"zero": true}}, "label": -1, "mark_area": 1}, "width": 270, "height": 270}, "uid": "id1613683119957_3"}, "label": "pinned", "date": "2021-02-18T21:21:15.417Z"}, "vis5": {"vega": {"vega": {"$schema": "https://vega.github.io/schema/vega-lite/v3.json", "data": {"url": "movies.csv"}, "mark": "point", "encoding": {"x": {"type": "quantitative", "field": "rating", "scale": {"zero": true}}, "y": {"type": "quantitative", "field": "principals", "scale": {"zero": false}}, "size": {"type": "quantitative", "field": "minutes", "scale": {"zero": true}}, "label": 1, "mark_point": 1}, "width": 270, "height": 270}, "uid": "id1613683308785_2"}, "label": "pinned", "date": "2021-02-18T21:22:13.823Z"}}, {"systemType": "constraintSolver", "vis1": {"pinned": {"vega": {"$schema": "https://vega.github.io/schema/vega-lite/v3.json", "data": {"url": "movies.csv"}, "mark": "line", "encoding": {"y": {"type": "ordinal", "field": "genre"}, "x": {"type": "quantitative", "aggregate": "mean", "field": "rating", "scale": {"zero": false}}}, "width": 270, "height": 270}, "uid": "id1614265994855_1"}, "label": "pinned", "date": "2021-02-25T15:13:37.732Z"}, "vis2": {"pinned": {"vega": {"$schema": "https://vega.github.io/schema/vega-lite/v3.json", "data": {"url": "movies.csv"}, "mark": "bar", "encoding": {"y": {"type": "ordinal", "field": "genre"}, "x": {"type": "quantitative", "aggregate": "mean", "field": "minutes", "scale": {"zero": true}}, "color": {"type": "quantitative", "aggregate": "mean", "field": "rating", "scale": {"zero": false}}}, "width": 270, "height": 270}, "uid": "id1614266456761_2"}, "label": "pinned", "date": "2021-02-25T15:21:48.414Z"}, "vis3": {"pinned": {"vega": {"$schema": "https://vega.github.io/schema/vega-lite/v3.json", "data": {"url": "movies.csv"}, "mark": "bar", "encoding": {"y": {"type": "ordinal", "field": "type"}, "x": {"type": "quantitative", "aggregate": "mean", "field": "minutes", "scale": {"zero": true}}, "color": {"type": "quantitative", "aggregate": "mean", "field": "rating", "scale": {"zero": false}}}, "width": 270, "height": 270}, "uid": "id1614266536247_2"}, "label": "pinned", "date": "2021-02-25T15:23:19.793Z"}, "vis4": {"pinned": {"vega": {"$schema": "https://vega.github.io/schema/vega-lite/v3.json", "data": {"url": "movies.csv"}, "mark": "rect", "encoding": {"x": {"type": "ordinal", "field": "principals"}, "y": {"type": "ordinal", "field": "type"}, "color": {"type": "quantitative", "aggregate": "mean", "field": "rating", "scale": {"zero": false}}}, "width": 270, "height": 270}, "uid": "id1614266705488_1"}, "label": "pinned", "date": "2021-02-25T15:25:54.295Z"}, "vis5": {"pinned": {"vega": {"$schema": "https://vega.github.io/schema/vega-lite/v3.json", "data": {"url": "movies.csv"}, "mark": "rect", "encoding": {"x": {"type": "ordinal", "field": "type"}, "y": {"type": "ordinal", "field": "genre"}, "color": {"type": "quantitative", "aggregate": "mean", "field": "rating", "scale": {"zero": true}}}, "width": 270, "height": 270}, "uid": "id1614266892894_2"}, "label": "pinned", "date": "2021-02-25T15:29:17.728Z"}}, {"systemType": "constraintLearner", "vis1": {"vega": {"vega": {"$schema": "https://vega.github.io/schema/vega-lite/v3.json", "data": {"url": "movies.csv"}, "mark": "area", "encoding": {"x": {"type": "nominal", "field": "type"}, "y": {"type": "quantitative", "aggregate": "mean", "field": "minutes", "scale": {"zero": true}}, "label": 1, "mark_area": 1}, "width": 270, "height": 270}, "uid": "id1614284777570_2"}, "label": "pinned", "date": "2021-02-25T20:27:31.762Z"}, "vis2": {"vega": {"vega": {"$schema": "https://vega.github.io/schema/vega-lite/v3.json", "data": {"url": "movies.csv"}, "mark": "area", "encoding": {"color": {"type": "quantitative", "aggregate": "count", "scale": {"zero": false}}, "x": {"type": "nominal", "field": "type"}, "y": {"type": "quantitative", "aggregate": "mean", "field": "rating", "scale": {"zero": true}}, "label": 1, "mark_area": 1}, "width": 270, "height": 270}, "uid": "id1614284872408_2"}, "label": "pinned", "date": "2021-02-25T20:28:54.795Z"}, "vis3": {"vega": {"vega": {"$schema": "https://vega.github.io/schema/vega-lite/v3.json", "data": {"url": "movies.csv"}, "mark": "area", "encoding": {"x": {"type": "nominal", "field": "type"}, "y": {"type": "quantitative", "aggregate": "count", "scale": {"zero": true}}, "label": 1, "mark_area": 1}, "width": 270, "height": 270}, "uid": "id1614285334215_0"}, "label": "pinned", "date": "2021-02-25T20:35:54.387Z"}, "vis4": {"vega": {"vega": {"$schema": "https://vega.github.io/schema/vega-lite/v3.json", "data": {"url": "movies.csv"}, "mark": "point", "encoding": {"color": {"type": "nominal", "field": "type"}, "x": {"type": "quantitative", "aggregate": "mean", "field": "minutes", "scale": {"zero": true}}, "y": {"type": "quantitative", "aggregate": "count", "scale": {"zero": true}}, "label": -1, "mark_point": 1}, "width": 270, "height": 270}, "uid": "id1614285853643_0"}, "label": "pinned", "date": "2021-02-25T20:44:35.055Z"}, "vis5": {"vega": {"vega": {"$schema": "https://vega.github.io/schema/vega-lite/v3.json", "data": {"url": "movies.csv"}, "mark": "area", "encoding": {"color": {"type": "nominal", "field": "type"}, "x": {"type": "quantitative", "aggregate": "mean", "field": "minutes", "scale": {"zero": true}}, "y": {"type": "quantitative", "aggregate": "count", "stack": "zero", "scale": {"zero": true}}}, "width": 270, "height": 270}, "uid": "id1614286130849_0"}, "label": "pinned", "date": "2021-02-25T20:49:08.546Z"}}, {"systemType": "constraintLearner", "vis1": {"vega": {"vega": {"$schema": "https://vega.github.io/schema/vega-lite/v3.json", "data": {"url": "movies.csv"}, "mark": "area", "encoding": {"color": {"type": "nominal", "field": "type"}, "x": {"type": "quantitative", "aggregate": "mean", "field": "minutes", "scale": {"zero": true}}, "y": {"type": "quantitative", "aggregate": "count", "stack": "zero", "scale": {"zero": true}}, "label": 1, "mark_area": 1}, "width": 270, "height": 270}, "uid": "id1614435521178_0"}, "label": "pinned", "date": "2021-02-27T14:18:55.113Z"}, "vis2": {"vega": {"vega": {"$schema": "https://vega.github.io/schema/vega-lite/v3.json", "data": {"url": "movies.csv"}, "mark": "rect", "encoding": {"x": {"type": "quantitative", "field": "rating", "bin": true}, "y": {"type": "quantitative", "field": "minutes", "bin": true}, "color": {"type": "quantitative", "aggregate": "count", "scale": {"zero": true}}}, "width": 270, "height": 270}, "uid": "id1614435683012_0"}, "label": "pinned", "date": "2021-02-27T14:21:33.504Z"}, "vis3": {"vega": {"vega": {"$schema": "https://vega.github.io/schema/vega-lite/v3.json", "data": {"url": "movies.csv"}, "mark": "point", "encoding": {"color": {"type": "nominal", "field": "type"}, "x": {"type": "quantitative", "aggregate": "mean", "field": "principals", "scale": {"zero": true}}, "y": {"type": "quantitative", "aggregate": "count", "scale": {"zero": true}}}, "width": 270, "height": 270}, "uid": "id1614435870166_0"}, "label": "pinned", "date": "2021-02-27T14:24:35.873Z"}, "vis4": {"vega": {"vega": {"$schema": "https://vega.github.io/schema/vega-lite/v3.json", "data": {"url": "movies.csv"}, "mark": "area", "encoding": {"y": {"type": "quantitative", "field": "votes", "bin": true, "scale": {"zero": true}}, "x": {"type": "quantitative", "aggregate": "count", "scale": {"zero": true}}, "color": {"type": "quantitative", "aggregate": "mean", "field": "principals", "scale": {"zero": true}}}, "width": 270, "height": 270}, "uid": "id1614435868785_1"}, "label": "pinned", "date": "2021-02-27T14:24:43.959Z"}, "vis5": {"vega": {"vega": {"$schema": "https://vega.github.io/schema/vega-lite/v3.json", "data": {"url": "movies.csv"}, "mark": "bar", "encoding": {"color": {"type": "nominal", "field": "type"}, "x": {"type": "quantitative", "field": "rating", "bin": true}, "y": {"type": "quantitative", "aggregate": "count", "stack": "zero", "scale": {"zero": true}}}, "width": 270, "height": 270}, "uid": "id1614435916112_0"}, "label": "pinned", "date": "2021-02-27T14:25:26.772Z"}}, {"systemType": "granularLearner", "vis1": {"vega": {"vega": {"$schema": "https://vega.github.io/schema/vega-lite/v3.json", "data": {"url": "movies.csv"}, "mark": "tick", "encoding": {"y": {"type": "nominal", "field": "type"}, "x": {"type": "quantitative", "field": "rating", "scale": {"zero": true}}, "color": {"type": "quantitative", "field": "principals", "scale": {"zero": true}}}, "width": 270, "height": 270}, "uid": "id1632759757877_3"}, "label": "pinned", "date": "2021-09-27T16:23:55.491Z"}, "vis2": {"vega": {"vega": {"$schema": "https://vega.github.io/schema/vega-lite/v3.json", "data": {"url": "movies.csv"}, "mark": "bar", "encoding": {"color": {"type": "nominal", "field": "type"}, "x": {"type": "quantitative", "field": "minutes", "bin": true}, "y": {"type": "quantitative", "aggregate": "count", "stack": "zero", "scale": {"zero": true}}}, "width": 270, "height": 270}, "uid": "id1632760251564_3"}, "label": "pinned", "date": "2021-09-27T16:36:05.803Z"}, "vis3": {"vega": {"vega": {"$schema": "https://vega.github.io/schema/vega-lite/v3.json", "data": {"url": "movies.csv"}, "mark": "point", "encoding": {"x": {"type": "quantitative", "field": "rating", "scale": {"zero": true}}, "y": {"type": "quantitative", "field": "principals", "scale": {"zero": true}}, "size": {"type": "quantitative", "field": "minutes", "scale": {"zero": true}}}, "width": 270, "height": 270}, "uid": "id1632760573810_3"}, "label": "pinned", "date": "2021-09-27T16:37:38.034Z"}, "vis4": {"vega": {"vega": {"$schema": "https://vega.github.io/schema/vega-lite/v3.json", "data": {"url": "movies.csv"}, "mark": "area", "encoding": {"x": {"type": "nominal", "field": "type"}, "y": {"type": "quantitative", "aggregate": "mean", "field": "rating", "scale": {"zero": true}}, "color": {"type": "quantitative", "aggregate": "count", "scale": {"zero": true}}}, "width": 270, "height": 270}, "uid": "id1632760970976_3"}, "label": "pinned", "date": "2021-09-27T16:43:38.275Z"}, "vis5": {"vega": {"vega": {"$schema": "https://vega.github.io/schema/vega-lite/v3.json", "data": {"url": "movies.csv"}, "mark": "point", "encoding": {"x": {"type": "nominal", "field": "type"}, "y": {"type": "quantitative", "field": "minutes", "bin": true}, "size": {"type": "quantitative", "aggregate": "count", "scale": {"zero": true}}}, "width": 270, "height": 270}, "uid": "id1632760971251_0"}, "label": "pinned", "date": "2021-09-27T16:44:56.370Z"}}, {"systemType": "granularLearner", "vis1": {"vega": {"vega": {"$schema": "https://vega.github.io/schema/vega-lite/v3.json", "data": {"url": "movies.csv"}, "mark": "point", "encoding": {"x": {"type": "nominal", "field": "type"}, "y": {"type": "quantitative", "field": "rating", "bin": true}, "size": {"type": "quantitative", "aggregate": "count", "scale": {"zero": true}}}, "width": 270, "height": 270}, "uid": "id1632853307720_2"}, "label": "pinned", "date": "2021-09-28T18:24:12.583Z"}, "vis2": {"vega": {"vega": {"$schema": "https://vega.github.io/schema/vega-lite/v3.json", "data": {"url": "movies.csv"}, "mark": "bar", "encoding": {"y": {"type": "ordinal", "field": "type"}, "x": {"type": "quantitative", "aggregate": "count", "scale": {"zero": true}}, "label": 1}, "width": 270, "height": 270}, "uid": "id1632853959935_3"}, "label": "pinned", "date": "2021-09-28T18:33:20.499Z"}, "vis3": {"vega": {"vega": {"$schema": "https://vega.github.io/schema/vega-lite/v3.json", "data": {"url": "movies.csv"}, "mark": "bar", "encoding": {"y": {"type": "quantitative", "aggregate": "count", "scale": {"zero": true}}}, "width": 270, "height": 270}, "uid": "id1632854056092_1"}, "label": "pinned", "date": "2021-09-28T18:35:15.526Z"}, "vis4": {"vega": {"vega": {"$schema": "https://vega.github.io/schema/vega-lite/v3.json", "data": {"url": "movies.csv"}, "mark": "rect", "encoding": {"x": {"type": "quantitative", "field": "votes", "bin": true}, "y": {"type": "nominal", "field": "type"}, "color": {"type": "quantitative", "aggregate": "count", "scale": {"zero": true}}, "label": 1, "mark_rect": 1}, "width": 270, "height": 270}, "uid": "id1632854142012_0"}, "label": "pinned", "date": "2021-09-28T18:38:16.525Z"}, "vis5": {"vega": {"vega": {"$schema": "https://vega.github.io/schema/vega-lite/v3.json", "data": {"url": "movies.csv"}, "mark": "rect", "encoding": {"color": {"type": "quantitative", "aggregate": "count", "scale": {"zero": true}}, "x": {"type": "ordinal", "field": "type"}, "y": {"type": "ordinal", "field": "genre"}}, "width": 270, "height": 270}, "uid": "id1632854352423_3"}, "label": "pinned", "date": "2021-09-28T18:41:14.822Z"}}, {"systemType": "granularLearner", "vis1": {"vega": {"vega": {"$schema": "https://vega.github.io/schema/vega-lite/v3.json", "data": {"url": "movies.csv"}, "mark": "bar", "encoding": {"y": {"type": "quantitative", "aggregate": "count", "scale": {"zero": true}}, "x": {"type": "nominal", "field": "type"}, "label": 1, "mark_bar": 1}, "width": 270, "height": 270}, "uid": "id1632860078036_1"}, "label": "pinned", "date": "2021-09-28T20:16:17.790Z"}, "vis2": {"vega": {"vega": {"$schema": "https://vega.github.io/schema/vega-lite/v3.json", "data": {"url": "movies.csv"}, "mark": "tick", "encoding": {"y": {"type": "quantitative", "field": "minutes", "scale": {"zero": true}}, "x": {"type": "nominal", "field": "type"}, "label": 1, "mark_tick": 1}, "width": 270, "height": 270}, "uid": "id1632860263037_2"}, "label": "pinned", "date": "2021-09-28T20:18:53.950Z"}, "vis3": {"vega": {"vega": {"$schema": "https://vega.github.io/schema/vega-lite/v3.json", "data": {"url": "movies.csv"}, "mark": "rect", "encoding": {"color": {"type": "quantitative", "aggregate": "count", "scale": {"zero": true}}, "y": {"type": "nominal", "field": "type"}, "x": {"type": "quantitative", "field": "rating", "bin": true, "scale": {"zero": true}}, "label": 1, "mark_rect": 1}, "width": 270, "height": 270}, "uid": "id1632860262496_1"}, "label": "pinned", "date": "2021-09-28T20:21:58.268Z"}, "vis4": {"vega": {"vega": {"$schema": "https://vega.github.io/schema/vega-lite/v3.json", "data": {"url": "movies.csv"}, "mark": "tick", "encoding": {"y": {"type": "quantitative", "field": "rating", "bin": true}, "color": {"type": "quantitative", "field": "principals", "bin": true}, "x": {"type": "quantitative", "aggregate": "count", "scale": {"zero": true}}, "label": 1, "mark_tick": 1}, "width": 270, "height": 270}, "uid": "id1632860261906_0"}, "label": "pinned", "date": "2021-09-28T20:24:10.424Z"}, "vis5": {"vega": {"vega": {"$schema": "https://vega.github.io/schema/vega-lite/v3.json", "data": {"url": "movies.csv"}, "mark": "tick", "encoding": {"y": {"type": "nominal", "field": "type"}, "x": {"type": "quantitative", "field": "votes", "scale": {"zero": true}}}, "width": 270, "height": 270}, "uid": "id1632860665553_2"}, "label": "pinned", "date": "2021-09-28T20:26:17.654Z"}}, {"systemType": "granularLearner", "vis1": {"vega": {"vega": {"$schema": "https://vega.github.io/schema/vega-lite/v3.json", "data": {"url": "movies.csv"}, "mark": "rect", "encoding": {"y": {"type": "nominal", "field": "type"}, "x": {"type": "quantitative", "field": "minutes", "bin": true, "scale": {"zero": true}}, "color": {"type": "quantitative", "aggregate": "count", "scale": {"zero": true}}}, "width": 270, "height": 270}, "uid": "id1633711486621_2"}, "label": "pinned", "date": "2021-10-08T17:06:18.614Z"}, "vis2": {"vega": {"vega": {"$schema": "https://vega.github.io/schema/vega-lite/v3.json", "data": {"url": "movies.csv"}, "mark": "point", "encoding": {"color": {"type": "nominal", "field": "type"}, "x": {"type": "quantitative", "aggregate": "mean", "field": "minutes", "scale": {"zero": true}}, "y": {"type": "quantitative", "aggregate": "count", "scale": {"zero": true}}}, "width": 270, "height": 270}, "uid": "id1633711487699_3"}, "label": "pinned", "date": "2021-10-08T17:10:38.806Z"}, "vis3": {"vega": {"vega": {"$schema": "https://vega.github.io/schema/vega-lite/v3.json", "data": {"url": "movies.csv"}, "mark": "bar", "encoding": {"y": {"type": "nominal", "field": "type"}, "x": {"type": "quantitative", "aggregate": "mean", "field": "rating", "scale": {"zero": true}}, "color": {"type": "quantitative", "aggregate": "count", "scale": {"zero": true}}}, "width": 270, "height": 270}, "uid": "id1633713149217_1"}, "label": "pinned", "date": "2021-10-08T17:18:50.819Z"}, "vis4": {"vega": {"vega": {"$schema": "https://vega.github.io/schema/vega-lite/v3.json", "data": {"url": "movies.csv"}, "mark": "point", "encoding": {"color": {"type": "nominal", "field": "type"}, "x": {"type": "quantitative", "aggregate": "mean", "field": "principals", "scale": {"zero": false}}, "y": {"type": "quantitative", "aggregate": "count", "scale": {"zero": true}}}, "width": 270, "height": 270}, "uid": "id1633713682764_2"}, "label": "pinned", "date": "2021-10-08T17:24:57.015Z"}, "vis5": {"vega": {"vega": {"$schema": "https://vega.github.io/schema/vega-lite/v3.json", "data": {"url": "movies.csv"}, "mark": "bar", "encoding": {"color": {"type": "nominal", "field": "type"}, "x": {"type": "quantitative", "field": "rating", "bin": true}, "y": {"type": "quantitative", "aggregate": "count", "stack": "zero", "scale": {"zero": true}}}, "width": 270, "height": 270}, "uid": "id1633714182220_1"}, "label": "pinned", "date": "2021-10-08T17:33:22.842Z"}}, {"systemType": "granularLearner", "vis1": {"vega": {"vega": {"$schema": "https://vega.github.io/schema/vega-lite/v3.json", "data": {"url": "movies.csv"}, "mark": "point", "encoding": {"x": {"type": "nominal", "field": "type"}, "y": {"type": "quantitative", "field": "votes", "bin": true}, "color": {"type": "quantitative", "aggregate": "count", "scale": {"zero": true}}}, "width": 270, "height": 270}, "uid": "id1633716692299_3"}, "label": "pinned", "date": "2021-10-08T18:20:17.772Z"}, "vis2": {"vega": {"vega": {"$schema": "https://vega.github.io/schema/vega-lite/v3.json", "data": {"url": "movies.csv"}, "mark": "rect", "encoding": {"row": {"type": "nominal", "field": "type"}, "color": {"type": "nominal", "field": "type"}, "x": {"type": "quantitative", "field": "rating", "bin": true, "scale": {"zero": true}}, "y": {"type": "quantitative", "field": "rating", "bin": true, "scale": {"zero": true}}}, "width": 270, "height": 270}, "uid": "id1633717554237_2"}, "label": "pinned", "date": "2021-10-08T18:32:28.262Z"}, "vis3": {"vega": {"vega": {"$schema": "https://vega.github.io/schema/vega-lite/v3.json", "data": {"url": "movies.csv"}, "mark": "point", "encoding": {"x": {"type": "nominal", "field": "type"}, "y": {"type": "quantitative", "field": "rating", "bin": true}, "size": {"type": "quantitative", "aggregate": "count", "scale": {"zero": true}}}, "width": 270, "height": 270}, "uid": "id1633718175787_2"}, "label": "pinned", "date": "2021-10-08T18:37:43.968Z"}, "vis4": {"vega": {"vega": {"$schema": "https://vega.github.io/schema/vega-lite/v3.json", "data": {"url": "movies.csv"}, "mark": "rect", "encoding": {"color": {"type": "quantitative", "aggregate": "count", "scale": {"zero": true}}, "x": {"type": "quantitative", "field": "minutes", "bin": true}, "y": {"type": "quantitative", "field": "votes", "bin": true, "scale": {"zero": true}}}, "width": 270, "height": 270}, "uid": "id1633718480274_1"}, "label": "pinned", "date": "2021-10-08T18:43:26.865Z"}, "vis5": {"vega": {"vega": {"$schema": "https://vega.github.io/schema/vega-lite/v3.json", "data": {"url": "movies.csv"}, "mark": "rect", "encoding": {"y": {"type": "ordinal", "field": "principals"}, "x": {"type": "ordinal", "field": "type"}, "color": {"type": "quantitative", "aggregate": "count", "scale": {"zero": true}}}, "width": 270, "height": 270}, "uid": "id1633718480790_2"}, "label": "pinned", "date": "2021-10-08T18:44:03.067Z"}}, {"systemType": "granularLearner", "vis1": {"vega": {"vega": {"$schema": "https://vega.github.io/schema/vega-lite/v3.json", "data": {"url": "movies.csv"}, "mark": "bar", "encoding": {"x": {"type": "quantitative", "aggregate": "mean", "field": "rating", "scale": {"zero": true}}, "y": {"type": "ordinal", "field": "type"}, "color": {"type": "quantitative", "aggregate": "count", "scale": {"zero": true}}}, "width": 270, "height": 270}, "uid": "id1634319265066_0"}, "label": "pinned", "date": "2021-10-15T17:35:17.415Z"}, "vis2": {"vega": {"vega": {"$schema": "https://vega.github.io/schema/vega-lite/v3.json", "data": {"url": "movies.csv"}, "mark": "tick", "encoding": {"y": {"type": "quantitative", "field": "rating", "bin": true, "scale": {"zero": true}}, "color": {"type": "quantitative", "field": "principals", "bin": true}, "x": {"type": "quantitative", "aggregate": "count", "scale": {"zero": true}}}, "width": 270, "height": 270}, "uid": "id1634319452703_1"}, "label": "pinned", "date": "2021-10-15T17:39:23.721Z"}, "vis3": {"vega": {"vega": {"$schema": "https://vega.github.io/schema/vega-lite/v3.json", "data": {"url": "movies.csv"}, "mark": "point", "encoding": {"x": {"type": "nominal", "field": "type"}, "y": {"type": "quantitative", "field": "minutes", "bin": true}, "size": {"type": "quantitative", "aggregate": "count", "scale": {"zero": true}}}, "width": 270, "height": 270}, "uid": "id1634319643676_0"}, "label": "pinned", "date": "2021-10-15T17:41:38.437Z"}, "vis4": {"vega": {"vega": {"$schema": "https://vega.github.io/schema/vega-lite/v3.json", "data": {"url": "movies.csv"}, "mark": "tick", "encoding": {"x": {"type": "nominal", "field": "type"}, "y": {"type": "quantitative", "field": "minutes", "scale": {"zero": true}}}, "width": 270, "height": 270}, "uid": "id1634319797807_0"}, "label": "pinned", "date": "2021-10-15T17:43:30.273Z"}, "vis5": {"vega": {"vega": {"$schema": "https://vega.github.io/schema/vega-lite/v3.json", "data": {"url": "movies.csv"}, "mark": "rect", "encoding": {"color": {"type": "quantitative", "aggregate": "count", "scale": {"zero": true}}, "x": {"type": "nominal", "field": "type"}, "y": {"type": "quantitative", "field": "rating", "bin": true}}, "width": 270, "height": 270}, "uid": "id1634319914401_0"}, "label": "pinned", "date": "2021-10-15T17:45:29.900Z"}}]