{"participant": {"age": "25-29", "gender": "M", "tools": "excel", "experience": "3-5"}, "session": [{"constraints": [], "recommendations": [{"vega": {"$schema": "https://vega.github.io/schema/vega-lite/v3.json", "data": {"url": "movies.csv"}, "encoding": {"y": {}, "color": {}, "x": {"scale": {"zero": true}}, "label": -1}, "width": 270, "height": 270}, "uid": "id1633711487447_0"}, {"vega": {"$schema": "https://vega.github.io/schema/vega-lite/v3.json", "data": {"url": "movies.csv"}, "mark": "rect", "encoding": {"y": {"type": "nominal", "field": "type"}, "x": {"type": "quantitative", "field": "minutes", "scale": {"zero": true}}, "color": {"type": "quantitative", "aggregate": "count", "scale": {"zero": true}}, "label": 1, "mark_rect": 1}, "width": 270, "height": 270}, "uid": "id1633711486621_2"}, {"vega": {"$schema": "https://vega.github.io/schema/vega-lite/v3.json", "data": {"url": "movies.csv"}, "mark": "rect", "encoding": {"x": {"type": "nominal"}, "y": {"type": "quantitative", "field": "minutes", "bin": true, "scale": {"zero": true}}, "color": {"type": "quantitative", "aggregate": "count", "scale": {"zero": true}}, "label": 1, "mark_rect": 1}, "width": 270, "height": 270}, "uid": "id1633711487051_2"}, {"vega": {"$schema": "https://vega.github.io/schema/vega-lite/v3.json", "data": {"url": "movies.csv"}, "mark": "point", "encoding": {"color": {"type": "nominal", "field": "type"}, "x": {"type": "quantitative", "field": "minutes", "scale": {"zero": true}}, "y": {"type": "quantitative", "aggregate": "count", "scale": {"zero": true}}, "label": 1, "mark_point": 1}, "width": 270, "height": 270}, "uid": "id1633711487699_3"}], "date": "2021-10-08T16:44:47.699Z", "label": "recommendations"}, {"vega": {"vega": {"$schema": "https://vega.github.io/schema/vega-lite/v3.json", "data": {"url": "movies.csv"}, "mark": "rect", "encoding": {"y": {"type": "nominal", "field": "type"}, "x": {"type": "quantitative", "field": "minutes", "bin": true, "scale": {"zero": true}}, "color": {"type": "quantitative", "aggregate": "count", "scale": {"zero": true}}}, "width": 270, "height": 270}, "uid": "id1633711486621_2"}, "label": "pinned", "date": "2021-10-08T17:06:18.614Z"}, {"vega": {"vega": {"$schema": "https://vega.github.io/schema/vega-lite/v3.json", "data": {"url": "movies.csv"}, "mark": "rect", "encoding": {"x": {"type": "nominal", "field": "type"}, "y": {"type": "quantitative", "field": "minutes", "bin": true, "scale": {"zero": true}}, "color": {"type": "quantitative", "aggregate": "count", "scale": {"zero": true}}}, "width": 270, "height": 270}, "uid": "id1633711487051_2"}, "label": "pinned", "date": "2021-10-08T17:09:05.223Z"}, {"chart": {"vega": {"$schema": "https://vega.github.io/schema/vega-lite/v3.json", "data": {"url": "movies.csv"}, "mark": "rect", "encoding": {"x": {"type": "nominal", "field": "type"}, "y": {"type": "quantitative", "field": "minutes", "bin": true, "scale": {"zero": true}}, "color": {"type": "quantitative", "aggregate": "count", "scale": {"zero": true}}}, "width": 270, "height": 270}, "uid": "id1633711487051_2"}, "label": "unpinned", "date": "2021-10-08T17:09:19.883Z"}, {"vega": {"vega": {"$schema": "https://vega.github.io/schema/vega-lite/v3.json", "data": {"url": "movies.csv"}, "mark": "point", "encoding": {"color": {"type": "nominal", "field": "type"}, "x": {"type": "quantitative", "aggregate": "mean", "field": "minutes", "scale": {"zero": true}}, "y": {"type": "quantitative", "aggregate": "count", "scale": {"zero": true}}}, "width": 270, "height": 270}, "uid": "id1633711487699_3"}, "label": "pinned", "date": "2021-10-08T17:10:38.806Z"}, {"constraints": [["mark_rect", 0.03582089552238806], ["mark_point", 0.023880597014925373], ["y.type_nominal", 0.01791044776119403], ["y.type_quantitative", 0.04626865671641791], ["y.field_minutes", 0.008955223880597015], ["y.field_rating", 0.004477611940298508], ["y.field_type", 0.01791044776119403], ["y.field_votes", 0.008955223880597015], ["color.type_nominal", 0.023880597014925373], ["color.type_quantitative", 0.04029850746268656], ["color.field_principals", 0.004477611940298508], ["color.field_type", 0.023880597014925373], ["x.type_nominal", 0.01791044776119403], ["x.type_quantitative", 0.04626865671641791], ["x.field_minutes", 0.0208955223880597], ["x.field_principals", 0.011940298507462687], ["x.field_votes", 0.008955223880597015], ["color.aggregate_count", 0.03582089552238806], ["y.bin_True", 0.01791044776119403], ["y.aggregate_count", 0.023880597014925373]], "recommendations": [{"vega": {"$schema": "https://vega.github.io/schema/vega-lite/v3.json", "data": {"url": "movies.csv"}, "mark": "point", "encoding": {"color": {"type": "nominal", "field": "type"}, "x": {"type": "quantitative", "field": "minutes", "scale": {"zero": true}}, "y": {"type": "quantitative", "aggregate": "count", "scale": {"zero": true}}, "label": 1, "mark_point": 1}, "width": 270, "height": 270}, "uid": "id1633713148713_2"}, {"vega": {"$schema": "https://vega.github.io/schema/vega-lite/v3.json", "data": {"url": "movies.csv"}, "encoding": {"x": {"scale": {"zero": true}}, "y": {"scale": {"zero": true}}, "color": {"scale": {"zero": true}}, "label": -1}, "width": 270, "height": 270}, "uid": "id1633713148968_3"}, {"vega": {"$schema": "https://vega.github.io/schema/vega-lite/v3.json", "data": {"url": "movies.csv"}, "mark": "bar", "encoding": {"y": {"type": "nominal", "field": "type"}, "x": {"type": "quantitative", "aggregate": "mean", "field": "rating", "scale": {"zero": true}}, "color": {"type": "quantitative", "aggregate": "count", "scale": {"zero": true}}, "label": 1, "mark_bar": 1}, "width": 270, "height": 270}, "uid": "id1633713149217_1"}, {"vega": {"$schema": "https://vega.github.io/schema/vega-lite/v3.json", "data": {"url": "movies.csv"}, "mark": "point", "encoding": {"color": {"type": "nominal", "field": "type"}, "x": {"type": "quantitative", "aggregate": "mean", "field": "principals", "scale": {"zero": true}}, "y": {"type": "quantitative", "aggregate": "count", "scale": {"zero": true}}, "label": 1, "mark_point": 1}, "width": 270, "height": 270}, "uid": "id1633713149510_0"}], "date": "2021-10-08T17:12:29.511Z", "label": "recommendations"}, {"vega": {"vega": {"$schema": "https://vega.github.io/schema/vega-lite/v3.json", "data": {"url": "movies.csv"}, "mark": "bar", "encoding": {"y": {"type": "nominal", "field": "type"}, "x": {"type": "quantitative", "aggregate": "mean", "field": "rating", "scale": {"zero": true}}, "color": {"type": "quantitative", "aggregate": "count", "scale": {"zero": true}}}, "width": 270, "height": 270}, "uid": "id1633713149217_1"}, "label": "pinned", "date": "2021-10-08T17:18:50.819Z"}, {"vega": {"vega": {"$schema": "https://vega.github.io/schema/vega-lite/v3.json", "data": {"url": "movies.csv"}, "mark": "point", "encoding": {"color": {"type": "nominal", "field": "type"}, "x": {"type": "quantitative", "aggregate": "mean", "field": "principals", "scale": {"zero": true}}, "y": {"type": "quantitative", "aggregate": "count", "scale": {"zero": true}}}, "width": 270, "height": 270}, "uid": "id1633713149510_0"}, "label": "pinned", "date": "2021-10-08T17:21:15.208Z"}, {"constraints": [["mark_point", 0.0676190476190476], ["mark_rect", 0.03285714285714286], ["mark_bar", 0.028690476190476186], ["color.type_nominal", 0.0676190476190476], ["color.type_quantitative", 0.06321428571428572], ["color.field_type", 0.0676190476190476], ["x.type_quantitative", 0.10392857142857144], ["x.field_minutes", 0.036666666666666674], ["x.field_principals", 0.048095238095238094], ["x.field_rating", 0.007142857142857143], ["x.field_votes", 0.01], ["y.type_nominal", 0.034523809523809526], ["y.type_quantitative", 0.0751190476190476], ["y.aggregate_count", 0.0676190476190476], ["color.aggregate_count", 0.061428571428571443], ["y.field_type", 0.03428571428571429], ["x.aggregate_mean", 0.05], ["x.aggregate_sum", 0.007142857142857143], ["y.field_minutes", 0.002857142857142857], ["y.field_rating", 0.0017857142857142859], ["y.field_votes", 0.002857142857142857], ["color.field_principals", 0.0017857142857142859], ["x.type_nominal", 0.005714285714285714], ["y.bin_True", 0.005714285714285714], ["mark_area", 0.00011904761904761905], ["x.field", 0.0002380952380952381], ["y.field", 0.0002380952380952381]], "recommendations": [{"vega": {"$schema": "https://vega.github.io/schema/vega-lite/v3.json", "data": {"url": "movies.csv"}, "encoding": {"color": {}, "x": {"scale": {"zero": true}}, "y": {"scale": {"zero": true}}, "label": -1}, "width": 270, "height": 270}, "uid": "id1633713682393_1"}, {"vega": {"$schema": "https://vega.github.io/schema/vega-lite/v3.json", "data": {"url": "movies.csv"}, "mark": "point", "encoding": {"color": {"type": "nominal", "field": "type"}, "x": {"type": "quantitative", "aggregate": "mean", "field": "principals", "scale": {"zero": false}}, "y": {"type": "quantitative", "aggregate": "count", "scale": {"zero": true}}, "label": 1, "mark_point": 1}, "width": 270, "height": 270}, "uid": "id1633713682764_2"}, {"vega": {"$schema": "https://vega.github.io/schema/vega-lite/v3.json", "data": {"url": "movies.csv"}, "mark": "point", "encoding": {"x": {"type": "quantitative", "aggregate": "count", "scale": {"zero": true}}, "y": {"type": "quantitative", "aggregate": "mean", "field": "rating", "scale": {"zero": true}}}, "width": 270, "height": 270}, "uid": "id1633713683182_2"}, {"vega": {"$schema": "https://vega.github.io/schema/vega-lite/v3.json", "data": {"url": "movies.csv"}, "mark": "rect", "encoding": {"x": {"type": "nominal", "field": "type"}, "y": {"type": "quantitative", "field": "minutes", "bin": true, "scale": {"zero": true}}, "color": {"type": "quantitative", "aggregate": "count", "scale": {"zero": true}}, "label": 1, "mark_rect": 1}, "width": 270, "height": 270}, "uid": "id1633713683453_1"}], "date": "2021-10-08T17:21:23.454Z", "label": "recommendations"}, {"vega": {"vega": {"$schema": "https://vega.github.io/schema/vega-lite/v3.json", "data": {"url": "movies.csv"}, "mark": "point", "encoding": {"color": {"type": "nominal", "field": "type"}, "x": {"type": "quantitative", "aggregate": "mean", "field": "principals", "scale": {"zero": false}}, "y": {"type": "quantitative", "aggregate": "count", "scale": {"zero": true}}}, "width": 270, "height": 270}, "uid": "id1633713682764_2"}, "label": "pinned", "date": "2021-10-08T17:24:57.015Z"}, {"chart": {"vega": {"$schema": "https://vega.github.io/schema/vega-lite/v3.json", "data": {"url": "movies.csv"}, "mark": "point", "encoding": {"color": {"type": "nominal", "field": "type"}, "x": {"type": "quantitative", "aggregate": "mean", "field": "principals", "scale": {"zero": true}}, "y": {"type": "quantitative", "aggregate": "count", "scale": {"zero": true}}}, "width": 270, "height": 270}, "uid": "id1633713149510_0"}, "label": "unpinned", "date": "2021-10-08T17:25:12.742Z"}, {"constraints": [["mark_point", 0.09782474226804122], ["mark_rect", 0.04661855670103092], ["color.type_nominal", 0.09681443298969072], ["color.type_quantitative", 0.07598969072164946], ["color.field_type", 0.09681443298969072], ["y.type_quantitative", 0.12699999999999997], ["y.aggregate_count", 0.09681443298969072], ["x.type_nominal", 0.028948453608247427], ["x.type_quantitative", 0.10982474226804124], ["x.aggregate_mean", 0.06804123711340204], ["x.field_principals", 0.0638144329896907], ["x.field_type", 0.024742268041237112], ["y.field_minutes", 0.025731958762886597], ["y.bin_True", 0.026721649484536085], ["color.aggregate_count", 0.0701443298969072], ["mark_bar", 0.02578350515463917], ["x.field_minutes", 0.027804123711340202], ["x.field_rating", 0.006185567010309277], ["x.field_votes", 0.007175257731958763], ["y.type_nominal", 0.03032989690721649], ["y.field_type", 0.026721649484536078], ["x.aggregate_sum", 0.006185567010309277], ["y.field_rating", 0.0007731958762886599], ["y.field_votes", 0.0009896907216494846], ["color.field_principals", 0.0007731958762886599], ["mark_area", 0.0010927835051546392], ["mark_line", 0.0009690721649484536], ["mark_tick", 0.0009690721649484536], ["x.field", 0.006298969072164949], ["y.field", 0.006298969072164949], ["color.field", 0.005072164948453608], ["size.field", 2.0618556701030927e-05], ["size.type_quantitative", 2.0618556701030927e-05]], "recommendations": [{"vega": {"$schema": "https://vega.github.io/schema/vega-lite/v3.json", "data": {"url": "movies.csv"}, "mark": "point", "encoding": {"x": {"type": "quantitative", "aggregate": "mean", "field": "rating", "scale": {"zero": true}}, "color": {"type": "nominal", "field": "type"}, "y": {"type": "quantitative", "aggregate": "count", "scale": {"zero": true}}}, "width": 270, "height": 270}, "uid": "id1633714181994_2"}, {"vega": {"$schema": "https://vega.github.io/schema/vega-lite/v3.json", "data": {"url": "movies.csv"}, "mark": "tick", "encoding": {"x": {"type": "nominal", "field": "type"}, "y": {"type": "quantitative", "field": "minutes", "scale": {"zero": true}}}, "width": 270, "height": 270}, "uid": "id1633714182430_0"}, {"vega": {"$schema": "https://vega.github.io/schema/vega-lite/v3.json", "data": {"url": "movies.csv"}, "mark": "bar", "encoding": {"color": {"type": "nominal", "field": "type"}, "x": {"type": "quantitative", "field": "rating", "bin": true}, "y": {"type": "quantitative", "aggregate": "count", "stack": "zero", "scale": {"zero": true}}}, "width": 270, "height": 270}, "uid": "id1633714182220_1"}, {"vega": {"$schema": "https://vega.github.io/schema/vega-lite/v3.json", "data": {"url": "movies.csv"}, "mark": "point", "encoding": {"x": {"type": "quantitative", "aggregate": "mean", "field": "rating", "scale": {"zero": true}}, "color": {"type": "nominal", "field": "type"}, "y": {"type": "quantitative", "aggregate": "count", "scale": {"zero": true}}}, "width": 270, "height": 270}, "uid": "id1633714182617_2"}], "date": "2021-10-08T17:29:42.617Z", "label": "recommendations"}, {"vega": {"vega": {"$schema": "https://vega.github.io/schema/vega-lite/v3.json", "data": {"url": "movies.csv"}, "mark": "bar", "encoding": {"color": {"type": "nominal", "field": "type"}, "x": {"type": "quantitative", "field": "rating", "bin": true}, "y": {"type": "quantitative", "aggregate": "count", "stack": "zero", "scale": {"zero": true}}}, "width": 270, "height": 270}, "uid": "id1633714182220_1"}, "label": "pinned", "date": "2021-10-08T17:33:22.842Z"}]}