{"participant": {"age": "25-29", "gender": "F", "tools": "Google Sheets", "experience": "1-2"}, "session": [{"constraints": [], "recommendations": [{"vega": {"$schema": "https://vega.github.io/schema/vega-lite/v3.json", "data": {"url": "movies.csv"}, "mark": "area", "encoding": {"y": {"type": "nominal"}, "x": {"scale": {"zero": true}}, "color": {"aggregate": "count", "scale": {"zero": true}}, "label": -1, "mark_area": 1}, "width": 270, "height": 270}, "uid": "id1633716691431_0"}, {"vega": {"$schema": "https://vega.github.io/schema/vega-lite/v3.json", "data": {"url": "movies.csv"}, "encoding": {"x": {"field": "type"}, "y": {}, "color": {"aggregate": "count", "scale": {"zero": true}}, "label": 1}, "width": 270, "height": 270}, "uid": "id1633716692299_3"}, {"vega": {"$schema": "https://vega.github.io/schema/vega-lite/v3.json", "data": {"url": "movies.csv"}, "mark": "bar", "encoding": {"x": {"type": "quantitative", "field": "rating", "bin": true}, "y": {"type": "quantitative", "aggregate": "count", "scale": {"zero": true}}, "color": {"field": "minutes", "scale": {"zero": true}}, "label": 1, "mark_bar": 1}, "width": 270, "height": 270}, "uid": "id1633716691972_0"}, {"vega": {"$schema": "https://vega.github.io/schema/vega-lite/v3.json", "data": {"url": "movies.csv"}, "encoding": {"y": {}, "x": {"scale": {"zero": true}}, "label": -1}, "width": 270, "height": 270}, "uid": "id1633716691701_3"}], "date": "2021-10-08T18:11:32.300Z", "label": "recommendations"}, {"vega": {"vega": {"$schema": "https://vega.github.io/schema/vega-lite/v3.json", "data": {"url": "movies.csv"}, "mark": "point", "encoding": {"x": {"type": "nominal", "field": "type"}, "y": {"type": "quantitative", "field": "votes", "bin": true}, "color": {"type": "quantitative", "aggregate": "count", "scale": {"zero": true}}}, "width": 270, "height": 270}, "uid": "id1633716692299_3"}, "label": "pinned", "date": "2021-10-08T18:20:17.772Z"}, {"constraints": [["mark_bar", 0.0125], ["mark_tick", 0.025], ["mark_area", 0.00625], ["x.field_rating", 0.0125], ["x.field_type", 0.025], ["color.aggregate_count", 0.03125], ["x.type_quantitative", 0.015625], ["x.bin_True", 0.0125], ["y.type_nominal", 0.009375000000000001], ["y.type_quantitative", 0.015625], ["y.aggregate_count", 0.0125], ["color.field_minutes", 0.0125], ["x.field", 0.00625], ["y.field", 0.00625], ["x.type_nominal", 0.003125]], "recommendations": [{"vega": {"$schema": "https://vega.github.io/schema/vega-lite/v3.json", "data": {"url": "movies.csv"}, "encoding": {"y": {}, "x": {}, "color": {"scale": {"zero": true}}, "label": -1}, "width": 270, "height": 270}, "uid": "id1633717552662_1"}, {"vega": {"$schema": "https://vega.github.io/schema/vega-lite/v3.json", "data": {"url": "movies.csv"}, "mark": "tick", "encoding": {"x": {"type": "quantitative", "field": "principals", "scale": {"zero": true}}}, "width": 270, "height": 270}, "uid": "id1633717553666_0"}, {"vega": {"$schema": "https://vega.github.io/schema/vega-lite/v3.json", "data": {"url": "movies.csv"}, "encoding": {"x": {"scale": {"zero": true}}, "y": {"scale": {"zero": true}}, "size": {"type": "quantitative", "scale": {"zero": true}}, "label": -1}, "width": 270, "height": 270}, "uid": "id1633717553201_2"}, {"vega": {"$schema": "https://vega.github.io/schema/vega-lite/v3.json", "data": {"url": "movies.csv"}, "mark": "rect", "encoding": {"row": {"type": "nominal", "field": "type"}, "color": {"field": "type"}, "x": {"field": "rating", "scale": {"zero": true}}, "y": {"field": "rating", "scale": {"zero": true}}, "label": -1, "mark_rect": 1}, "width": 270, "height": 270}, "uid": "id1633717554237_2"}], "date": "2021-10-08T18:25:54.237Z", "label": "recommendations"}, {"vega": {"vega": {"$schema": "https://vega.github.io/schema/vega-lite/v3.json", "data": {"url": "movies.csv"}, "mark": "rect", "encoding": {"row": {"type": "nominal", "field": "type"}, "color": {"type": "nominal", "field": "type"}, "x": {"type": "quantitative", "field": "rating", "bin": true, "scale": {"zero": true}}, "y": {"type": "quantitative", "field": "rating", "bin": true, "scale": {"zero": true}}}, "width": 270, "height": 270}, "uid": "id1633717554237_2"}, "label": "pinned", "date": "2021-10-08T18:32:28.262Z"}, {"constraints": [["mark_rect", 0.0014084507042253524], ["color.aggregate_count", 0.029014084507042247], ["size.type_quantitative", 0.00028169014084507055], ["row.type_nominal", 0.00028169014084507055], ["row.field_type", 0.00028169014084507055], ["color.field_type", 0.00028169014084507055], ["x.field_rating", 0.004788732394366197], ["y.field_rating", 0.00028169014084507055], ["mark_bar", 0.00563380281690141], ["mark_tick", 0.018309859154929577], ["mark_area", 0.00647887323943662], ["x.field_type", 0.02253521126760563], ["x.type_quantitative", 0.008169014084507044], ["x.bin_True", 0.004507042253521127], ["y.type_nominal", 0.009014084507042256], ["y.type_quantitative", 0.007605633802816904], ["y.aggregate_count", 0.004507042253521127], ["color.field_minutes", 0.004507042253521127], ["mark_line", 0.0011267605633802818], ["mark_point", 0.0008450704225352112], ["x.field", 0.006478873239436621], ["y.field", 0.006478873239436621], ["color.field", 0.002816901408450704], ["x.type_nominal", 0.002816901408450704], ["color.type_quantitative", 0.002816901408450704]], "recommendations": [{"vega": {"$schema": "https://vega.github.io/schema/vega-lite/v3.json", "data": {"url": "movies.csv"}, "mark": "bar", "encoding": {"x": {"scale": {"zero": true}}, "y": {"scale": {"zero": true}}, "color": {"field": "minutes", "scale": {"zero": true}}, "label": 1, "mark_bar": 1}, "width": 270, "height": 270}, "uid": "id1633717957941_3"}, {"vega": {"$schema": "https://vega.github.io/schema/vega-lite/v3.json", "data": {"url": "movies.csv"}, "encoding": {"x": {}, "y": {"scale": {"zero": true}}, "size": {"type": "quantitative", "aggregate": "count", "scale": {"zero": true}}, "label": 1}, "width": 270, "height": 270}, "uid": "id1633717955984_1"}, {"vega": {"$schema": "https://vega.github.io/schema/vega-lite/v3.json", "data": {"url": "movies.csv"}, "encoding": {"y": {}, "x": {}, "color": {"scale": {"zero": true}}, "label": -1}, "width": 270, "height": 270}, "uid": "id1633717957156_2"}, {"vega": {"$schema": "https://vega.github.io/schema/vega-lite/v3.json", "data": {"url": "movies.csv"}, "mark": "bar", "encoding": {"x": {"type": "quantitative", "aggregate": "count", "scale": {"zero": true}}}, "width": 270, "height": 270}, "uid": "id1633717956541_0"}], "date": "2021-10-08T18:32:37.942Z", "label": "recommendations"}, {"constraints": [["mark_bar", 0.03359523809523809], ["color.field_minutes", 0.03019047619047618], ["size.type_quantitative", 0.030166666666666658], ["size.aggregate_count", 0.02857142857142857], ["color.aggregate_count", 0.056452380952380955], ["mark_rect", 1.6521175961683876e-19], ["x.field_rating", 0.0005952380952380954], ["mark_tick", 0.015238095238095238], ["mark_area", 0.005690476190476191], ["x.field_type", 0.019047619047619046], ["x.type_quantitative", 0.00854761904761905], ["x.bin_True", 0.0016190476190476191], ["y.type_nominal", 0.00942857142857143], ["y.type_quantitative", 0.005500000000000002], ["y.aggregate_count", 0.0016190476190476191], ["mark_line", 0.001023809523809524], ["mark_point", 0.0012142857142857146], ["x.field", 0.008547619047619052], ["y.field", 0.008547619047619052], ["color.field", 0.004023809523809525], ["size.field", 0.0002380952380952381], ["shape.field", 4.761904761904762e-05], ["x.type_nominal", 0.0016190476190476196], ["color.type_quantitative", 0.0019999999999999996], ["color.type_nominal", 0.0020238095238095236], ["shape.type_nominal", 4.761904761904762e-05]], "recommendations": [{"vega": {"$schema": "https://vega.github.io/schema/vega-lite/v3.json", "data": {"url": "movies.csv"}, "mark": "point", "encoding": {"x": {"field": "type"}, "y": {}, "size": {"scale": {"zero": true}}, "label": 1, "mark_point": 1}, "width": 270, "height": 270}, "uid": "id1633718175787_2"}, {"vega": {"$schema": "https://vega.github.io/schema/vega-lite/v3.json", "data": {"url": "movies.csv"}, "encoding": {"x": {}, "y": {"scale": {"zero": true}}, "label": -1}, "width": 270, "height": 270}, "uid": "id1633718177138_2"}, {"vega": {"$schema": "https://vega.github.io/schema/vega-lite/v3.json", "data": {"url": "movies.csv"}, "mark": "point", "encoding": {"x": {}, "y": {}, "size": {"type": "quantitative", "scale": {"zero": true}}, "label": 1, "mark_point": 1}, "width": 270, "height": 270}, "uid": "id1633718176233_1"}, {"vega": {"$schema": "https://vega.github.io/schema/vega-lite/v3.json", "data": {"url": "movies.csv"}, "mark": "bar", "encoding": {"y": {}, "x": {"scale": {"zero": true}}, "label": 1, "mark_bar": 1}, "width": 270, "height": 270}, "uid": "id1633718176670_0"}], "date": "2021-10-08T18:36:17.138Z", "label": "recommendations"}, {"vega": {"vega": {"$schema": "https://vega.github.io/schema/vega-lite/v3.json", "data": {"url": "movies.csv"}, "mark": "point", "encoding": {"x": {"type": "nominal", "field": "type"}, "y": {"type": "quantitative", "field": "rating", "bin": true}, "size": {"type": "quantitative", "aggregate": "count", "scale": {"zero": true}}}, "width": 270, "height": 270}, "uid": "id1633718175787_2"}, "label": "pinned", "date": "2021-10-08T18:37:43.968Z"}, {"constraints": [["mark_point", 0.05458613861386137], ["mark_bar", 0.07475247524752474], ["x.field_type", 0.0396039603960396], ["size.type_quantitative", 0.049748514851485126], ["color.field_minutes", 0.024348514851485148], ["size.aggregate_count", 0.023762376237623756], ["color.aggregate_count", 0.04355841584158415], ["mark_rect", 0.006782178217821781], ["row.type_nominal", 0.001978217821782178], ["row.field_type", 0.001978217821782178], ["color.field_type", 0.001978217821782178], ["x.field_rating", 0.0025643564356435645], ["y.field_rating", 0.001978217821782178], ["mark_tick", 0.016677227722772275], ["mark_area", 0.008756435643564358], ["x.type_quantitative", 0.034007920792079205], ["x.bin_True", 0.0005861386138613862], ["y.type_nominal", 0.026542574257425743], ["y.type_quantitative", 0.01307722772277228], ["y.aggregate_count", 0.0005861386138613862], ["mark_line", 0.004796039603960396], ["x.field", 0.03507326732673267], ["y.field", 0.03507326732673267], ["color.field", 0.018249504950495047], ["size.field", 0.0002455445544554456], ["shape.field", 3.960396039603961e-05], ["x.type_nominal", 0.0016514851485148515], ["color.type_quantitative", 0.017128712871287123], ["color.type_nominal", 0.001120792079207921], ["shape.type_nominal", 3.960396039603961e-05]], "recommendations": [{"vega": {"$schema": "https://vega.github.io/schema/vega-lite/v3.json", "data": {"url": "movies.csv"}, "encoding": {"y": {}, "x": {"scale": {"zero": true}}, "color": {"type": "quantitative", "scale": {"zero": true}}, "label": -1}, "width": 270, "height": 270}, "uid": "id1633718479273_1"}, {"vega": {"$schema": "https://vega.github.io/schema/vega-lite/v3.json", "data": {"url": "movies.csv"}, "mark": "bar", "encoding": {"y": {"aggregate": "count", "scale": {"zero": true}}, "label": 1, "mark_bar": 1}, "width": 270, "height": 270}, "uid": "id1633718479837_1"}, {"vega": {"$schema": "https://vega.github.io/schema/vega-lite/v3.json", "data": {"url": "movies.csv"}, "encoding": {"color": {"scale": {"zero": true}}, "x": {"bin": true}, "y": {"scale": {"zero": true}}, "label": -1}, "width": 270, "height": 270}, "uid": "id1633718480274_1"}, {"vega": {"$schema": "https://vega.github.io/schema/vega-lite/v3.json", "data": {"url": "movies.csv"}, "encoding": {"y": {}, "x": {}, "color": {"type": "quantitative", "scale": {"zero": true}}, "label": 1}, "width": 270, "height": 270}, "uid": "id1633718480790_2"}], "date": "2021-10-08T18:41:20.790Z", "label": "recommendations"}, {"vega": {"vega": {"$schema": "https://vega.github.io/schema/vega-lite/v3.json", "data": {"url": "movies.csv"}, "mark": "rect", "encoding": {"color": {"type": "quantitative", "aggregate": "count", "scale": {"zero": true}}, "x": {"type": "quantitative", "field": "minutes", "bin": true}, "y": {"type": "quantitative", "field": "votes", "bin": true, "scale": {"zero": true}}}, "width": 270, "height": 270}, "uid": "id1633718480274_1"}, "label": "pinned", "date": "2021-10-08T18:43:26.865Z"}, {"vega": {"vega": {"$schema": "https://vega.github.io/schema/vega-lite/v3.json", "data": {"url": "movies.csv"}, "mark": "rect", "encoding": {"y": {"type": "ordinal", "field": "principals"}, "x": {"type": "ordinal", "field": "type"}, "color": {"type": "quantitative", "aggregate": "count", "scale": {"zero": true}}}, "width": 270, "height": 270}, "uid": "id1633718480790_2"}, "label": "pinned", "date": "2021-10-08T18:44:03.067Z"}, {"constraints": [["mark_bar", 0.08951567567567566], ["y.aggregate_count", 0.011067387387387388], ["color.type_quantitative", 0.05300972972972971], ["x.bin_True", 0.005661981981981983], ["mark_point", 0.051690090090090075], ["x.field_type", 0.03603603603603603], ["size.type_quantitative", 0.04478054054054054], ["color.field_minutes", 0.02187819819819819], ["size.aggregate_count", 0.021621621621621612], ["color.aggregate_count", 0.03815855855855855], ["mark_rect", 0.009486126126126123], ["row.type_nominal", 0.001308108108108108], ["row.field_type", 0.001308108108108108], ["color.field_type", 0.001308108108108108], ["x.field_rating", 0.0015646846846846852], ["y.field_rating", 0.001308108108108108], ["mark_tick", 0.018989549549549546], ["mark_area", 0.01178234234234234], ["x.type_quantitative", 0.04835531531531531], ["y.type_nominal", 0.0323935135135135], ["y.type_quantitative", 0.020805045045045028], ["mark_line", 0.008178018018018016], ["x.field", 0.04933837837837837], ["y.field", 0.04933837837837837], ["color.field", 0.026914594594594582], ["size.field", 0.00022918918918918922], ["shape.field", 3.891891891891893e-05], ["x.type_nominal", 0.0012396396396396395], ["color.type_nominal", 0.0009318918918918922], ["shape.type_nominal", 3.891891891891893e-05]], "recommendations": [{"vega": {"$schema": "https://vega.github.io/schema/vega-lite/v3.json", "data": {"url": "movies.csv"}, "mark": "line", "encoding": {"color": {"type": "nominal", "field": "type"}, "x": {"type": "quantitative", "aggregate": "mean", "field": "votes", "scale": {"zero": true}}, "y": {"type": "quantitative", "aggregate": "count", "scale": {"zero": true}}}, "width": 270, "height": 270}, "uid": "id1633718654598_3"}, {"vega": {"$schema": "https://vega.github.io/schema/vega-lite/v3.json", "data": {"url": "movies.csv"}, "mark": "bar", "encoding": {"y": {"type": "nominal", "field": "type"}, "x": {"type": "quantitative", "aggregate": "count", "scale": {"zero": true}}}, "width": 270, "height": 270}, "uid": "id1633718654038_0"}, {"vega": {"$schema": "https://vega.github.io/schema/vega-lite/v3.json", "data": {"url": "movies.csv"}, "mark": "tick", "encoding": {"x": {"type": "quantitative", "field": "rating", "scale": {"zero": true}}}, "width": 270, "height": 270}, "uid": "id1633718655468_3"}, {"vega": {"$schema": "https://vega.github.io/schema/vega-lite/v3.json", "data": {"url": "movies.csv"}, "mark": "rect", "encoding": {"y": {"type": "nominal", "field": "type"}, "x": {"type": "quantitative", "field": "minutes", "bin": true}, "color": {"type": "quantitative", "aggregate": "count", "scale": {"zero": true}}}, "width": 270, "height": 270}, "uid": "id1633718655037_3"}], "date": "2021-10-08T18:44:15.469Z", "label": "recommendations"}]}