{"participant": {"age": "20-24", "gender": "F", "tools": "R, Powerpoint", "experience": ">10"}, "session": [{"constraints": [], "recommendations": [{"vega": {"$schema": "https://vega.github.io/schema/vega-lite/v3.json", "data": {"url": "movies.csv"}, "encoding": {"y": {}, "x": {"field": "principals", "scale": {"zero": true}}, "color": {"aggregate": "count", "scale": {"zero": true}}, "label": 1}, "width": 270, "height": 270}, "uid": "id1632759120869_2"}, {"vega": {"$schema": "https://vega.github.io/schema/vega-lite/v3.json", "data": {"url": "movies.csv"}, "mark": "point", "encoding": {"x": {"type": "nominal", "field": "type"}, "y": {"type": "quantitative", "field": "minutes", "bin": true, "scale": {"zero": true}}, "size": {"type": "quantitative", "aggregate": "count", "scale": {"zero": true}}}, "width": 270, "height": 270}, "uid": "id1632759120579_1"}, {"vega": {"$schema": "https://vega.github.io/schema/vega-lite/v3.json", "data": {"url": "movies.csv"}, "mark": "bar", "encoding": {"x": {"type": "nominal", "field": "type"}, "y": {"type": "quantitative", "aggregate": "count", "scale": {"zero": true}}}, "width": 270, "height": 270}, "uid": "id1632759120033_1"}, {"vega": {"$schema": "https://vega.github.io/schema/vega-lite/v3.json", "data": {"url": "movies.csv"}, "mark": "line", "encoding": {"color": {"type": "nominal", "field": "type"}, "x": {"type": "quantitative", "aggregate": "mean", "field": "minutes", "scale": {"zero": true}}, "y": {"type": "quantitative", "aggregate": "count", "scale": {"zero": true}}}, "width": 270, "height": 270}, "uid": "id1632759120326_0"}], "date": "2021-09-27T16:12:00.870Z", "label": "recommendations"}, {"constraints": [["x.field_principals", 0.005555555555555557], ["x.field_rating", 0.005555555555555556], ["x.field_votes", 0.007407407407407408], ["color.aggregate_count", 0.018518518518518517]], "recommendations": [{"vega": {"$schema": "https://vega.github.io/schema/vega-lite/v3.json", "data": {"url": "movies.csv"}, "mark": "line", "encoding": {"x": {}, "y": {"scale": {"zero": true}}, "color": {"field": "principals", "scale": {"zero": true}}, "label": -1, "mark_line": 1}, "width": 270, "height": 270}, "uid": "id1632759411884_1"}, {"vega": {"$schema": "https://vega.github.io/schema/vega-lite/v3.json", "data": {"url": "movies.csv"}, "mark": "bar", "encoding": {"y": {"type": "ordinal", "field": "genre"}, "x": {"type": "quantitative", "aggregate": "mean", "field": "rating", "scale": {"zero": true}}, "color": {"type": "quantitative", "aggregate": "count", "scale": {"zero": true}}}, "width": 270, "height": 270}, "uid": "id1632759412180_3"}, {"vega": {"$schema": "https://vega.github.io/schema/vega-lite/v3.json", "data": {"url": "movies.csv"}, "mark": "tick", "encoding": {"y": {"type": "nominal", "field": "type"}, "x": {"type": "quantitative", "field": "votes", "scale": {"zero": true}}}, "width": 270, "height": 270}, "uid": "id1632759412740_1"}, {"vega": {"$schema": "https://vega.github.io/schema/vega-lite/v3.json", "data": {"url": "movies.csv"}, "mark": "bar", "encoding": {"y": {"type": "ordinal", "field": "principals"}, "x": {"type": "quantitative", "aggregate": "mean", "field": "votes", "scale": {"zero": true}}, "color": {"type": "quantitative", "aggregate": "count", "scale": {"zero": true}}}, "width": 270, "height": 270}, "uid": "id1632759412470_1"}], "date": "2021-09-27T16:16:52.740Z", "label": "recommendations"}, {"constraints": [["mark_line", 1.0092936587501423e-19], ["color.field_principals", 1.0092936587501423e-19], ["x.field_principals", 0.0036363636363636364], ["x.field_rating", 0.0018181818181818182], ["x.field_votes", 0.0018181818181818186], ["color.aggregate_count", 0.007272727272727273]], "recommendations": [{"vega": {"$schema": "https://vega.github.io/schema/vega-lite/v3.json", "data": {"url": "movies.csv"}, "mark": "bar", "encoding": {"y": {"type": "ordinal", "field": "type"}, "x": {"type": "quantitative", "aggregate": "mean", "field": "rating", "scale": {"zero": true}}, "color": {"type": "quantitative", "aggregate": "count", "scale": {"zero": true}}}, "width": 270, "height": 270}, "uid": "id1632759566983_1"}, {"vega": {"$schema": "https://vega.github.io/schema/vega-lite/v3.json", "data": {"url": "movies.csv"}, "mark": "line", "encoding": {"y": {}, "x": {"scale": {"zero": true}}, "label": -1, "mark_line": 1}, "width": 270, "height": 270}, "uid": "id1632759567935_0"}, {"vega": {"$schema": "https://vega.github.io/schema/vega-lite/v3.json", "data": {"url": "movies.csv"}, "mark": "tick", "encoding": {"x": {"type": "nominal", "field": "type"}, "y": {"field": "minutes", "scale": {"zero": true}}, "color": {"type": "quantitative", "scale": {"zero": true}}, "label": 1, "mark_tick": 1}, "width": 270, "height": 270}, "uid": "id1632759567630_0"}, {"vega": {"$schema": "https://vega.github.io/schema/vega-lite/v3.json", "data": {"url": "movies.csv"}, "mark": "point", "encoding": {"size": {"type": "quantitative", "aggregate": "count", "scale": {"zero": true}}, "x": {"type": "quantitative", "aggregate": "count", "scale": {"zero": true}}, "y": {"type": "quantitative", "aggregate": "mean", "field": "principals", "scale": {"zero": true}}, "color": {"type": "quantitative", "aggregate": "count", "scale": {"zero": true}}}, "width": 270, "height": 270}, "uid": "id1632759567331_0"}], "date": "2021-09-27T16:19:27.936Z", "label": "recommendations"}, {"vega": {"vega": {"$schema": "https://vega.github.io/schema/vega-lite/v3.json", "data": {"url": "movies.csv"}, "mark": "tick", "encoding": {"x": {"type": "nominal", "field": "type"}, "y": {"field": "minutes", "scale": {"zero": true}}, "color": {"type": "quantitative", "scale": {"zero": true}}, "label": 1, "mark_tick": 1}, "width": 270, "height": 270}, "uid": "id1632759567630_0"}, "label": "pinned", "date": "2021-09-27T16:21:34.364Z"}, {"constraints": [["mark_tick", 0.027000000000000003], ["mark_line", 0.009166666666666667], ["x.type_nominal", 0.02], ["x.field_type", 0.02], ["y.field_minutes", 0.01], ["y.field_votes", 0.01], ["color.type_quantitative", 0.04333333333333333], ["color.field_principals", 0.0006666666666666666], ["x.field_principals", 0.0013333333333333335], ["x.field_rating", 0.0006666666666666666], ["x.field_votes", 0.0006666666666666666], ["color.aggregate_count", 0.0026666666666666666], ["mark_area", 0.0035000000000000005], ["mark_bar", 0.0036666666666666666], ["mark_point", 0.0033333333333333335], ["mark_rect", 0.0035000000000000005], ["x.field", 0.024500000000000004], ["y.field", 0.024500000000000004], ["color.field", 0.02333333333333333], ["x.type_quantitative", 0.024500000000000004], ["y.type_quantitative", 9.251858538542971e-21], ["y.type_nominal", 0.024500000000000004]], "recommendations": [{"vega": {"$schema": "https://vega.github.io/schema/vega-lite/v3.json", "data": {"url": "movies.csv"}, "mark": "tick", "encoding": {"y": {"type": "nominal", "field": "type"}, "x": {"type": "quantitative", "field": "rating", "scale": {"zero": true}}, "color": {"type": "quantitative", "field": "principals", "scale": {"zero": true}}}, "width": 270, "height": 270}, "uid": "id1632759757877_3"}, {"vega": {"$schema": "https://vega.github.io/schema/vega-lite/v3.json", "data": {"url": "movies.csv"}, "mark": "point", "encoding": {"color": {"type": "nominal", "field": "type"}, "x": {"type": "quantitative", "field": "minutes", "scale": {"zero": true}}, "y": {"aggregate": "count", "scale": {"zero": true}}, "label": 1, "mark_point": 1}, "width": 270, "height": 270}, "uid": "id1632759758482_2"}, {"vega": {"$schema": "https://vega.github.io/schema/vega-lite/v3.json", "data": {"url": "movies.csv"}, "mark": "line", "encoding": {"x": {"type": "nominal", "field": "type"}, "y": {"type": "quantitative", "aggregate": "count", "scale": {"zero": true}}, "color": {"type": "quantitative", "aggregate": "mean", "field": "principals", "scale": {"zero": true}}}, "width": 270, "height": 270}, "uid": "id1632759758148_3"}, {"vega": {"$schema": "https://vega.github.io/schema/vega-lite/v3.json", "data": {"url": "movies.csv"}, "mark": "tick", "encoding": {"x": {"type": "nominal", "field": "type"}, "y": {"type": "quantitative", "field": "votes", "scale": {"zero": true}}, "color": {"type": "quantitative", "field": "principals", "scale": {"zero": true}}}, "width": 270, "height": 270}, "uid": "id1632759758740_1"}], "date": "2021-09-27T16:22:38.741Z", "label": "recommendations"}, {"vega": {"vega": {"$schema": "https://vega.github.io/schema/vega-lite/v3.json", "data": {"url": "movies.csv"}, "mark": "tick", "encoding": {"y": {"type": "nominal", "field": "type"}, "x": {"type": "quantitative", "field": "rating", "scale": {"zero": true}}, "color": {"type": "quantitative", "field": "principals", "scale": {"zero": true}}}, "width": 270, "height": 270}, "uid": "id1632759757877_3"}, "label": "pinned", "date": "2021-09-27T16:23:55.491Z"}, {"vega": {"vega": {"$schema": "https://vega.github.io/schema/vega-lite/v3.json", "data": {"url": "movies.csv"}, "mark": "tick", "encoding": {"x": {"type": "nominal", "field": "type"}, "y": {"type": "quantitative", "field": "votes", "scale": {"zero": true}}, "color": {"type": "quantitative", "field": "principals", "scale": {"zero": true}}}, "width": 270, "height": 270}, "uid": "id1632759758740_1"}, "label": "pinned", "date": "2021-09-27T16:26:19.075Z"}, {"chart": {"vega": {"$schema": "https://vega.github.io/schema/vega-lite/v3.json", "data": {"url": "movies.csv"}, "mark": "tick", "encoding": {"x": {"type": "nominal", "field": "type"}, "y": {"type": "quantitative", "field": "votes", "scale": {"zero": true}}, "color": {"type": "quantitative", "field": "principals", "scale": {"zero": true}}}, "width": 270, "height": 270}, "uid": "id1632759758740_1"}, "label": "unpinned", "date": "2021-09-27T16:27:28.593Z"}, {"vega": {"vega": {"$schema": "https://vega.github.io/schema/vega-lite/v3.json", "data": {"url": "movies.csv"}, "mark": "point", "encoding": {"color": {"type": "nominal", "field": "type"}, "x": {"type": "quantitative", "field": "minutes", "scale": {"zero": true}}, "y": {"aggregate": "count", "scale": {"zero": true}}, "label": 1, "mark_point": 1}, "width": 270, "height": 270}, "uid": "id1632759758482_2"}, "label": "pinned", "date": "2021-09-27T16:28:37.791Z"}, {"chart": {"vega": {"$schema": "https://vega.github.io/schema/vega-lite/v3.json", "data": {"url": "movies.csv"}, "mark": "point", "encoding": {"color": {"type": "nominal", "field": "type"}, "x": {"type": "quantitative", "aggregate": "mean", "field": "minutes", "scale": {"zero": true}}, "y": {"type": "quantitative", "aggregate": "count", "scale": {"zero": true}}}, "width": 270, "height": 270}, "uid": "id1632759758482_2"}, "label": "unpinned", "date": "2021-09-27T16:28:55.064Z"}, {"chart": {"vega": {"$schema": "https://vega.github.io/schema/vega-lite/v3.json", "data": {"url": "movies.csv"}, "mark": "tick", "encoding": {"x": {"type": "nominal", "field": "type"}, "y": {"type": "quantitative", "field": "minutes", "scale": {"zero": true}}, "color": {"type": "quantitative", "field": "principals", "scale": {"zero": true}}}, "width": 270, "height": 270}, "uid": "id1632759567630_0"}, "label": "unpinned", "date": "2021-09-27T16:29:00.290Z"}, {"constraints": [["mark_point", 0.04378124999999999], ["color.type_nominal", 0.06249999999999999], ["color.field_type", 0.025], ["x.type_quantitative", 0.099875], ["x.field_minutes", 0.0125], ["x.field_principals", 0.013312500000000001], ["y.aggregate_count", 0.025], ["mark_tick", 0.035703125], ["mark_line", 0.0234375], ["x.type_nominal", 0.05485937499999999], ["x.field_type", 0.016875000000000005], ["y.field_minutes", 0.008437500000000002], ["y.field_votes", 0.008437500000000002], ["color.type_quantitative", 0.09000000000000001], ["color.field_principals", 0.00040625000000000004], ["x.field_rating", 0.00040625000000000004], ["x.field_votes", 0.00040625000000000004], ["color.aggregate_count", 0.0016250000000000004], ["mark_area", 0.018812500000000003], ["mark_bar", 0.018812500000000003], ["mark_rect", 0.018812500000000003], ["x.field", 0.11285937500000001], ["y.field", 0.11285937500000001], ["color.field", 0.11062500000000003], ["size.field", 3.125e-05], ["y.type_quantitative", 0.08673437500000002], ["y.type_nominal", 0.026124999999999995], ["size.type_quantitative", 3.125e-05]], "recommendations": [{"vega": {"$schema": "https://vega.github.io/schema/vega-lite/v3.json", "data": {"url": "movies.csv"}, "encoding": {"size": {"aggregate": "count", "scale": {"zero": true}}, "y": {}, "x": {"type": "quantitative", "field": "votes", "bin": true, "scale": {"zero": true}}, "label": -1}, "width": 270, "height": 270}, "uid": "id1632760250743_2"}, {"vega": {"$schema": "https://vega.github.io/schema/vega-lite/v3.json", "data": {"url": "movies.csv"}, "encoding": {"y": {}, "x": {"type": "quantitative", "field": "votes", "bin": true}, "size": {"aggregate": "count", "scale": {"zero": true}}, "label": -1}, "width": 270, "height": 270}, "uid": "id1632760251037_0"}, {"vega": {"$schema": "https://vega.github.io/schema/vega-lite/v3.json", "data": {"url": "movies.csv"}, "mark": "area", "encoding": {"color": {}, "x": {"scale": {"zero": true}}, "y": {"stack": "zero", "scale": {"zero": true}}, "label": -1, "mark_area": 1}, "width": 270, "height": 270}, "uid": "id1632760251291_1"}, {"vega": {"$schema": "https://vega.github.io/schema/vega-lite/v3.json", "data": {"url": "movies.csv"}, "mark": "bar", "encoding": {"color": {"type": "nominal", "field": "type"}, "x": {"type": "quantitative", "field": "minutes", "bin": true}, "y": {"type": "quantitative", "aggregate": "count", "stack": "zero", "scale": {"zero": true}}}, "width": 270, "height": 270}, "uid": "id1632760251564_3"}], "date": "2021-09-27T16:30:51.564Z", "label": "recommendations"}, {"vega": {"vega": {"$schema": "https://vega.github.io/schema/vega-lite/v3.json", "data": {"url": "movies.csv"}, "mark": "bar", "encoding": {"color": {"type": "nominal", "field": "type"}, "x": {"type": "quantitative", "field": "minutes", "bin": true}, "y": {"type": "quantitative", "aggregate": "count", "stack": "zero", "scale": {"zero": true}}}, "width": 270, "height": 270}, "uid": "id1632760251564_3"}, "label": "pinned", "date": "2021-09-27T16:36:05.803Z"}, {"constraints": [["mark_area", 0.007744776119402982], ["x.type_quantitative", 0.051167164179104455], ["mark_point", 0.03583731343283582], ["color.type_nominal", 0.05471641791044775], ["color.field_type", 0.02388059701492537], ["x.field_minutes", 0.011940298507462685], ["x.field_principals", 0.0126], ["y.aggregate_count", 0.02388059701492537], ["mark_tick", 0.027807462686567162], ["mark_line", 0.016271641791044775], ["x.type_nominal", 0.05192537313432835], ["x.field_type", 0.01582089552238806], ["y.field_minutes", 0.00791044776119403], ["y.field_votes", 0.00791044776119403], ["color.type_quantitative", 0.05509850746268656], ["color.field_principals", 0.00032985074626865676], ["x.field_rating", 0.0003298507462686568], ["color.aggregate_count", 0.001319402985074627], ["mark_bar", 0.011971641791044773], ["mark_rect", 0.011971641791044773], ["x.field", 0.07184477611940299], ["y.field", 0.07184477611940299], ["color.field", 0.07011343283582089], ["size.field", 6.26865671641791e-05], ["y.type_quantitative", 0.046761194029850725], ["y.type_nominal", 0.02508358208955224], ["size.type_quantitative", 6.26865671641791e-05]], "recommendations": [{"vega": {"$schema": "https://vega.github.io/schema/vega-lite/v3.json", "data": {"url": "movies.csv"}, "mark": "line", "encoding": {"x": {"type": "nominal", "field": "type"}, "y": {"type": "quantitative", "aggregate": "count", "scale": {"zero": true}}, "color": {"type": "quantitative", "aggregate": "mean", "field": "principals", "scale": {"zero": true}}}, "width": 270, "height": 270}, "uid": "id1632760573477_3"}, {"vega": {"$schema": "https://vega.github.io/schema/vega-lite/v3.json", "data": {"url": "movies.csv"}, "mark": "rect", "encoding": {"color": {"type": "quantitative", "aggregate": "count", "scale": {"zero": true}}, "x": {"type": "nominal", "field": "type"}, "y": {"type": "quantitative", "field": "votes", "bin": true, "scale": {"zero": true}}, "label": 1, "mark_rect": 1}, "width": 270, "height": 270}, "uid": "id1632760573169_2"}, {"vega": {"$schema": "https://vega.github.io/schema/vega-lite/v3.json", "data": {"url": "movies.csv"}, "mark": "bar", "encoding": {"x": {"type": "nominal", "field": "type"}, "y": {"type": "quantitative", "aggregate": "mean", "field": "votes", "scale": {"zero": true}}, "color": {"type": "quantitative", "aggregate": "count", "scale": {"zero": true}}}, "width": 270, "height": 270}, "uid": "id1632760572825_3"}, {"vega": {"$schema": "https://vega.github.io/schema/vega-lite/v3.json", "data": {"url": "movies.csv"}, "mark": "point", "encoding": {"x": {"type": "quantitative", "field": "rating", "scale": {"zero": true}}, "y": {"type": "quantitative", "field": "principals", "scale": {"zero": true}}, "size": {"type": "quantitative", "field": "minutes", "scale": {"zero": true}}}, "width": 270, "height": 270}, "uid": "id1632760573810_3"}], "date": "2021-09-27T16:36:13.810Z", "label": "recommendations"}, {"vega": {"vega": {"$schema": "https://vega.github.io/schema/vega-lite/v3.json", "data": {"url": "movies.csv"}, "mark": "point", "encoding": {"x": {"type": "quantitative", "field": "rating", "scale": {"zero": true}}, "y": {"type": "quantitative", "field": "principals", "scale": {"zero": true}}, "size": {"type": "quantitative", "field": "minutes", "scale": {"zero": true}}}, "width": 270, "height": 270}, "uid": "id1632760573810_3"}, "label": "pinned", "date": "2021-09-27T16:37:38.034Z"}, {"constraints": [["mark_rect", 0.03856647887323944], ["color.type_quantitative", 0.09379239436619721], ["color.aggregate_count", 0.018541408450704226], ["x.type_nominal", 0.10521126760563383], ["x.field_type", 0.03743661971830986], ["y.type_quantitative", 0.10037549295774652], ["y.field_rating", 0.011267605633802818], ["y.field_votes", 0.018718309859154934], ["y.bin_True", 0.022535211267605635], ["mark_area", 0.015036478873239435], ["x.type_quantitative", 0.05072436619718308], ["mark_point", 0.039501971830985916], ["color.type_nominal", 0.032375211267605626], ["color.field_type", 0.02253521126760563], ["x.field_minutes", 0.011267605633802816], ["x.field_principals", 0.009270704225352111], ["y.aggregate_count", 0.02253521126760563], ["mark_tick", 0.03133295774647888], ["mark_line", 0.019191830985915488], ["y.field_minutes", 0.007450704225352114], ["mark_bar", 0.0160312676056338], ["x.field", 0.09795338028169018], ["y.field", 0.09795338028169018], ["color.field", 0.06619577464788733], ["size.field", 0.0001363380281690141], ["shape.field", 1.1267605633802817e-06], ["y.type_nominal", 0.0201130985915493], ["size.type_quantitative", 0.0001363380281690141], ["shape.type_nominal", 1.1267605633802817e-06]], "recommendations": [{"vega": {"$schema": "https://vega.github.io/schema/vega-lite/v3.json", "data": {"url": "movies.csv"}, "encoding": {"size": {"scale": {"zero": true}}, "x": {"scale": {"zero": true}}, "y": {"field": "rating", "scale": {"zero": true}}, "color": {"scale": {"zero": true}}, "label": 1}, "width": 270, "height": 270}, "uid": "id1632760894438_1"}, {"vega": {"$schema": "https://vega.github.io/schema/vega-lite/v3.json", "data": {"url": "movies.csv"}, "encoding": {"color": {}, "x": {"type": "quantitative", "aggregate": "mean", "field": "minutes", "scale": {"zero": true}}, "y": {"scale": {"zero": false}}, "label": 1}, "width": 270, "height": 270}, "uid": "id1632760893926_3"}, {"vega": {"$schema": "https://vega.github.io/schema/vega-lite/v3.json", "data": {"url": "movies.csv"}, "mark": "area", "encoding": {"x": {"type": "nominal", "field": "type"}, "y": {"type": "quantitative", "aggregate": "count", "scale": {"zero": true}}}, "width": 270, "height": 270}, "uid": "id1632760894218_0"}, {"vega": {"$schema": "https://vega.github.io/schema/vega-lite/v3.json", "data": {"url": "movies.csv"}, "encoding": {"row": {"type": "nominal", "field": "type"}, "color": {}, "x": {"field": "rating", "bin": true}, "y": {"field": "rating", "bin": true, "scale": {"zero": true}}, "label": -1}, "width": 270, "height": 270}, "uid": "id1632760894713_1"}], "date": "2021-09-27T16:41:34.713Z", "label": "recommendations"}, {"constraints": [["y.field_principals", 0.017323424999999996], ["y.field_rating", 0.029985737499999998], ["x.type_quantitative", 0.086388], ["x.aggregate_mean", 0.017323424999999996], ["x.aggregate_median", 0.008661712499999998], ["x.aggregate_sum", 0.008661712499999998], ["x.field_minutes", 0.04295209999999999], ["x.field_rating", 0.007910224999999998], ["row.type_nominal", 0.008661712499999998], ["row.field_type", 0.008661712499999998], ["x.bin_True", 0.007158737499999998], ["y.bin_True", 0.016662912499999998], ["mark_rect", 0.0212727], ["color.type_quantitative", 0.07959197500000002], ["color.aggregate_count", 0.004924450000000001], ["x.type_nominal", 0.06533855000000004], ["x.field_type", 0.021223700000000005], ["y.type_quantitative", 0.06945367499999999], ["y.field_votes", 0.010611850000000003], ["mark_area", 0.0118453], ["mark_point", 0.030583312499999994], ["color.type_nominal", 0.02334127499999999], ["color.field_type", 0.01678], ["x.field_principals", 0.006900975000000001], ["y.aggregate_count", 0.01678], ["mark_tick", 0.026137225000000004], ["mark_line", 0.017112225000000002], ["y.field_minutes", 0.006611250000000002], ["mark_bar", 0.013363762499999998], ["x.field", 0.08057897500000002], ["y.field", 0.08057897500000002], ["color.field", 0.06492955000000002], ["size.field", 9.790000000000002e-05], ["shape.field", 2.9000000000000015e-06], ["y.type_nominal", 0.019126499999999998], ["size.type_quantitative", 9.790000000000002e-05], ["shape.type_nominal", 2.9000000000000015e-06]], "recommendations": [{"vega": {"$schema": "https://vega.github.io/schema/vega-lite/v3.json", "data": {"url": "movies.csv"}, "mark": "point", "encoding": {"y": {"type": "nominal", "field": "type"}, "x": {"type": "quantitative", "field": "votes", "bin": true, "scale": {"zero": true}}, "color": {"type": "quantitative", "aggregate": "count", "scale": {"zero": true}}}, "width": 270, "height": 270}, "uid": "id1632760970409_1"}, {"vega": {"$schema": "https://vega.github.io/schema/vega-lite/v3.json", "data": {"url": "movies.csv"}, "mark": "bar", "encoding": {"y": {"type": "ordinal", "field": "principals"}, "x": {"type": "quantitative", "aggregate": "mean", "field": "votes", "scale": {"zero": true}}, "color": {"type": "quantitative", "aggregate": "count", "scale": {"zero": true}}}, "width": 270, "height": 270}, "uid": "id1632760970705_1"}, {"vega": {"$schema": "https://vega.github.io/schema/vega-lite/v3.json", "data": {"url": "movies.csv"}, "mark": "area", "encoding": {"x": {"type": "nominal", "field": "type"}, "y": {"type": "quantitative", "aggregate": "mean", "field": "rating", "scale": {"zero": true}}, "color": {"type": "quantitative", "aggregate": "count", "scale": {"zero": true}}}, "width": 270, "height": 270}, "uid": "id1632760970976_3"}, {"vega": {"$schema": "https://vega.github.io/schema/vega-lite/v3.json", "data": {"url": "movies.csv"}, "mark": "point", "encoding": {"x": {"type": "nominal", "field": "type"}, "y": {"type": "quantitative", "field": "minutes", "bin": true}, "size": {"type": "quantitative", "aggregate": "count", "scale": {"zero": true}}}, "width": 270, "height": 270}, "uid": "id1632760971251_0"}], "date": "2021-09-27T16:42:51.251Z", "label": "recommendations"}, {"vega": {"vega": {"$schema": "https://vega.github.io/schema/vega-lite/v3.json", "data": {"url": "movies.csv"}, "mark": "area", "encoding": {"x": {"type": "nominal", "field": "type"}, "y": {"type": "quantitative", "aggregate": "mean", "field": "rating", "scale": {"zero": true}}, "color": {"type": "quantitative", "aggregate": "count", "scale": {"zero": true}}}, "width": 270, "height": 270}, "uid": "id1632760970976_3"}, "label": "pinned", "date": "2021-09-27T16:43:38.275Z"}, {"vega": {"vega": {"$schema": "https://vega.github.io/schema/vega-lite/v3.json", "data": {"url": "movies.csv"}, "mark": "point", "encoding": {"x": {"type": "nominal", "field": "type"}, "y": {"type": "quantitative", "field": "minutes", "bin": true}, "size": {"type": "quantitative", "aggregate": "count", "scale": {"zero": true}}}, "width": 270, "height": 270}, "uid": "id1632760971251_0"}, "label": "pinned", "date": "2021-09-27T16:44:56.370Z"}]}