{"participant": {"age": "25-29", "gender": "F", "tools": null, "experience": "0"}, "session": [{"constraints": [], "recommendations": [{"vega": {"$schema": "https://vega.github.io/schema/vega-lite/v3.json", "data": {"url": "movies.csv"}, "mark": "bar", "encoding": {"y": {"type": "quantitative", "field": "rating", "bin": true}, "x": {"type": "quantitative", "aggregate": "count", "scale": {"zero": true}}}, "width": 270, "height": 270}, "uid": "id1634318274001_3"}, {"vega": {"$schema": "https://vega.github.io/schema/vega-lite/v3.json", "data": {"url": "movies.csv"}, "encoding": {"x": {"field": "type"}, "y": {"scale": {"zero": true}}, "color": {"scale": {"zero": true}}, "label": 1}, "width": 270, "height": 270}, "uid": "id1634318274328_2"}, {"vega": {"$schema": "https://vega.github.io/schema/vega-lite/v3.json", "data": {"url": "movies.csv"}, "mark": "line", "encoding": {"x": {"type": "quantitative", "field": "rating", "bin": true}, "y": {"type": "quantitative", "aggregate": "count", "scale": {"zero": true}}}, "width": 270, "height": 270}, "uid": "id1634318274254_0"}, {"vega": {"$schema": "https://vega.github.io/schema/vega-lite/v3.json", "data": {"url": "movies.csv"}, "mark": "tick", "encoding": {"y": {}, "x": {"scale": {"zero": true}}, "color": {"type": "quantitative", "scale": {"zero": true}}, "label": 1, "mark_tick": 1}, "width": 270, "height": 270}, "uid": "id1634318274146_0"}], "date": "2021-10-15T17:17:54.328Z", "label": "recommendations"}, {"constraints": [["mark_tick", 0.055172413793103454], ["x.field_type", 0.055172413793103454], ["color.type_quantitative", 0.055172413793103454]], "recommendations": [{"vega": {"$schema": "https://vega.github.io/schema/vega-lite/v3.json", "data": {"url": "movies.csv"}, "mark": "bar", "encoding": {"y": {"type": "quantitative", "field": "minutes", "bin": true}, "x": {"type": "quantitative", "aggregate": "count", "scale": {"zero": true}}}, "width": 270, "height": 270}, "uid": "id1634319003869_1"}, {"vega": {"$schema": "https://vega.github.io/schema/vega-lite/v3.json", "data": {"url": "movies.csv"}, "mark": "bar", "encoding": {"y": {"type": "quantitative", "aggregate": "count", "scale": {"zero": true}}, "x": {"type": "ordinal", "field": "type", "bin": true}}, "width": 270, "height": 270}, "uid": "id1634319004022_1"}, {"vega": {"$schema": "https://vega.github.io/schema/vega-lite/v3.json", "data": {"url": "movies.csv"}, "encoding": {"x": {"scale": {"zero": true}}, "y": {"field": "principals"}, "color": {"scale": {"zero": true}}, "label": -1}, "width": 270, "height": 270}, "uid": "id1634319004094_2"}, {"vega": {"$schema": "https://vega.github.io/schema/vega-lite/v3.json", "data": {"url": "movies.csv"}, "mark": "bar", "encoding": {"y": {"type": "quantitative", "field": "rating", "bin": true}, "x": {"type": "quantitative", "aggregate": "count", "scale": {"zero": true}}}, "width": 270, "height": 270}, "uid": "id1634319003869_3"}], "date": "2021-10-15T17:30:04.094Z", "label": "recommendations"}, {"constraints": [["mark_tick", 0.03581047294915253], ["x.field_type", 0.041651525423728804], ["color.type_quantitative", 0.03581047294915253]], "recommendations": [{"vega": {"$schema": "https://vega.github.io/schema/vega-lite/v3.json", "data": {"url": "movies.csv"}, "mark": "point", "encoding": {"x": {"type": "nominal", "field": "type"}, "y": {"type": "quantitative", "field": "rating", "bin": true, "scale": {"zero": true}}, "size": {"type": "quantitative", "aggregate": "count", "scale": {"zero": true}}}, "width": 270, "height": 270}, "uid": "id1634319081937_3"}, {"vega": {"$schema": "https://vega.github.io/schema/vega-lite/v3.json", "data": {"url": "movies.csv"}, "mark": "bar", "encoding": {"y": {"type": "quantitative", "aggregate": "count", "scale": {"zero": true}}, "x": {"type": "ordinal", "field": "type", "bin": true}}, "width": 270, "height": 270}, "uid": "id1634319082018_1"}, {"vega": {"$schema": "https://vega.github.io/schema/vega-lite/v3.json", "data": {"url": "movies.csv"}, "encoding": {"x": {"scale": {"zero": true}}, "y": {"field": "principals"}, "color": {"scale": {"zero": true}}, "label": -1}, "width": 270, "height": 270}, "uid": "id1634319082091_2"}, {"vega": {"$schema": "https://vega.github.io/schema/vega-lite/v3.json", "data": {"url": "movies.csv"}, "mark": "area", "encoding": {"x": {"type": "nominal", "field": "type"}, "y": {"type": "quantitative", "aggregate": "count", "scale": {"zero": true}}}, "width": 270, "height": 270}, "uid": "id1634319082163_0"}], "date": "2021-10-15T17:31:22.163Z", "label": "recommendations"}, {"vega": {"vega": {"$schema": "https://vega.github.io/schema/vega-lite/v3.json", "data": {"url": "movies.csv"}, "mark": "point", "encoding": {"x": {"type": "nominal", "field": "type"}, "y": {"type": "quantitative", "field": "rating", "bin": true, "scale": {"zero": true}}, "size": {"type": "quantitative", "aggregate": "count", "scale": {"zero": true}}}, "width": 270, "height": 270}, "uid": "id1634319081937_3"}, "label": "pinned", "date": "2021-10-15T17:31:38.094Z"}, {"constraints": [["mark_tick", 0.021301719359999992], ["x.field_type", 0.02313505269333333], ["color.type_quantitative", 0.022135052693333327]], "recommendations": [{"vega": {"$schema": "https://vega.github.io/schema/vega-lite/v3.json", "data": {"url": "movies.csv"}, "mark": "bar", "encoding": {"y": {"type": "quantitative", "aggregate": "count", "scale": {"zero": true}}, "x": {"type": "nominal", "field": "type"}}, "width": 270, "height": 270}, "uid": "id1634319174008_2"}, {"vega": {"$schema": "https://vega.github.io/schema/vega-lite/v3.json", "data": {"url": "movies.csv"}, "encoding": {"x": {}, "y": {"scale": {"zero": true}}, "color": {"aggregate": "count", "scale": {"zero": true}}, "label": -1}, "width": 270, "height": 270}, "uid": "id1634319174083_3"}, {"vega": {"$schema": "https://vega.github.io/schema/vega-lite/v3.json", "data": {"url": "movies.csv"}, "mark": "tick", "encoding": {"x": {"type": "quantitative", "field": "principals", "scale": {"zero": true}}, "y": {"type": "ordinal", "field": "principals"}, "color": {"type": "quantitative", "field": "minutes", "scale": {"zero": true}}}, "width": 270, "height": 270}, "uid": "id1634319174157_0"}, {"vega": {"$schema": "https://vega.github.io/schema/vega-lite/v3.json", "data": {"url": "movies.csv"}, "encoding": {"y": {}, "x": {"aggregate": "count", "scale": {"zero": true}}, "label": -1}, "width": 270, "height": 270}, "uid": "id1634319174227_2"}], "date": "2021-10-15T17:32:54.227Z", "label": "recommendations"}, {"constraints": [["mark_tick", 0.011267091935090737], ["x.field_type", 0.017193448757269678], ["color.type_quantitative", 0.008686705711613792]], "recommendations": [{"vega": {"$schema": "https://vega.github.io/schema/vega-lite/v3.json", "data": {"url": "movies.csv"}, "mark": "bar", "encoding": {"y": {"type": "quantitative", "aggregate": "count", "scale": {"zero": true}}, "x": {"type": "nominal", "field": "type"}}, "width": 270, "height": 270}, "uid": "id1634319264982_2"}, {"vega": {"$schema": "https://vega.github.io/schema/vega-lite/v3.json", "data": {"url": "movies.csv"}, "mark": "bar", "encoding": {"x": {"type": "quantitative", "aggregate": "mean", "field": "rating", "scale": {"zero": true}}, "y": {"type": "ordinal", "field": "type"}, "color": {"type": "quantitative", "aggregate": "count", "scale": {"zero": true}}}, "width": 270, "height": 270}, "uid": "id1634319265066_0"}, {"vega": {"$schema": "https://vega.github.io/schema/vega-lite/v3.json", "data": {"url": "movies.csv"}, "mark": "tick", "encoding": {"x": {"type": "quantitative", "field": "principals", "scale": {"zero": true}}, "y": {"type": "ordinal", "field": "principals"}, "color": {"type": "quantitative", "field": "minutes", "scale": {"zero": true}}}, "width": 270, "height": 270}, "uid": "id1634319265210_0"}, {"vega": {"$schema": "https://vega.github.io/schema/vega-lite/v3.json", "data": {"url": "movies.csv"}, "mark": "bar", "encoding": {"y": {"type": "quantitative", "aggregate": "count", "scale": {"zero": true}}, "x": {"type": "ordinal", "field": "type", "bin": true}}, "width": 270, "height": 270}, "uid": "id1634319264982_1"}], "date": "2021-10-15T17:34:25.210Z", "label": "recommendations"}, {"vega": {"vega": {"$schema": "https://vega.github.io/schema/vega-lite/v3.json", "data": {"url": "movies.csv"}, "mark": "bar", "encoding": {"x": {"type": "quantitative", "aggregate": "mean", "field": "rating", "scale": {"zero": true}}, "y": {"type": "ordinal", "field": "type"}, "color": {"type": "quantitative", "aggregate": "count", "scale": {"zero": true}}}, "width": 270, "height": 270}, "uid": "id1634319265066_0"}, "label": "pinned", "date": "2021-10-15T17:35:17.415Z"}, {"constraints": [["mark_tick", 0.011267091935090737], ["x.field_type", 0.017193448757269678], ["color.type_quantitative", 0.008686705711613792]], "recommendations": [{"vega": {"$schema": "https://vega.github.io/schema/vega-lite/v3.json", "data": {"url": "movies.csv"}, "mark": "bar", "encoding": {"y": {"type": "quantitative", "aggregate": "count", "scale": {"zero": true}}, "x": {"type": "nominal", "field": "type"}}, "width": 270, "height": 270}, "uid": "id1634319360028_2"}, {"vega": {"$schema": "https://vega.github.io/schema/vega-lite/v3.json", "data": {"url": "movies.csv"}, "mark": "bar", "encoding": {"y": {"type": "quantitative", "aggregate": "count", "scale": {"zero": true}}, "x": {"type": "nominal", "field": "type"}}, "width": 270, "height": 270}, "uid": "id1634319360113_2"}, {"vega": {"$schema": "https://vega.github.io/schema/vega-lite/v3.json", "data": {"url": "movies.csv"}, "mark": "tick", "encoding": {"y": {"type": "quantitative", "field": "principals", "scale": {"zero": false}}}, "width": 270, "height": 270}, "uid": "id1634319360191_2"}, {"vega": {"$schema": "https://vega.github.io/schema/vega-lite/v3.json", "data": {"url": "movies.csv"}, "mark": "point", "encoding": {"y": {"type": "nominal", "field": "type"}, "x": {"type": "quantitative", "field": "votes", "bin": true, "scale": {"zero": true}}, "size": {"type": "quantitative", "aggregate": "count", "scale": {"zero": true}}}, "width": 270, "height": 270}, "uid": "id1634319360269_3"}], "date": "2021-10-15T17:36:00.269Z", "label": "recommendations"}, {"constraints": [["mark_tick", 0.011267091935090737], ["x.field_type", 0.017193448757269678], ["color.type_quantitative", 0.008686705711613792]], "recommendations": [{"vega": {"$schema": "https://vega.github.io/schema/vega-lite/v3.json", "data": {"url": "movies.csv"}, "encoding": {"x": {"scale": {"zero": true}}, "y": {}, "color": {"scale": {"zero": true}}, "label": -1}, "width": 270, "height": 270}, "uid": "id1634319452540_1"}, {"vega": {"$schema": "https://vega.github.io/schema/vega-lite/v3.json", "data": {"url": "movies.csv"}, "mark": "bar", "encoding": {"x": {"type": "quantitative", "aggregate": "mean", "field": "rating", "scale": {"zero": true}}, "y": {"type": "ordinal", "field": "type"}, "color": {"type": "quantitative", "aggregate": "count", "scale": {"zero": true}}}, "width": 270, "height": 270}, "uid": "id1634319452625_0"}, {"vega": {"$schema": "https://vega.github.io/schema/vega-lite/v3.json", "data": {"url": "movies.csv"}, "mark": "tick", "encoding": {"y": {"type": "quantitative", "field": "rating", "bin": true, "scale": {"zero": true}}, "color": {"type": "quantitative", "field": "principals", "bin": true}, "x": {"type": "quantitative", "aggregate": "count", "scale": {"zero": true}}}, "width": 270, "height": 270}, "uid": "id1634319452703_1"}, {"vega": {"$schema": "https://vega.github.io/schema/vega-lite/v3.json", "data": {"url": "movies.csv"}, "mark": "tick", "encoding": {"x": {"type": "quantitative", "field": "minutes", "scale": {"zero": true}}, "y": {"type": "ordinal", "field": "principals"}, "color": {"type": "quantitative", "field": "minutes", "scale": {"zero": true}}}, "width": 270, "height": 270}, "uid": "id1634319452783_2"}], "date": "2021-10-15T17:37:32.783Z", "label": "recommendations"}, {"vega": {"vega": {"$schema": "https://vega.github.io/schema/vega-lite/v3.json", "data": {"url": "movies.csv"}, "mark": "tick", "encoding": {"y": {"type": "quantitative", "field": "rating", "bin": true, "scale": {"zero": true}}, "color": {"type": "quantitative", "field": "principals", "bin": true}, "x": {"type": "quantitative", "aggregate": "count", "scale": {"zero": true}}}, "width": 270, "height": 270}, "uid": "id1634319452703_1"}, "label": "pinned", "date": "2021-10-15T17:39:23.721Z"}, {"constraints": [["mark_tick", 0.012036812528236358], ["x.field_type", 0.01087335747043547], ["color.type_quantitative", 0.006220828376935353]], "recommendations": [{"vega": {"$schema": "https://vega.github.io/schema/vega-lite/v3.json", "data": {"url": "movies.csv"}, "mark": "point", "encoding": {"x": {"type": "quantitative", "field": "rating", "scale": {"zero": true}}, "y": {"type": "quantitative", "field": "rating", "scale": {"zero": true}}, "size": {"type": "quantitative", "field": "votes", "scale": {"zero": true}}}, "width": 270, "height": 270}, "uid": "id1634319583669_0"}, {"vega": {"$schema": "https://vega.github.io/schema/vega-lite/v3.json", "data": {"url": "movies.csv"}, "mark": "tick", "encoding": {"y": {"type": "quantitative", "field": "rating", "bin": true}, "color": {"type": "quantitative", "field": "principals", "bin": true, "scale": {"zero": true}}, "x": {"type": "quantitative", "aggregate": "count", "scale": {"zero": true}}}, "width": 270, "height": 270}, "uid": "id1634319583571_2"}, {"vega": {"$schema": "https://vega.github.io/schema/vega-lite/v3.json", "data": {"url": "movies.csv"}, "mark": "area", "encoding": {"y": {}, "x": {"aggregate": "mean", "scale": {"zero": true}}, "color": {"scale": {"zero": true}}, "label": -1, "mark_area": 1}, "width": 270, "height": 270}, "uid": "id1634319583747_3"}, {"vega": {"$schema": "https://vega.github.io/schema/vega-lite/v3.json", "data": {"url": "movies.csv"}, "mark": "bar", "encoding": {"y": {"type": "quantitative", "aggregate": "count", "scale": {"zero": true}}, "x": {"type": "ordinal", "aggregate": "median", "field": "type"}}, "width": 270, "height": 270}, "uid": "id1634319583829_3"}], "date": "2021-10-15T17:39:43.829Z", "label": "recommendations"}, {"constraints": [["x.aggregate_mean", 0.000432786686973112], ["mark_tick", 0.0070761615811397085], ["color.aggregate_count", 0.0004903863257828553], ["x.aggregate_count", 0.0004903863257828553], ["x.field_type", 0.0075694471994390946], ["color.type_quantitative", 0.0010960455524710398]], "recommendations": [{"vega": {"$schema": "https://vega.github.io/schema/vega-lite/v3.json", "data": {"url": "movies.csv"}, "mark": "point", "encoding": {"x": {}, "y": {}, "size": {"scale": {"zero": true}}, "label": 1, "mark_point": 1}, "width": 270, "height": 270}, "uid": "id1634319643676_0"}, {"vega": {"$schema": "https://vega.github.io/schema/vega-lite/v3.json", "data": {"url": "movies.csv"}, "mark": "rect", "encoding": {"row": {"type": "nominal", "field": "type"}, "color": {"type": "nominal", "field": "type"}, "x": {"type": "quantitative", "field": "rating", "bin": true, "scale": {"zero": true}}, "y": {"type": "quantitative", "field": "rating", "bin": true}}, "width": 270, "height": 270}, "uid": "id1634319643783_3"}, {"vega": {"$schema": "https://vega.github.io/schema/vega-lite/v3.json", "data": {"url": "movies.csv"}, "mark": "bar", "encoding": {"y": {"type": "nominal", "field": "type"}, "x": {"type": "quantitative", "aggregate": "mean", "field": "votes", "scale": {"zero": true}}, "color": {"type": "quantitative", "aggregate": "count", "scale": {"zero": true}}}, "width": 270, "height": 270}, "uid": "id1634319643860_0"}, {"vega": {"$schema": "https://vega.github.io/schema/vega-lite/v3.json", "data": {"url": "movies.csv"}, "mark": "point", "encoding": {"x": {}, "y": {}, "size": {"scale": {"zero": true}}, "label": 1, "mark_point": 1}, "width": 270, "height": 270}, "uid": "id1634319643676_2"}], "date": "2021-10-15T17:40:43.932Z", "label": "recommendations"}, {"vega": {"vega": {"$schema": "https://vega.github.io/schema/vega-lite/v3.json", "data": {"url": "movies.csv"}, "mark": "point", "encoding": {"x": {"type": "nominal", "field": "type"}, "y": {"type": "quantitative", "field": "minutes", "bin": true}, "size": {"type": "quantitative", "aggregate": "count", "scale": {"zero": true}}}, "width": 270, "height": 270}, "uid": "id1634319643676_0"}, "label": "pinned", "date": "2021-10-15T17:41:38.437Z"}, {"constraints": [["mark_point", 0.021460968613797718], ["mark_area", 0.001088841006062473], ["x.aggregate_mean", 0.0014932588768498116], ["mark_tick", 0.006562599966162901], ["color.aggregate_count", 0.0003343033164404833], ["x.aggregate_count", 0.0003343033164404833], ["x.field_type", 0.0059730355073992466], ["color.type_quantitative", 0.0029462376958947017]], "recommendations": [{"vega": {"$schema": "https://vega.github.io/schema/vega-lite/v3.json", "data": {"url": "movies.csv"}, "mark": "tick", "encoding": {"x": {"type": "nominal", "field": "type"}, "y": {"type": "quantitative", "field": "minutes", "scale": {"zero": true}}}, "width": 270, "height": 270}, "uid": "id1634319797807_0"}, {"vega": {"$schema": "https://vega.github.io/schema/vega-lite/v3.json", "data": {"url": "movies.csv"}, "encoding": {"x": {"scale": {"zero": true}}, "y": {"aggregate": "mean", "scale": {"zero": true}}, "label": -1}, "width": 270, "height": 270}, "uid": "id1634319797885_2"}, {"vega": {"$schema": "https://vega.github.io/schema/vega-lite/v3.json", "data": {"url": "movies.csv"}, "mark": "tick", "encoding": {"y": {"type": "quantitative", "field": "principals", "scale": {"type": "log", "zero": false}}}, "width": 270, "height": 270}, "uid": "id1634319798011_3"}, {"vega": {"$schema": "https://vega.github.io/schema/vega-lite/v3.json", "data": {"url": "movies.csv"}, "mark": "point", "encoding": {"x": {"type": "quantitative", "aggregate": "count", "scale": {"zero": true}}, "y": {"type": "quantitative", "aggregate": "mean", "field": "votes", "scale": {"zero": true}}}, "width": 270, "height": 270}, "uid": "id1634319798088_3"}], "date": "2021-10-15T17:43:18.088Z", "label": "recommendations"}, {"vega": {"vega": {"$schema": "https://vega.github.io/schema/vega-lite/v3.json", "data": {"url": "movies.csv"}, "mark": "tick", "encoding": {"x": {"type": "nominal", "field": "type"}, "y": {"type": "quantitative", "field": "minutes", "scale": {"zero": true}}}, "width": 270, "height": 270}, "uid": "id1634319797807_0"}, "label": "pinned", "date": "2021-10-15T17:43:30.273Z"}, {"constraints": [["mark_point", 0.006585277060558767], ["mark_area", 0.0013781352796500379], ["x.aggregate_mean", 0.0013650498128753852], ["mark_tick", 0.006519964531079709], ["color.aggregate_count", 0.00036196044979859386], ["x.aggregate_count", 0.0003651841128829535], ["y.field_principals", 0.0011728379280905206], ["x.field_type", 0.0053411208996267815], ["color.type_quantitative", 0.005959476924027701], ["mark_bar", 5.4281803447581785e-05], ["mark_line", 0.00012129634065135558], ["mark_rect", 0.00027482316388453614], ["x.field", 0.0011932467813012967], ["y.field", 0.0011932467813012967], ["x.type_nominal", 0.003440767901148229], ["y.type_quantitative", 0.0005307577474426835], ["y.type_nominal", 0.0006624890338586133]], "recommendations": [{"vega": {"$schema": "https://vega.github.io/schema/vega-lite/v3.json", "data": {"url": "movies.csv"}, "mark": "tick", "encoding": {"y": {"type": "nominal", "field": "type"}, "x": {"type": "quantitative", "field": "minutes", "scale": {"zero": true}}}, "width": 270, "height": 270}, "uid": "id1634319829551_3"}, {"vega": {"$schema": "https://vega.github.io/schema/vega-lite/v3.json", "data": {"url": "movies.csv"}, "mark": "line", "encoding": {"x": {"type": "nominal", "field": "type"}, "y": {"type": "quantitative", "aggregate": "count", "scale": {"zero": false}}}, "width": 270, "height": 270}, "uid": "id1634319829627_2"}, {"vega": {"$schema": "https://vega.github.io/schema/vega-lite/v3.json", "data": {"url": "movies.csv"}, "mark": "line", "encoding": {"color": {"type": "nominal", "field": "type"}, "x": {"type": "quantitative", "aggregate": "mean", "field": "minutes", "scale": {"zero": true}}, "y": {"type": "quantitative", "aggregate": "count", "scale": {"zero": true}}}, "width": 270, "height": 270}, "uid": "id1634319829701_1"}, {"vega": {"$schema": "https://vega.github.io/schema/vega-lite/v3.json", "data": {"url": "movies.csv"}, "encoding": {"row": {"type": "nominal", "field": "type"}, "color": {"field": "type"}, "x": {}, "y": {"scale": {"zero": true}}, "label": 1}, "width": 270, "height": 270}, "uid": "id1634319829774_1"}], "date": "2021-10-15T17:43:49.774Z", "label": "recommendations"}, {"constraints": [["row.type_nominal", 0.019209687319887585], ["row.field_type", 0.019209687319887585], ["color.field_type", 0.019209687319887585], ["mark_point", 0.005029490564639156], ["mark_area", 0.00226338291333528], ["x.aggregate_mean", 0.0012015488344145574], ["mark_tick", 0.0077986111160447255], ["color.aggregate_count", 0.0003484885564789335], ["x.aggregate_count", 0.0003487266232456546], ["y.field_principals", 0.0013296100498777176], ["x.field_type", 0.004715142695983682], ["color.type_quantitative", 0.011390531318292598], ["mark_bar", 0.0017251893791174547], ["mark_line", 0.002863176409110179], ["mark_rect", 0.0019149082701269656], ["x.field", 0.011554745954349428], ["y.field", 0.011554745954349428], ["color.field", 0.00954461138887471], ["x.type_quantitative", 0.007723870112505401], ["x.type_nominal", 0.0038308758418440308], ["y.type_quantitative", 0.009916172594518683], ["y.type_nominal", 0.0016385733598307457], ["color.type_nominal", 0.0027427674934783117]], "recommendations": [{"vega": {"$schema": "https://vega.github.io/schema/vega-lite/v3.json", "data": {"url": "movies.csv"}, "mark": "tick", "encoding": {"x": {"type": "quantitative", "field": "minutes", "scale": {"zero": true}}}, "width": 270, "height": 270}, "uid": "id1634319871687_2"}, {"vega": {"$schema": "https://vega.github.io/schema/vega-lite/v3.json", "data": {"url": "movies.csv"}, "mark": "rect", "encoding": {"x": {"type": "nominal", "field": "type"}, "y": {"type": "quantitative", "field": "votes", "bin": true, "scale": {"zero": true}}, "color": {"type": "quantitative", "aggregate": "count", "scale": {"zero": true}}}, "width": 270, "height": 270}, "uid": "id1634319871760_1"}, {"vega": {"$schema": "https://vega.github.io/schema/vega-lite/v3.json", "data": {"url": "movies.csv"}, "mark": "tick", "encoding": {"y": {"type": "ordinal", "field": "genre"}, "x": {"type": "quantitative", "aggregate": "count", "scale": {"zero": true}}, "row": {"type": "nominal", "field": "type"}, "color": {"type": "ordinal", "field": "type"}}, "width": 270, "height": 270}, "uid": "id1634319871909_3"}, {"vega": {"$schema": "https://vega.github.io/schema/vega-lite/v3.json", "data": {"url": "movies.csv"}, "mark": "tick", "encoding": {"y": {"type": "ordinal", "field": "genre"}, "x": {"type": "quantitative", "aggregate": "count", "scale": {"zero": true}}, "row": {"type": "nominal", "field": "type"}, "color": {"type": "ordinal", "field": "type"}}, "width": 270, "height": 270}, "uid": "id1634319871835_2"}], "date": "2021-10-15T17:44:31.909Z", "label": "recommendations"}, {"constraints": [["row.type_nominal", 0.019209687319887585], ["row.field_type", 0.019209687319887585], ["color.field_type", 0.019209687319887585], ["mark_point", 0.005029490564639156], ["mark_area", 0.00226338291333528], ["x.aggregate_mean", 0.0012015488344145574], ["mark_tick", 0.0077986111160447255], ["color.aggregate_count", 0.0003484885564789335], ["x.aggregate_count", 0.0003487266232456546], ["y.field_principals", 0.0013296100498777176], ["x.field_type", 0.004715142695983682], ["color.type_quantitative", 0.011390531318292598], ["mark_bar", 0.0017251893791174547], ["mark_line", 0.002863176409110179], ["mark_rect", 0.0019149082701269656], ["x.field", 0.011554745954349428], ["y.field", 0.011554745954349428], ["color.field", 0.00954461138887471], ["x.type_quantitative", 0.007723870112505401], ["x.type_nominal", 0.0038308758418440308], ["y.type_quantitative", 0.009916172594518683], ["y.type_nominal", 0.0016385733598307457], ["color.type_nominal", 0.0027427674934783117]], "recommendations": [{"vega": {"$schema": "https://vega.github.io/schema/vega-lite/v3.json", "data": {"url": "movies.csv"}, "mark": "bar", "encoding": {"y": {"type": "ordinal", "field": "genre"}, "x": {"type": "quantitative", "aggregate": "count", "stack": "zero", "scale": {"zero": true}}, "row": {"type": "nominal", "field": "type"}, "color": {"type": "ordinal", "field": "type"}}, "width": 270, "height": 270}, "uid": "id1634319910524_1"}, {"vega": {"$schema": "https://vega.github.io/schema/vega-lite/v3.json", "data": {"url": "movies.csv"}, "mark": "tick", "encoding": {"y": {"type": "ordinal", "field": "genre"}, "x": {"type": "quantitative", "aggregate": "count", "scale": {"zero": true}}, "row": {"type": "nominal", "field": "type"}, "color": {"type": "ordinal", "field": "type"}}, "width": 270, "height": 270}, "uid": "id1634319910601_2"}, {"vega": {"$schema": "https://vega.github.io/schema/vega-lite/v3.json", "data": {"url": "movies.csv"}, "mark": "tick", "encoding": {"y": {"type": "quantitative", "field": "principals", "scale": {"zero": true}}}, "width": 270, "height": 270}, "uid": "id1634319910684_0"}, {"vega": {"$schema": "https://vega.github.io/schema/vega-lite/v3.json", "data": {"url": "movies.csv"}, "mark": "point", "encoding": {"y": {"type": "nominal", "field": "type"}, "x": {"type": "quantitative", "field": "votes", "bin": true, "scale": {"zero": true}}, "size": {"type": "quantitative", "aggregate": "count", "scale": {"zero": true}}}, "width": 270, "height": 270}, "uid": "id1634319910763_3"}], "date": "2021-10-15T17:45:10.763Z", "label": "recommendations"}, {"constraints": [["row.type_nominal", 0.019209687319887585], ["row.field_type", 0.019209687319887585], ["color.field_type", 0.019209687319887585], ["mark_point", 0.005029490564639156], ["mark_area", 0.00226338291333528], ["x.aggregate_mean", 0.0012015488344145574], ["mark_tick", 0.0077986111160447255], ["color.aggregate_count", 0.0003484885564789335], ["x.aggregate_count", 0.0003487266232456546], ["y.field_principals", 0.0013296100498777176], ["x.field_type", 0.004715142695983682], ["color.type_quantitative", 0.011390531318292598], ["mark_bar", 0.0017251893791174547], ["mark_line", 0.002863176409110179], ["mark_rect", 0.0019149082701269656], ["x.field", 0.011554745954349428], ["y.field", 0.011554745954349428], ["color.field", 0.00954461138887471], ["x.type_quantitative", 0.007723870112505401], ["x.type_nominal", 0.0038308758418440308], ["y.type_quantitative", 0.009916172594518683], ["y.type_nominal", 0.0016385733598307457], ["color.type_nominal", 0.0027427674934783117]], "recommendations": [{"vega": {"$schema": "https://vega.github.io/schema/vega-lite/v3.json", "data": {"url": "movies.csv"}, "mark": "bar", "encoding": {"y": {"type": "ordinal", "field": "genre"}, "x": {"type": "quantitative", "aggregate": "count", "stack": "zero", "scale": {"zero": true}}, "row": {"type": "nominal", "field": "type"}, "color": {"type": "ordinal", "field": "type"}}, "width": 270, "height": 270}, "uid": "id1634319914322_0"}, {"vega": {"$schema": "https://vega.github.io/schema/vega-lite/v3.json", "data": {"url": "movies.csv"}, "mark": "rect", "encoding": {"color": {"type": "quantitative", "aggregate": "count", "scale": {"zero": true}}, "x": {"type": "nominal", "field": "type"}, "y": {"type": "quantitative", "field": "rating", "bin": true}}, "width": 270, "height": 270}, "uid": "id1634319914401_0"}, {"vega": {"$schema": "https://vega.github.io/schema/vega-lite/v3.json", "data": {"url": "movies.csv"}, "mark": "tick", "encoding": {"y": {"type": "quantitative", "field": "principals", "scale": {"zero": false}}}, "width": 270, "height": 270}, "uid": "id1634319914489_2"}, {"vega": {"$schema": "https://vega.github.io/schema/vega-lite/v3.json", "data": {"url": "movies.csv"}, "mark": "bar", "encoding": {"y": {"type": "ordinal", "field": "genre"}, "x": {"type": "quantitative", "aggregate": "count", "stack": "zero", "scale": {"zero": true}}, "row": {"type": "nominal", "field": "type"}, "color": {"type": "ordinal", "field": "type"}}, "width": 270, "height": 270}, "uid": "id1634319914563_0"}], "date": "2021-10-15T17:45:14.563Z", "label": "recommendations"}, {"vega": {"vega": {"$schema": "https://vega.github.io/schema/vega-lite/v3.json", "data": {"url": "movies.csv"}, "mark": "rect", "encoding": {"color": {"type": "quantitative", "aggregate": "count", "scale": {"zero": true}}, "x": {"type": "nominal", "field": "type"}, "y": {"type": "quantitative", "field": "rating", "bin": true}}, "width": 270, "height": 270}, "uid": "id1634319914401_0"}, "label": "pinned", "date": "2021-10-15T17:45:29.900Z"}, {"chart": {"vega": {"$schema": "https://vega.github.io/schema/vega-lite/v3.json", "data": {"url": "movies.csv"}, "mark": "point", "encoding": {"x": {"type": "nominal", "field": "type"}, "y": {"type": "quantitative", "field": "rating", "bin": true, "scale": {"zero": true}}, "size": {"type": "quantitative", "aggregate": "count", "scale": {"zero": true}}}, "width": 270, "height": 270}, "uid": "id1634319081937_3"}, "label": "unpinned", "date": "2021-10-15T17:45:33.303Z"}, {"constraints": [["row.type_nominal", 0.019209687319887585], ["row.field_type", 0.019209687319887585], ["color.field_type", 0.019209687319887585], ["mark_point", 0.005029490564639156], ["mark_area", 0.00226338291333528], ["x.aggregate_mean", 0.0012015488344145574], ["mark_tick", 0.0077986111160447255], ["color.aggregate_count", 0.0003484885564789335], ["x.aggregate_count", 0.0003487266232456546], ["y.field_principals", 0.0013296100498777176], ["x.field_type", 0.004715142695983682], ["color.type_quantitative", 0.011390531318292598], ["mark_bar", 0.0017251893791174547], ["mark_line", 0.002863176409110179], ["mark_rect", 0.0019149082701269656], ["x.field", 0.011554745954349428], ["y.field", 0.011554745954349428], ["color.field", 0.00954461138887471], ["x.type_quantitative", 0.007723870112505401], ["x.type_nominal", 0.0038308758418440308], ["y.type_quantitative", 0.009916172594518683], ["y.type_nominal", 0.0016385733598307457], ["color.type_nominal", 0.0027427674934783117]], "recommendations": [{"vega": {"$schema": "https://vega.github.io/schema/vega-lite/v3.json", "data": {"url": "movies.csv"}, "mark": "bar", "encoding": {"y": {"type": "ordinal", "field": "genre"}, "x": {"type": "quantitative", "aggregate": "count", "stack": "zero", "scale": {"zero": true}}, "row": {"type": "nominal", "field": "type"}, "color": {"type": "ordinal", "field": "type"}}, "width": 270, "height": 270}, "uid": "id1634319938072_0"}, {"vega": {"$schema": "https://vega.github.io/schema/vega-lite/v3.json", "data": {"url": "movies.csv"}, "mark": "bar", "encoding": {"y": {"type": "ordinal", "field": "genre"}, "x": {"type": "quantitative", "aggregate": "count", "stack": "zero", "scale": {"zero": true}}, "row": {"type": "nominal", "field": "type"}, "color": {"type": "ordinal", "field": "type"}}, "width": 270, "height": 270}, "uid": "id1634319938149_0"}, {"vega": {"$schema": "https://vega.github.io/schema/vega-lite/v3.json", "data": {"url": "movies.csv"}, "mark": "tick", "encoding": {"x": {"type": "quantitative", "field": "principals", "scale": {"zero": true}}, "y": {"type": "ordinal", "field": "principals"}, "color": {"type": "quantitative", "field": "minutes", "scale": {"zero": true}}}, "width": 270, "height": 270}, "uid": "id1634319938226_0"}, {"vega": {"$schema": "https://vega.github.io/schema/vega-lite/v3.json", "data": {"url": "movies.csv"}, "mark": "point", "encoding": {"x": {"type": "quantitative", "aggregate": "count", "scale": {"zero": true}}, "y": {"type": "quantitative", "aggregate": "mean", "field": "principals", "scale": {"zero": true}}}, "width": 270, "height": 270}, "uid": "id1634319938310_2"}], "date": "2021-10-15T17:45:38.310Z", "label": "recommendations"}, {"constraints": [["row.type_nominal", 0.019209687319887585], ["row.field_type", 0.019209687319887585], ["color.field_type", 0.019209687319887585], ["mark_point", 0.005029490564639156], ["mark_area", 0.00226338291333528], ["x.aggregate_mean", 0.0012015488344145574], ["mark_tick", 0.0077986111160447255], ["color.aggregate_count", 0.0003484885564789335], ["x.aggregate_count", 0.0003487266232456546], ["y.field_principals", 0.0013296100498777176], ["x.field_type", 0.004715142695983682], ["color.type_quantitative", 0.011390531318292598], ["mark_bar", 0.0017251893791174547], ["mark_line", 0.002863176409110179], ["mark_rect", 0.0019149082701269656], ["x.field", 0.011554745954349428], ["y.field", 0.011554745954349428], ["color.field", 0.00954461138887471], ["x.type_quantitative", 0.007723870112505401], ["x.type_nominal", 0.0038308758418440308], ["y.type_quantitative", 0.009916172594518683], ["y.type_nominal", 0.0016385733598307457], ["color.type_nominal", 0.0027427674934783117]], "recommendations": [{"vega": {"$schema": "https://vega.github.io/schema/vega-lite/v3.json", "data": {"url": "movies.csv"}, "mark": "tick", "encoding": {"y": {"type": "ordinal", "field": "genre"}, "x": {"type": "quantitative", "aggregate": "count", "scale": {"zero": true}}, "row": {"type": "nominal", "field": "type"}, "color": {"type": "ordinal", "field": "type"}}, "width": 270, "height": 270}, "uid": "id1634319945731_2"}, {"vega": {"$schema": "https://vega.github.io/schema/vega-lite/v3.json", "data": {"url": "movies.csv"}, "mark": "point", "encoding": {"y": {"type": "nominal", "field": "type"}, "x": {"type": "quantitative", "field": "votes", "bin": true, "scale": {"zero": true}}, "color": {"type": "quantitative", "aggregate": "count", "scale": {"zero": true}}}, "width": 270, "height": 270}, "uid": "id1634319945810_1"}, {"vega": {"$schema": "https://vega.github.io/schema/vega-lite/v3.json", "data": {"url": "movies.csv"}, "mark": "point", "encoding": {"x": {"type": "quantitative", "aggregate": "count", "scale": {"zero": true}}, "y": {"type": "quantitative", "aggregate": "mean", "field": "principals", "scale": {"zero": true}}}, "width": 270, "height": 270}, "uid": "id1634319945898_1"}, {"vega": {"$schema": "https://vega.github.io/schema/vega-lite/v3.json", "data": {"url": "movies.csv"}, "mark": "bar", "encoding": {"y": {"type": "ordinal", "field": "genre"}, "x": {"type": "quantitative", "aggregate": "count", "stack": "zero", "scale": {"zero": true}}, "row": {"type": "nominal", "field": "type"}, "color": {"type": "ordinal", "field": "type"}}, "width": 270, "height": 270}, "uid": "id1634319945972_0"}], "date": "2021-10-15T17:45:45.972Z", "label": "recommendations"}, {"constraints": [["row.type_nominal", 0.019209687319887585], ["row.field_type", 0.019209687319887585], ["color.field_type", 0.019209687319887585], ["mark_point", 0.005029490564639156], ["mark_area", 0.00226338291333528], ["x.aggregate_mean", 0.0012015488344145574], ["mark_tick", 0.0077986111160447255], ["color.aggregate_count", 0.0003484885564789335], ["x.aggregate_count", 0.0003487266232456546], ["y.field_principals", 0.0013296100498777176], ["x.field_type", 0.004715142695983682], ["color.type_quantitative", 0.011390531318292598], ["mark_bar", 0.0017251893791174547], ["mark_line", 0.002863176409110179], ["mark_rect", 0.0019149082701269656], ["x.field", 0.011554745954349428], ["y.field", 0.011554745954349428], ["color.field", 0.00954461138887471], ["x.type_quantitative", 0.007723870112505401], ["x.type_nominal", 0.0038308758418440308], ["y.type_quantitative", 0.009916172594518683], ["y.type_nominal", 0.0016385733598307457], ["color.type_nominal", 0.0027427674934783117]], "recommendations": [{"vega": {"$schema": "https://vega.github.io/schema/vega-lite/v3.json", "data": {"url": "movies.csv"}, "mark": "point", "encoding": {"size": {"type": "quantitative", "aggregate": "count", "scale": {"zero": true}}, "x": {"type": "quantitative", "aggregate": "count", "scale": {"zero": true}}, "y": {"type": "quantitative", "aggregate": "mean", "field": "principals", "scale": {"zero": true}}, "color": {"type": "quantitative", "aggregate": "count", "scale": {"zero": true}}}, "width": 270, "height": 270}, "uid": "id1634319952479_3"}, {"vega": {"$schema": "https://vega.github.io/schema/vega-lite/v3.json", "data": {"url": "movies.csv"}, "mark": "tick", "encoding": {"y": {"type": "quantitative", "field": "rating", "bin": true, "scale": {"zero": true}}, "x": {"type": "quantitative", "field": "principals", "scale": {"zero": true}}}, "width": 270, "height": 270}, "uid": "id1634319952560_1"}, {"vega": {"$schema": "https://vega.github.io/schema/vega-lite/v3.json", "data": {"url": "movies.csv"}, "mark": "bar", "encoding": {"y": {"type": "ordinal", "field": "genre"}, "x": {"type": "quantitative", "aggregate": "count", "stack": "zero", "scale": {"zero": true}}, "row": {"type": "nominal", "field": "type"}, "color": {"type": "ordinal", "field": "type"}}, "width": 270, "height": 270}, "uid": "id1634319952634_0"}, {"vega": {"$schema": "https://vega.github.io/schema/vega-lite/v3.json", "data": {"url": "movies.csv"}, "mark": "bar", "encoding": {"y": {"type": "ordinal", "field": "genre"}, "x": {"type": "quantitative", "aggregate": "count", "stack": "zero", "scale": {"zero": true}}, "row": {"type": "nominal", "field": "type"}, "color": {"type": "ordinal", "field": "type"}}, "width": 270, "height": 270}, "uid": "id1634319952712_0"}], "date": "2021-10-15T17:45:52.712Z", "label": "recommendations"}, {"constraints": [["row.type_nominal", 0.019209687319887585], ["row.field_type", 0.019209687319887585], ["color.field_type", 0.019209687319887585], ["mark_point", 0.005029490564639156], ["mark_area", 0.00226338291333528], ["x.aggregate_mean", 0.0012015488344145574], ["mark_tick", 0.0077986111160447255], ["color.aggregate_count", 0.0003484885564789335], ["x.aggregate_count", 0.0003487266232456546], ["y.field_principals", 0.0013296100498777176], ["x.field_type", 0.004715142695983682], ["color.type_quantitative", 0.011390531318292598], ["mark_bar", 0.0017251893791174547], ["mark_line", 0.002863176409110179], ["mark_rect", 0.0019149082701269656], ["x.field", 0.011554745954349428], ["y.field", 0.011554745954349428], ["color.field", 0.00954461138887471], ["x.type_quantitative", 0.007723870112505401], ["x.type_nominal", 0.0038308758418440308], ["y.type_quantitative", 0.009916172594518683], ["y.type_nominal", 0.0016385733598307457], ["color.type_nominal", 0.0027427674934783117]], "recommendations": [{"vega": {"$schema": "https://vega.github.io/schema/vega-lite/v3.json", "data": {"url": "movies.csv"}, "mark": "bar", "encoding": {"y": {"type": "ordinal", "field": "genre"}, "x": {"type": "quantitative", "aggregate": "count", "stack": "zero", "scale": {"zero": true}}, "row": {"type": "nominal", "field": "type"}, "color": {"type": "ordinal", "field": "type"}}, "width": 270, "height": 270}, "uid": "id1634319958241_0"}, {"vega": {"$schema": "https://vega.github.io/schema/vega-lite/v3.json", "data": {"url": "movies.csv"}, "mark": "area", "encoding": {"y": {"type": "quantitative", "field": "votes", "bin": true}, "x": {"type": "quantitative", "aggregate": "count", "scale": {"zero": true}}}, "width": 270, "height": 270}, "uid": "id1634319958311_2"}, {"vega": {"$schema": "https://vega.github.io/schema/vega-lite/v3.json", "data": {"url": "movies.csv"}, "mark": "bar", "encoding": {"y": {"type": "ordinal", "field": "genre"}, "x": {"type": "quantitative", "aggregate": "count", "scale": {"zero": true}}}, "width": 270, "height": 270}, "uid": "id1634319958388_2"}, {"vega": {"$schema": "https://vega.github.io/schema/vega-lite/v3.json", "data": {"url": "movies.csv"}, "mark": "bar", "encoding": {"y": {"type": "ordinal", "field": "genre"}, "x": {"type": "quantitative", "aggregate": "count", "stack": "zero", "scale": {"zero": true}}, "row": {"type": "nominal", "field": "type"}, "color": {"type": "ordinal", "field": "type"}}, "width": 270, "height": 270}, "uid": "id1634319958461_1"}], "date": "2021-10-15T17:45:58.462Z", "label": "recommendations"}, {"constraints": [["row.type_nominal", 0.019209687319887585], ["row.field_type", 0.019209687319887585], ["color.field_type", 0.019209687319887585], ["mark_point", 0.005029490564639156], ["mark_area", 0.00226338291333528], ["x.aggregate_mean", 0.0012015488344145574], ["mark_tick", 0.0077986111160447255], ["color.aggregate_count", 0.0003484885564789335], ["x.aggregate_count", 0.0003487266232456546], ["y.field_principals", 0.0013296100498777176], ["x.field_type", 0.004715142695983682], ["color.type_quantitative", 0.011390531318292598], ["mark_bar", 0.0017251893791174547], ["mark_line", 0.002863176409110179], ["mark_rect", 0.0019149082701269656], ["x.field", 0.011554745954349428], ["y.field", 0.011554745954349428], ["color.field", 0.00954461138887471], ["x.type_quantitative", 0.007723870112505401], ["x.type_nominal", 0.0038308758418440308], ["y.type_quantitative", 0.009916172594518683], ["y.type_nominal", 0.0016385733598307457], ["color.type_nominal", 0.0027427674934783117]], "recommendations": [{"vega": {"$schema": "https://vega.github.io/schema/vega-lite/v3.json", "data": {"url": "movies.csv"}, "mark": "bar", "encoding": {"y": {"type": "ordinal", "field": "genre"}, "x": {"type": "quantitative", "aggregate": "count", "stack": "zero", "scale": {"zero": true}}, "row": {"type": "nominal", "field": "type"}, "color": {"type": "ordinal", "field": "type"}}, "width": 270, "height": 270}, "uid": "id1634319964502_0"}, {"vega": {"$schema": "https://vega.github.io/schema/vega-lite/v3.json", "data": {"url": "movies.csv"}, "mark": "bar", "encoding": {"y": {"type": "ordinal", "field": "genre"}, "x": {"type": "quantitative", "aggregate": "count", "stack": "zero", "scale": {"zero": true}}, "row": {"type": "nominal", "field": "type"}, "color": {"type": "ordinal", "field": "type"}}, "width": 270, "height": 270}, "uid": "id1634319964578_0"}, {"vega": {"$schema": "https://vega.github.io/schema/vega-lite/v3.json", "data": {"url": "movies.csv"}, "mark": "bar", "encoding": {"x": {"type": "nominal", "field": "type"}, "y": {"type": "quantitative", "aggregate": "mean", "field": "minutes", "scale": {"zero": true}}}, "width": 270, "height": 270}, "uid": "id1634319964655_3"}, {"vega": {"$schema": "https://vega.github.io/schema/vega-lite/v3.json", "data": {"url": "movies.csv"}, "mark": "area", "encoding": {"y": {"type": "quantitative", "aggregate": "count", "scale": {"zero": true}}, "x": {"type": "quantitative", "aggregate": "mean", "field": "votes", "scale": {"zero": true}}}, "width": 270, "height": 270}, "uid": "id1634319964728_3"}], "date": "2021-10-15T17:46:04.728Z", "label": "recommendations"}, {"constraints": [["row.type_nominal", 0.019209687319887585], ["row.field_type", 0.019209687319887585], ["color.field_type", 0.019209687319887585], ["mark_point", 0.005029490564639156], ["mark_area", 0.00226338291333528], ["x.aggregate_mean", 0.0012015488344145574], ["mark_tick", 0.0077986111160447255], ["color.aggregate_count", 0.0003484885564789335], ["x.aggregate_count", 0.0003487266232456546], ["y.field_principals", 0.0013296100498777176], ["x.field_type", 0.004715142695983682], ["color.type_quantitative", 0.011390531318292598], ["mark_bar", 0.0017251893791174547], ["mark_line", 0.002863176409110179], ["mark_rect", 0.0019149082701269656], ["x.field", 0.011554745954349428], ["y.field", 0.011554745954349428], ["color.field", 0.00954461138887471], ["x.type_quantitative", 0.007723870112505401], ["x.type_nominal", 0.0038308758418440308], ["y.type_quantitative", 0.009916172594518683], ["y.type_nominal", 0.0016385733598307457], ["color.type_nominal", 0.0027427674934783117]], "recommendations": [{"vega": {"$schema": "https://vega.github.io/schema/vega-lite/v3.json", "data": {"url": "movies.csv"}, "mark": "bar", "encoding": {"y": {"type": "ordinal", "field": "genre"}, "x": {"type": "quantitative", "aggregate": "count", "stack": "zero", "scale": {"zero": true}}, "row": {"type": "nominal", "field": "type"}, "color": {"type": "ordinal", "field": "type"}}, "width": 270, "height": 270}, "uid": "id1634319983630_1"}, {"vega": {"$schema": "https://vega.github.io/schema/vega-lite/v3.json", "data": {"url": "movies.csv"}, "mark": "point", "encoding": {"y": {"type": "nominal", "field": "type"}, "x": {"type": "quantitative", "field": "votes", "bin": true}, "size": {"type": "quantitative", "aggregate": "count", "scale": {"zero": true}}}, "width": 270, "height": 270}, "uid": "id1634319983718_0"}, {"vega": {"$schema": "https://vega.github.io/schema/vega-lite/v3.json", "data": {"url": "movies.csv"}, "mark": "bar", "encoding": {"y": {"type": "ordinal", "field": "genre"}, "x": {"type": "quantitative", "aggregate": "count", "stack": "zero", "scale": {"zero": true}}, "row": {"type": "nominal", "field": "type"}, "color": {"type": "ordinal", "field": "type"}}, "width": 270, "height": 270}, "uid": "id1634319983804_0"}, {"vega": {"$schema": "https://vega.github.io/schema/vega-lite/v3.json", "data": {"url": "movies.csv"}, "mark": "tick", "encoding": {"y": {"type": "quantitative", "field": "rating", "bin": true}, "x": {"type": "quantitative", "field": "principals", "scale": {"zero": true}}}, "width": 270, "height": 270}, "uid": "id1634319983876_0"}], "date": "2021-10-15T17:46:23.876Z", "label": "recommendations"}]}