{"participant": {"age": ">=35", "gender": "M", "tools": "n/a", "experience": "0"}, "session": [{"constraints": [], "recommendations": [{"vega": {"$schema": "https://vega.github.io/schema/vega-lite/v3.json", "data": {"url": "movies.csv"}, "mark": "point", "encoding": {"x": {"type": "quantitative", "aggregate": "count", "scale": {"zero": true}}, "y": {"type": "quantitative", "aggregate": "mean", "field": "rating", "scale": {"zero": true}}}, "width": 270, "height": 270}, "uid": "id1632853085198_2"}, {"vega": {"$schema": "https://vega.github.io/schema/vega-lite/v3.json", "data": {"url": "movies.csv"}, "mark": "line", "encoding": {"x": {"type": "nominal", "field": "type"}, "y": {"type": "quantitative", "aggregate": "count", "scale": {"zero": true}}, "color": {"type": "quantitative", "aggregate": "mean", "field": "principals", "scale": {"zero": true}}}, "width": 270, "height": 270}, "uid": "id1632853084423_1"}, {"vega": {"$schema": "https://vega.github.io/schema/vega-lite/v3.json", "data": {"url": "movies.csv"}, "mark": "point", "encoding": {"x": {"type": "quantitative", "aggregate": "count", "scale": {"zero": true}}, "y": {"type": "quantitative", "aggregate": "mean", "field": "votes", "scale": {"zero": true}}}, "width": 270, "height": 270}, "uid": "id1632853085198_3"}, {"vega": {"$schema": "https://vega.github.io/schema/vega-lite/v3.json", "data": {"url": "movies.csv"}, "mark": "line", "encoding": {"x": {"type": "nominal", "field": "type"}, "y": {"type": "quantitative", "aggregate": "count", "scale": {"zero": true}}, "color": {"type": "quantitative", "aggregate": "mean", "field": "principals", "scale": {"zero": true}}}, "width": 270, "height": 270}, "uid": "id1632853084423_0"}], "date": "2021-09-28T18:18:05.199Z", "label": "recommendations"}, {"constraints": [], "recommendations": [{"vega": {"$schema": "https://vega.github.io/schema/vega-lite/v3.json", "data": {"url": "movies.csv"}, "mark": "point", "encoding": {"x": {"type": "nominal", "field": "type"}, "y": {"type": "quantitative", "field": "rating", "bin": "True"}, "size": {"type": "quantitative", "aggregate": "count", "scale": {"zero": true}}}, "width": 270, "height": 270}, "uid": "id1632853307720_2"}, {"vega": {"$schema": "https://vega.github.io/schema/vega-lite/v3.json", "data": {"url": "movies.csv"}, "mark": "rect", "encoding": {"color": {"type": "quantitative", "aggregate": "count", "scale": {"zero": true}}, "x": {"type": "nominal", "field": "type"}, "y": {"type": "quantitative", "field": "rating", "bin": true, "scale": {"zero": true}}}, "width": 270, "height": 270}, "uid": "id1632853308144_1"}, {"vega": {"$schema": "https://vega.github.io/schema/vega-lite/v3.json", "data": {"url": "movies.csv"}, "mark": "point", "encoding": {"size": {"type": "quantitative", "aggregate": "count", "scale": {"zero": true}}, "y": {"type": "nominal", "field": "type"}, "x": {"type": "quantitative", "field": "minutes", "bin": true, "scale": {"zero": true}}}, "width": 270, "height": 270}, "uid": "id1632853308985_1"}, {"vega": {"$schema": "https://vega.github.io/schema/vega-lite/v3.json", "data": {"url": "movies.csv"}, "mark": "bar", "encoding": {"y": {"type": "nominal", "field": "type"}, "x": {"type": "quantitative", "aggregate": "mean", "field": "minutes", "scale": {"zero": true}}}, "width": 270, "height": 270}, "uid": "id1632853308559_2"}], "date": "2021-09-28T18:21:48.985Z", "label": "recommendations"}, {"vega": {"vega": {"$schema": "https://vega.github.io/schema/vega-lite/v3.json", "data": {"url": "movies.csv"}, "mark": "point", "encoding": {"x": {"type": "nominal", "field": "type"}, "y": {"type": "quantitative", "field": "rating", "bin": true}, "size": {"type": "quantitative", "aggregate": "count", "scale": {"zero": true}}}, "width": 270, "height": 270}, "uid": "id1632853307720_2"}, "label": "pinned", "date": "2021-09-28T18:24:12.583Z"}, {"constraints": [], "recommendations": [{"vega": {"$schema": "https://vega.github.io/schema/vega-lite/v3.json", "data": {"url": "movies.csv"}, "encoding": {"size": {"scale": {"zero": true}}, "x": {"aggregate": "count", "scale": {"zero": true}}, "y": {"scale": {"zero": true}}, "color": {"scale": {"zero": true}}, "label": 1}, "width": 270, "height": 270}, "uid": "id1632853666834_0"}, {"vega": {"$schema": "https://vega.github.io/schema/vega-lite/v3.json", "data": {"url": "movies.csv"}, "mark": "tick", "encoding": {"y": {"type": "quantitative", "field": "rating", "bin": true}, "color": {"type": "quantitative", "field": "principals", "bin": true}, "x": {"type": "quantitative", "aggregate": "count", "scale": {"zero": true}}}, "width": 270, "height": 270}, "uid": "id1632853667278_0"}, {"vega": {"$schema": "https://vega.github.io/schema/vega-lite/v3.json", "data": {"url": "movies.csv"}, "mark": "rect", "encoding": {"color": {"type": "quantitative", "aggregate": "count", "scale": {"zero": true}}, "x": {"type": "quantitative", "field": "minutes", "bin": true}, "y": {"type": "quantitative", "field": "votes", "bin": true, "scale": {"zero": true}}}, "width": 270, "height": 270}, "uid": "id1632853667661_1"}, {"vega": {"$schema": "https://vega.github.io/schema/vega-lite/v3.json", "data": {"url": "movies.csv"}, "mark": "point", "encoding": {"x": {"type": "quantitative", "aggregate": "count", "scale": {"zero": true}}, "y": {"type": "quantitative", "aggregate": "mean", "field": "rating", "scale": {"zero": true}}}, "width": 270, "height": 270}, "uid": "id1632853668141_2"}], "date": "2021-09-28T18:27:48.141Z", "label": "recommendations"}, {"constraints": [["x.aggregate_count", 0.018518518518518517]], "recommendations": [{"vega": {"$schema": "https://vega.github.io/schema/vega-lite/v3.json", "data": {"url": "movies.csv"}, "mark": "point", "encoding": {"y": {"type": "nominal", "field": "type"}, "x": {"type": "quantitative", "field": "votes", "bin": true}, "color": {"type": "quantitative", "aggregate": "count", "scale": {"zero": true}}}, "width": 270, "height": 270}, "uid": "id1632853959045_3"}, {"vega": {"$schema": "https://vega.github.io/schema/vega-lite/v3.json", "data": {"url": "movies.csv"}, "mark": "point", "encoding": {"x": {"type": "nominal", "field": "type"}, "y": {"type": "quantitative", "field": "votes", "bin": true}, "color": {"type": "quantitative", "aggregate": "count", "scale": {"zero": true}}}, "width": 270, "height": 270}, "uid": "id1632853959483_3"}, {"vega": {"$schema": "https://vega.github.io/schema/vega-lite/v3.json", "data": {"url": "movies.csv"}, "encoding": {"y": {"field": "type"}, "x": {"scale": {"zero": true}}, "label": 1}, "width": 270, "height": 270}, "uid": "id1632853959935_3"}, {"vega": {"$schema": "https://vega.github.io/schema/vega-lite/v3.json", "data": {"url": "movies.csv"}, "mark": "bar", "encoding": {"x": {"type": "quantitative", "aggregate": "count", "scale": {"zero": true}}}, "width": 270, "height": 270}, "uid": "id1632853960383_0"}], "date": "2021-09-28T18:32:40.384Z", "label": "recommendations"}, {"vega": {"vega": {"$schema": "https://vega.github.io/schema/vega-lite/v3.json", "data": {"url": "movies.csv"}, "mark":"bar", "encoding": {"y": {"type": "ordinal", "field": "type"}, "x": {"type": "quantitative", "aggregate": "count", "scale": {"zero": true}}, "label": 1}, "width": 270, "height": 270}, "uid": "id1632853959935_3"}, "label": "pinned", "date": "2021-09-28T18:33:20.499Z"}, {"constraints": [["y.field_genre", 0.004724137931034482], ["y.field_type", 0.0034724137931034476], ["x.aggregate_count", 0.004287931034482759]], "recommendations": [{"vega": {"$schema": "https://vega.github.io/schema/vega-lite/v3.json", "data": {"url": "movies.csv"}, "mark": "tick", "encoding": {"x": {"scale": {"zero": true}}, "y": {}, "label": -1, "mark_tick": 1}, "width": 270, "height": 270}, "uid": "id1632854055218_3"}, {"vega": {"$schema": "https://vega.github.io/schema/vega-lite/v3.json", "data": {"url": "movies.csv"}, "mark": "line", "encoding": {"x": {"type": "nominal", "field": "type"}, "y": {"type": "quantitative", "aggregate": "count", "scale": {"zero": true}}, "color": {"type": "quantitative", "aggregate": "mean", "field": "principals", "scale": {"zero": true}}}, "width": 270, "height": 270}, "uid": "id1632854054749_3"}, {"vega": {"$schema": "https://vega.github.io/schema/vega-lite/v3.json", "data": {"url": "movies.csv"}, "mark": "bar", "encoding": {"y": {"type": "quantitative", "aggregate": "count", "scale": {"zero": true}}}, "width": 270, "height": 270}, "uid": "id1632854056092_1"}, {"vega": {"$schema": "https://vega.github.io/schema/vega-lite/v3.json", "data": {"url": "movies.csv"}, "encoding": {"size": {"scale": {"zero": true}}, "x": {"scale": {"zero": true}}, "y": {"field": "principals", "scale": {"zero": true}}, "color": {"scale": {"zero": true}}, "label": -1}, "width": 270, "height": 270}, "uid": "id1632854055627_3"}], "date": "2021-09-28T18:34:16.092Z", "label": "recommendations"}, {"vega": {"vega": {"$schema": "https://vega.github.io/schema/vega-lite/v3.json", "data": {"url": "movies.csv"}, "mark": "bar", "encoding": {"y": {"type": "quantitative", "aggregate": "count", "scale": {"zero": true}}}, "width": 270, "height": 270}, "uid": "id1632854056092_1"}, "label": "pinned", "date": "2021-09-28T18:35:15.526Z"}, {"constraints": [["y.field_genre", 0.0011510566666666667], ["y.field_type", 0.0008094956666666667], ["x.aggregate_count", 0.0010486945], ["mark_area", 0.0012699044399999998], ["mark_bar", 0.0013968948839999998], ["mark_line", 0.0016037125789666667], ["mark_point", 0.0018379248640866667], ["mark_rect", 0.0020614924804409998], ["x.field", 0.009961194258362999], ["y.field", 0.009961194258362999], ["color.field", 0.009197657481248499], ["x.type_quantitative", 0.009730990814581833], ["x.type_nominal", 0.0002302034437811668], ["y.type_quantitative", 0.008791113557299167], ["y.type_nominal", 0.0011700807010638333], ["color.type_quantitative", 0.004917202424489499], ["color.type_nominal", 0.004280455056759]], "recommendations": [{"vega": {"$schema": "https://vega.github.io/schema/vega-lite/v3.json", "data": {"url": "movies.csv"}, "mark": "tick", "encoding": {"y": {"type": "quantitative", "field": "rating", "bin": true}, "color": {"type": "quantitative", "field": "principals", "bin": true, "scale": {"zero": true}}, "x": {"type": "quantitative", "aggregate": "count", "scale": {"zero": true}}}, "width": 270, "height": 270}, "uid": "id1632854141138_2"}, {"vega": {"$schema": "https://vega.github.io/schema/vega-lite/v3.json", "data": {"url": "movies.csv"}, "mark": "point", "encoding": {"x": {"type": "quantitative", "field": "rating", "scale": {"zero": true}}, "y": {"type": "quantitative", "field": "principals", "scale": {"zero": true}}, "size": {"type": "quantitative", "field": "rating", "scale": {"zero": true}}}, "width": 270, "height": 270}, "uid": "id1632854141593_2"}, {"vega": {"$schema": "https://vega.github.io/schema/vega-lite/v3.json", "data": {"url": "movies.csv"}, "mark": "rect", "encoding": {"y": {}, "x": {}, "color": {"scale": {"zero": true}}, "label": 1, "mark_rect": 1}, "width": 270, "height": 270}, "uid": "id1632854142012_0"}, {"vega": {"$schema": "https://vega.github.io/schema/vega-lite/v3.json", "data": {"url": "movies.csv"}, "mark": "point", "encoding": {"y": {"type": "nominal", "field": "type"}, "x": {"type": "quantitative", "field": "votes", "bin": true}, "size": {"type": "quantitative", "aggregate": "count", "scale": {"zero": true}}}, "width": 270, "height": 270}, "uid": "id1632854142453_2"}], "date": "2021-09-28T18:35:42.454Z", "label": "recommendations"}, {"vega": {"vega": {"$schema": "https://vega.github.io/schema/vega-lite/v3.json", "data": {"url": "movies.csv"}, "mark": "rect", "encoding": {"x": {"type": "quantitative", "field": "votes", "bin": true}, "y": {"type": "nominal", "field": "type"}, "color": {"type":"quantitative", "aggregate":"count", "scale": {"zero": true}}, "label": 1, "mark_rect": 1}, "width": 270, "height": 270}, "uid": "id1632854142012_0"}, "label": "pinned", "date": "2021-09-28T18:38:16.525Z"}, {"constraints": [["mark_rect", 0.026986336171329152], ["mark_tick", 0.001207624735843625], ["y.field_genre", 0.0009213975678211562], ["y.field_type", 0.0009213975678211562], ["x.aggregate_count", 0.0003932604375000001], ["mark_area", 0.007965452461212157], ["mark_bar", 0.0018137675705871563], ["mark_line", 0.0018137675705871563], ["mark_point", 0.0067288930393371565], ["x.field", 0.021729515257478453], ["y.field", 0.021729515257478453], ["color.field", 0.012643324804726562], ["x.type_quantitative", 0.010255824804726562], ["x.type_nominal", 0.011473690452751905], ["y.type_quantitative", 0.022310560741186303], ["color.type_quantitative", 0.0071149393977996255], ["color.type_nominal", 0.005528385406926938]], "recommendations": [{"vega": {"$schema": "https://vega.github.io/schema/vega-lite/v3.json", "data": {"url": "movies.csv"}, "mark": "rect", "encoding": {"color": {"type": "quantitative", "aggregate": "count", "scale": {"zero": true}}, "x": {"type": "ordinal", "field": "type"}, "y": {"type": "ordinal", "field": "genre"}}, "width": 270, "height": 270}, "uid": "id1632854352423_3"}, {"vega": {"$schema": "https://vega.github.io/schema/vega-lite/v3.json", "data": {"url": "movies.csv"}, "mark": "tick", "encoding": {"x": {"type": "nominal", "field": "type"}, "y": {"type": "quantitative", "field": "minutes", "scale": {"zero": true}}, "color": {"type": "quantitative", "field": "principals", "scale": {"zero": true}}}, "width": 270, "height": 270}, "uid": "id1632854351917_0"}, {"vega": {"$schema": "https://vega.github.io/schema/vega-lite/v3.json", "data": {"url": "movies.csv"}, "mark": "line", "encoding": {"color": {"type": "nominal", "field": "type"}, "x": {"type": "quantitative", "aggregate": "mean", "field": "votes", "scale": {"zero": true}}, "y": {"type": "quantitative", "aggregate": "count", "scale": {"zero": true}}}, "width": 270, "height": 270}, "uid": "id1632854353378_3"}, {"vega": {"$schema": "https://vega.github.io/schema/vega-lite/v3.json", "data": {"url": "movies.csv"}, "mark": "rect", "encoding": {"color": {"type": "quantitative", "aggregate": "count", "scale": {"zero": true}}, "x": {"type": "ordinal", "field": "genre"}, "y": {"type": "ordinal", "field": "genre"}}, "width": 270, "height": 270}, "uid": "id1632854352902_0"}], "date": "2021-09-28T18:39:13.378Z", "label": "recommendations"}, {"vega": {"vega": {"$schema": "https://vega.github.io/schema/vega-lite/v3.json", "data": {"url": "movies.csv"}, "mark": "rect", "encoding": {"color": {"type": "quantitative", "aggregate": "count", "scale": {"zero": true}}, "x": {"type": "ordinal", "field": "type"}, "y": {"type": "ordinal", "field": "genre"}}, "width": 270, "height": 270}, "uid": "id1632854352423_3"}, "label": "pinned", "date": "2021-09-28T18:41:14.822Z"}]}