{"participant": {"age": "20-24", "gender": "M", "tools": "Excel, Google Sheets, d3js", "experience": "5-10"}, "session": [{"constraints": [], "recommendations": [{"vega": {"$schema": "https://vega.github.io/schema/vega-lite/v3.json", "data": {"url": "movies.csv"}, "mark": "point", "encoding": {"color": {"type": "nominal", "field": "type"}, "x": {"type": "quantitative", "aggregate": "mean", "field": "principals", "scale": {"zero": true}}, "y": {"type": "quantitative", "aggregate": "count", "scale": {"zero": true}}, "label": -1, "mark_point": 1}, "width": 270, "height": 270}, "uid": "id1613682552403_1"}, {"vega": {"$schema": "https://vega.github.io/schema/vega-lite/v3.json", "data": {"url": "movies.csv"}, "mark": "bar", "encoding": {"color": {"type": "nominal", "field": "type"}, "x": {"type": "quantitative", "field": "minutes", "bin": true}, "y": {"type": "quantitative", "aggregate": "count", "stack": "zero", "scale": {"zero": true}}, "label": -1, "mark_bar": 1}, "width": 270, "height": 270}, "uid": "id1613682552657_3"}, {"vega": {"$schema": "https://vega.github.io/schema/vega-lite/v3.json", "data": {"url": "movies.csv"}, "mark": "rect", "encoding": {"row": {"type": "nominal", "field": "type"}, "color": {"type": "nominal", "field": "type"}, "x": {"type": "quantitative", "field": "rating", "bin": true, "scale": {"zero": true}}, "y": {"type": "quantitative", "field": "rating", "bin": true, "scale": {"zero": true}}, "label": -1, "mark_rect": 1}, "width": 270, "height": 270}, "uid": "id1613682552799_2"}, {"vega": {"$schema": "https://vega.github.io/schema/vega-lite/v3.json", "data": {"url": "movies.csv"}, "mark": "point", "encoding": {"size": {"type": "quantitative", "aggregate": "count", "scale": {"zero": true}}, "x": {"type": "quantitative", "aggregate": "count", "scale": {"zero": true}}, "y": {"type": "quantitative", "aggregate": "mean", "field": "rating", "scale": {"zero": true}}, "color": {"type": "quantitative", "aggregate": "count", "scale": {"zero": true}}, "label": -1, "mark_point": 1}, "width": 270, "height": 270}, "uid": "id1613682552935_1"}], "date": "2021-02-18T21:09:12.935Z", "label": "recommendations"}, {"seen": {"vega": {"$schema": "https://vega.github.io/schema/vega-lite/v3.json", "data": {"url": "movies.csv"}, "mark": "point", "encoding": {"color": {"type": "nominal", "field": "type"}, "x": {"type": "quantitative", "aggregate": "mean", "field": "principals", "scale": {"zero": true}}, "y": {"type": "quantitative", "aggregate": "count", "scale": {"zero": true}}, "label": -1, "mark_point": 1}, "width": 270, "height": 270}, "uid": "id1613682552403_1"}, "label": "less", "date": "2021-02-18T21:12:55.693Z"}, {"seen": {"vega": {"$schema": "https://vega.github.io/schema/vega-lite/v3.json", "data": {"url": "movies.csv"}, "mark": "bar", "encoding": {"color": {"type": "nominal", "field": "type"}, "x": {"type": "quantitative", "field": "minutes", "bin": true}, "y": {"type": "quantitative", "aggregate": "count", "stack": "zero", "scale": {"zero": true}}, "label": -1, "mark_bar": 1}, "width": 270, "height": 270}, "uid": "id1613682552657_3"}, "label": "less", "date": "2021-02-18T21:12:55.693Z"}, {"seen": {"vega": {"$schema": "https://vega.github.io/schema/vega-lite/v3.json", "data": {"url": "movies.csv"}, "mark": "rect", "encoding": {"row": {"type": "nominal", "field": "type"}, "color": {"type": "nominal", "field": "type"}, "x": {"type": "quantitative", "field": "rating", "bin": true, "scale": {"zero": true}}, "y": {"type": "quantitative", "field": "rating", "bin": true, "scale": {"zero": true}}, "label": -1, "mark_rect": 1}, "width": 270, "height": 270}, "uid": "id1613682552799_2"}, "label": "less", "date": "2021-02-18T21:12:55.693Z"}, {"seen": {"vega": {"$schema": "https://vega.github.io/schema/vega-lite/v3.json", "data": {"url": "movies.csv"}, "mark": "point", "encoding": {"size": {"type": "quantitative", "aggregate": "count", "scale": {"zero": true}}, "x": {"type": "quantitative", "aggregate": "count", "scale": {"zero": true}}, "y": {"type": "quantitative", "aggregate": "mean", "field": "rating", "scale": {"zero": true}}, "color": {"type": "quantitative", "aggregate": "count", "scale": {"zero": true}}, "label": -1, "mark_point": 1}, "width": 270, "height": 270}, "uid": "id1613682552935_1"}, "label": "less", "date": "2021-02-18T21:12:55.693Z"}, {"constraints": [], "recommendations": [{"vega": {"$schema": "https://vega.github.io/schema/vega-lite/v3.json", "data": {"url": "movies.csv"}, "mark": "point", "encoding": {"size": {"type": "quantitative", "aggregate": "count", "scale": {"zero": true}}, "y": {"type": "nominal", "field": "type"}, "x": {"type": "quantitative", "field": "votes", "bin": true, "scale": {"zero": true}}, "label": -1, "mark_point": 1}, "width": 270, "height": 270}, "uid": "id1613682784165_2"}, {"vega": {"$schema": "https://vega.github.io/schema/vega-lite/v3.json", "data": {"url": "movies.csv"}, "mark": "line", "encoding": {"y": {"type": "nominal", "field": "type"}, "x": {"type": "quantitative", "aggregate": "mean", "field": "principals", "scale": {"zero": true}}, "color": {"type": "quantitative", "aggregate": "count", "scale": {"zero": true}}, "label": -1, "mark_line": 1}, "width": 270, "height": 270}, "uid": "id1613682784406_0"}, {"vega": {"$schema": "https://vega.github.io/schema/vega-lite/v3.json", "data": {"url": "movies.csv"}, "mark": "point", "encoding": {"y": {"type": "nominal", "field": "type"}, "x": {"type": "quantitative", "field": "votes", "bin": true, "scale": {"zero": true}}, "size": {"type": "quantitative", "aggregate": "count", "scale": {"zero": true}}, "label": -1, "mark_point": 1}, "width": 270, "height": 270}, "uid": "id1613682783688_1"}, {"vega": {"$schema": "https://vega.github.io/schema/vega-lite/v3.json", "data": {"url": "movies.csv"}, "mark": "point", "encoding": {"size": {"type": "quantitative", "aggregate": "count", "scale": {"zero": true}}, "y": {"type": "nominal", "field": "type"}, "x": {"type": "quantitative", "field": "minutes", "bin": true}}, "width": 270, "height": 270}, "uid": "id1613682784165_0"}], "date": "2021-02-18T21:13:04.406Z", "label": "recommendations"}, {"vega": {"vega": {"$schema": "https://vega.github.io/schema/vega-lite/v3.json", "data": {"url": "movies.csv"}, "mark": "point", "encoding": {"size": {"type": "quantitative", "aggregate": "count", "scale": {"zero": true}}, "y": {"type": "nominal", "field": "type"}, "x": {"type": "quantitative", "field": "minutes", "bin": true}}, "width": 270, "height": 270}, "uid": "id1613682784165_0"}, "label": "pinned", "date": "2021-02-18T21:15:52.499Z"}, {"seen": {"vega": {"$schema": "https://vega.github.io/schema/vega-lite/v3.json", "data": {"url": "movies.csv"}, "mark": "point", "encoding": {"size": {"type": "quantitative", "aggregate": "count", "scale": {"zero": true}}, "y": {"type": "nominal", "field": "type"}, "x": {"type": "quantitative", "field": "votes", "bin": true, "scale": {"zero": true}}, "label": -1, "mark_point": 1}, "width": 270, "height": 270}, "uid": "id1613682784165_2"}, "label": "less", "date": "2021-02-18T21:15:57.328Z"}, {"seen": {"vega": {"$schema": "https://vega.github.io/schema/vega-lite/v3.json", "data": {"url": "movies.csv"}, "mark": "line", "encoding": {"y": {"type": "nominal", "field": "type"}, "x": {"type": "quantitative", "aggregate": "mean", "field": "principals", "scale": {"zero": true}}, "color": {"type": "quantitative", "aggregate": "count", "scale": {"zero": true}}, "label": -1, "mark_line": 1}, "width": 270, "height": 270}, "uid": "id1613682784406_0"}, "label": "less", "date": "2021-02-18T21:15:57.328Z"}, {"seen": {"vega": {"$schema": "https://vega.github.io/schema/vega-lite/v3.json", "data": {"url": "movies.csv"}, "mark": "point", "encoding": {"y": {"type": "nominal", "field": "type"}, "x": {"type": "quantitative", "field": "votes", "bin": true, "scale": {"zero": true}}, "size": {"type": "quantitative", "aggregate": "count", "scale": {"zero": true}}, "label": -1, "mark_point": 1}, "width": 270, "height": 270}, "uid": "id1613682783688_1"}, "label": "less", "date": "2021-02-18T21:15:57.328Z"}, {"seen": {"vega": {"$schema": "https://vega.github.io/schema/vega-lite/v3.json", "data": {"url": "movies.csv"}, "mark": "point", "encoding": {"size": {"type": "quantitative", "aggregate": "count", "scale": {"zero": true}}, "y": {"type": "nominal", "field": "type"}, "x": {"type": "quantitative", "field": "minutes", "bin": true}}, "width": 270, "height": 270}, "uid": "id1613682784165_0"}, "label": "more", "date": "2021-02-18T21:15:57.328Z"}, {"constraints": [], "recommendations": [{"vega": {"$schema": "https://vega.github.io/schema/vega-lite/v3.json", "data": {"url": "movies.csv"}, "mark": "tick", "encoding": {"y": {"type": "quantitative", "field": "rating", "bin": true, "scale": {"zero": true}}, "color": {"type": "quantitative", "field": "principals", "bin": true, "scale": {"zero": true}}, "x": {"type": "quantitative", "aggregate": "count", "scale": {"zero": true}}, "label": 1, "mark_tick": 1}, "width": 270, "height": 270}, "uid": "id1613682962684_3"}, {"vega": {"$schema": "https://vega.github.io/schema/vega-lite/v3.json", "data": {"url": "movies.csv"}, "mark": "point", "encoding": {"y": {"type": "nominal", "field": "type"}, "x": {"type": "quantitative", "field": "votes", "bin": true}, "size": {"type": "quantitative", "aggregate": "count", "scale": {"zero": true}}, "label": -1, "mark_point": 1}, "width": 270, "height": 270}, "uid": "id1613682962926_0"}, {"vega": {"$schema": "https://vega.github.io/schema/vega-lite/v3.json", "data": {"url": "movies.csv"}, "mark": "bar", "encoding": {"y": {"type": "nominal", "field": "type"}, "x": {"type": "quantitative", "aggregate": "count", "scale": {"zero": true}}, "label": 1, "mark_bar": 1}, "width": 270, "height": 270}, "uid": "id1613682963215_0"}, {"vega": {"$schema": "https://vega.github.io/schema/vega-lite/v3.json", "data": {"url": "movies.csv"}, "mark": "rect", "encoding": {"x": {"type": "nominal", "field": "type"}, "y": {"type": "quantitative", "field": "votes", "bin": true, "scale": {"zero": true}}, "color": {"type": "quantitative", "aggregate": "count", "scale": {"zero": true}}, "label": -1, "mark_rect": 1}, "width": 270, "height": 270}, "uid": "id1613682963061_1"}], "date": "2021-02-18T21:16:03.215Z", "label": "recommendations"}, {"vega": {"vega": {"$schema": "https://vega.github.io/schema/vega-lite/v3.json", "data": {"url": "movies.csv"}, "mark": "tick", "encoding": {"y": {"type": "quantitative", "field": "rating", "bin": true, "scale": {"zero": true}}, "color": {"type": "quantitative", "field": "principals", "bin": true, "scale": {"zero": true}}, "x": {"type": "quantitative", "aggregate": "count", "scale": {"zero": true}}, "label": 1, "mark_tick": 1}, "width": 270, "height": 270}, "uid": "id1613682962684_3"}, "label": "pinned", "date": "2021-02-18T21:17:24.984Z"}, {"vega": {"vega": {"$schema": "https://vega.github.io/schema/vega-lite/v3.json", "data": {"url": "movies.csv"}, "mark": "bar", "encoding": {"y": {"type": "nominal", "field": "type"}, "x": {"type": "quantitative", "aggregate": "count", "scale": {"zero": true}}, "label": 1, "mark_bar": 1}, "width": 270, "height": 270}, "uid": "id1613682963215_0"}, "label": "pinned", "date": "2021-02-18T21:17:58.066Z"}, {"chart": {"vega": {"$schema": "https://vega.github.io/schema/vega-lite/v3.json", "data": {"url": "movies.csv"}, "mark": "bar", "encoding": {"y": {"type": "nominal", "field": "type"}, "x": {"type": "quantitative", "aggregate": "count", "scale": {"zero": true}}, "label": 1, "mark_bar": 1}, "width": 270, "height": 270}, "uid": "id1613682963215_0"}, "label": "unpinned", "date": "2021-02-18T21:18:16.050Z"}, {"seen": {"vega": {"$schema": "https://vega.github.io/schema/vega-lite/v3.json", "data": {"url": "movies.csv"}, "mark": "tick", "encoding": {"y": {"type": "quantitative", "field": "rating", "bin": true, "scale": {"zero": true}}, "color": {"type": "quantitative", "field": "principals", "bin": true, "scale": {"zero": true}}, "x": {"type": "quantitative", "aggregate": "count", "scale": {"zero": true}}, "label": 1, "mark_tick": 1}, "width": 270, "height": 270}, "uid": "id1613682962684_3"}, "label": "more", "date": "2021-02-18T21:18:36.019Z"}, {"seen": {"vega": {"$schema": "https://vega.github.io/schema/vega-lite/v3.json", "data": {"url": "movies.csv"}, "mark": "point", "encoding": {"y": {"type": "nominal", "field": "type"}, "x": {"type": "quantitative", "field": "votes", "bin": true}, "size": {"type": "quantitative", "aggregate": "count", "scale": {"zero": true}}, "label": -1, "mark_point": 1}, "width": 270, "height": 270}, "uid": "id1613682962926_0"}, "label": "less", "date": "2021-02-18T21:18:36.019Z"}, {"seen": {"vega": {"$schema": "https://vega.github.io/schema/vega-lite/v3.json", "data": {"url": "movies.csv"}, "mark": "bar", "encoding": {"y": {"type": "nominal", "field": "type"}, "x": {"type": "quantitative", "aggregate": "count", "scale": {"zero": true}}, "label": 1, "mark_bar": 1}, "width": 270, "height": 270}, "uid": "id1613682963215_0"}, "label": "more", "date": "2021-02-18T21:18:36.019Z"}, {"seen": {"vega": {"$schema": "https://vega.github.io/schema/vega-lite/v3.json", "data": {"url": "movies.csv"}, "mark": "rect", "encoding": {"x": {"type": "nominal", "field": "type"}, "y": {"type": "quantitative", "field": "votes", "bin": true, "scale": {"zero": true}}, "color": {"type": "quantitative", "aggregate": "count", "scale": {"zero": true}}, "label": -1, "mark_rect": 1}, "width": 270, "height": 270}, "uid": "id1613682963061_1"}, "label": "less", "date": "2021-02-18T21:18:36.019Z"}, {"constraints": [["mark_tick", 0.03323943661971831], ["mark_bar", 0.03283098591549296], ["mark_point", 0.005225352112676053], ["mark_rect", 0.0075915492957746465], ["y.type_nominal", 0.04309859154929575], ["y.type_quantitative", 0.03790140845070423], ["y.field_rating", 0.033492957746478876], ["y.field_type", 0.04309859154929575], ["y.field_votes", 0.008450704225352112], ["y.bin_True", 0.041957746478873244], ["color.type_quantitative", 0.04209859154929577], ["color.field_principals", 0.03380281690140845], ["color.bin_True", 0.03380281690140845], ["x.type_nominal", 0.0050704225352112674], ["x.type_quantitative", 0.07592957746478876], ["x.aggregate_count", 0.050690140845070425], ["x.aggregate_mean", 0.01995774647887324], ["x.field_minutes", 0.0166056338028169], ["x.field_type", 0.008450704225352112], ["x.field_votes", 0.006056338028169011], ["x.bin_True", 0.005464788732394362], ["size.type_quantitative", 0.006042253521126757], ["size.aggregate_count", 0.006042253521126757], ["color.aggregate_count", 0.011676056338028169], ["mark_line", 0.002676056338028169], ["x.field_principals", 0.0030563380281690136]], "recommendations": [{"vega": {"$schema": "https://vega.github.io/schema/vega-lite/v3.json", "data": {"url": "movies.csv"}, "mark": "point", "encoding": {"x": {"type": "quantitative", "field": "rating", "scale": {"zero": true}}, "y": {"type": "quantitative", "field": "rating", "scale": {"zero": true}}, "size": {"type": "quantitative", "field": "votes", "scale": {"zero": true}}, "label": 1, "mark_point": 1}, "width": 270, "height": 270}, "uid": "id1613683119654_0"}, {"vega": {"$schema": "https://vega.github.io/schema/vega-lite/v3.json", "data": {"url": "movies.csv"}, "mark": "area", "encoding": {"y": {"type": "quantitative", "field": "rating", "bin": true}, "x": {"type": "quantitative", "aggregate": "count", "scale": {"zero": true}}, "color": {"type": "quantitative", "aggregate": "mean", "field": "principals", "scale": {"zero": true}}, "label": -1, "mark_area": 1}, "width": 270, "height": 270}, "uid": "id1613683119957_3"}, {"vega": {"$schema": "https://vega.github.io/schema/vega-lite/v3.json", "data": {"url": "movies.csv"}, "mark": "bar", "encoding": {"y": {"type": "nominal", "field": "type"}, "x": {"type": "quantitative", "aggregate": "count", "scale": {"zero": true}}, "label": 1, "mark_bar": 1}, "width": 270, "height": 270}, "uid": "id1613683120095_0"}, {"vega": {"$schema": "https://vega.github.io/schema/vega-lite/v3.json", "data": {"url": "movies.csv"}, "mark": "point", "encoding": {"y": {"type": "nominal", "field": "type"}, "x": {"type": "quantitative", "field": "votes", "bin": true, "scale": {"zero": true}}, "size": {"type": "quantitative", "aggregate": "count", "scale": {"zero": false}}, "label": -1, "mark_point": 1}, "width": 270, "height": 270}, "uid": "id1613683119815_3"}], "date": "2021-02-18T21:18:40.095Z", "label": "recommendations"}, {"vega": {"vega": {"$schema": "https://vega.github.io/schema/vega-lite/v3.json", "data": {"url": "movies.csv"}, "mark": "point", "encoding": {"x": {"type": "quantitative", "field": "rating", "scale": {"zero": true}}, "y": {"type": "quantitative", "field": "rating", "scale": {"zero": true}}, "size": {"type": "quantitative", "field": "votes", "scale": {"zero": true}}, "label": 1, "mark_point": 1}, "width": 270, "height": 270}, "uid": "id1613683119654_0"}, "label": "pinned", "date": "2021-02-18T21:19:26.896Z"}, {"vega": {"vega": {"$schema": "https://vega.github.io/schema/vega-lite/v3.json", "data": {"url": "movies.csv"}, "mark": "area", "encoding": {"y": {"type": "quantitative", "field": "rating", "bin": true}, "x": {"type": "quantitative", "aggregate": "count", "scale": {"zero": true}}, "color": {"type": "quantitative", "aggregate": "mean", "field": "principals", "scale": {"zero": true}}, "label": -1, "mark_area": 1}, "width": 270, "height": 270}, "uid": "id1613683119957_3"}, "label": "pinned", "date": "2021-02-18T21:21:15.417Z"}, {"seen": {"vega": {"$schema": "https://vega.github.io/schema/vega-lite/v3.json", "data": {"url": "movies.csv"}, "mark": "point", "encoding": {"x": {"type": "quantitative", "field": "rating", "scale": {"zero": true}}, "y": {"type": "quantitative", "field": "rating", "scale": {"zero": true}}, "size": {"type": "quantitative", "field": "votes", "scale": {"zero": true}}, "label": 1, "mark_point": 1}, "width": 270, "height": 270}, "uid": "id1613683119654_0"}, "label": "more", "date": "2021-02-18T21:21:45.830Z"}, {"seen": {"vega": {"$schema": "https://vega.github.io/schema/vega-lite/v3.json", "data": {"url": "movies.csv"}, "mark": "area", "encoding": {"y": {"type": "quantitative", "field": "rating", "bin": true}, "x": {"type": "quantitative", "aggregate": "count", "scale": {"zero": true}}, "color": {"type": "quantitative", "aggregate": "mean", "field": "principals", "scale": {"zero": true}}, "label": -1, "mark_area": 1}, "width": 270, "height": 270}, "uid": "id1613683119957_3"}, "label": "less", "date": "2021-02-18T21:21:45.830Z"}, {"seen": {"vega": {"$schema": "https://vega.github.io/schema/vega-lite/v3.json", "data": {"url": "movies.csv"}, "mark": "bar", "encoding": {"y": {"type": "nominal", "field": "type"}, "x": {"type": "quantitative", "aggregate": "count", "scale": {"zero": true}}, "label": 1, "mark_bar": 1}, "width": 270, "height": 270}, "uid": "id1613683120095_0"}, "label": "more", "date": "2021-02-18T21:21:45.830Z"}, {"seen": {"vega": {"$schema": "https://vega.github.io/schema/vega-lite/v3.json", "data": {"url": "movies.csv"}, "mark": "point", "encoding": {"y": {"type": "nominal", "field": "type"}, "x": {"type": "quantitative", "field": "votes", "bin": true, "scale": {"zero": true}}, "size": {"type": "quantitative", "aggregate": "count", "scale": {"zero": false}}, "label": -1, "mark_point": 1}, "width": 270, "height": 270}, "uid": "id1613683119815_3"}, "label": "less", "date": "2021-02-18T21:21:45.830Z"}, {"constraints": [["mark_point", 0.056583950617283954], ["mark_bar", 0.050697530864197524], ["mark_area", 0.010048148148148148], ["x.type_quantitative", 0.15756666666666663], ["x.field_rating", 0.029555555555555557], ["x.field_votes", 0.02439506172839506], ["y.type_nominal", 0.07520617283950619], ["y.type_quantitative", 0.08755802469135805], ["y.field_principals", 0.02222222222222222], ["y.field_rating", 0.04264074074074074], ["y.field_type", 0.07529629629629629], ["size.type_quantitative", 0.05402345679012345], ["size.field_minutes", 0.007407407407407407], ["size.field_rating", 0.007407407407407407], ["size.field_votes", 0.014814814814814814], ["x.aggregate_count", 0.07607283950617284], ["color.type_ordinal", 0.02222222222222222], ["color.type_quantitative", 0.06092098765432102], ["color.field_principals", 0.05012345679012345], ["color.field_type", 0.007191358024691357], ["y.bin_True", 0.04220987654320988], ["color.aggregate_mean", 0.007407407407407407], ["x.bin_True", 0.024237037037037036], ["size.aggregate_count", 0.024393827160493823], ["mark_tick", 0.0305358024691358], ["mark_rect", 0.009535802469135803], ["y.field_votes", 0.006975308641975308], ["color.bin_True", 0.027901234567901233], ["x.type_nominal", 0.005197530864197528], ["x.aggregate_mean", 0.010077777777777776], ["x.field_minutes", 0.007323456790123454], ["x.field_type", 0.006975308641975308], ["color.aggregate_count", 0.009702469135802468], ["mark_line", 0.005362962962962962], ["x.field_principals", 0.0026703703703703703], ["x.field", 0.0157716049382716], ["y.field", 0.0157716049382716], ["color.field", 0.0157716049382716]], "recommendations": [{"vega": {"$schema": "https://vega.github.io/schema/vega-lite/v3.json", "data": {"url": "movies.csv"}, "mark": "point", "encoding": {"x": {"type": "quantitative", "field": "rating", "scale": {"zero": true}}, "y": {"type": "quantitative", "field": "principals", "scale": {"zero": false}}, "size": {"type": "quantitative", "field": "minutes", "scale": {"zero": true}}, "label": 1, "mark_point": 1}, "width": 270, "height": 270}, "uid": "id1613683308785_2"}, {"vega": {"$schema": "https://vega.github.io/schema/vega-lite/v3.json", "data": {"url": "movies.csv"}, "mark": "rect", "encoding": {"color": {"type": "quantitative", "aggregate": "count", "scale": {"zero": true}}, "x": {"type": "nominal", "field": "type"}, "y": {"type": "quantitative", "field": "votes", "bin": true, "scale": {"zero": true}}, "label": -1, "mark_rect": 1}, "width": 270, "height": 270}, "uid": "id1613683309804_2"}, {"vega": {"$schema": "https://vega.github.io/schema/vega-lite/v3.json", "data": {"url": "movies.csv"}, "mark": "area", "encoding": {"y": {"type": "nominal", "field": "type"}, "x": {"type": "quantitative", "aggregate": "count", "scale": {"zero": true}}, "label": -1, "mark_area": 1}, "width": 270, "height": 270}, "uid": "id1613683309942_0"}, {"vega": {"$schema": "https://vega.github.io/schema/vega-lite/v3.json", "data": {"url": "movies.csv"}, "mark": "point", "encoding": {"x": {"type": "quantitative", "field": "rating", "scale": {"zero": true}}, "y": {"type": "quantitative", "field": "principals", "scale": {"zero": true}}, "size": {"type": "quantitative", "field": "minutes", "scale": {"zero": true}}, "label": 1, "mark_point": 1}, "width": 270, "height": 270}, "uid": "id1613683308785_0"}], "date": "2021-02-18T21:21:49.942Z", "label": "recommendations"}, {"vega": {"vega": {"$schema": "https://vega.github.io/schema/vega-lite/v3.json", "data": {"url": "movies.csv"}, "mark": "point", "encoding": {"x": {"type": "quantitative", "field": "rating", "scale": {"zero": true}}, "y": {"type": "quantitative", "field": "principals", "scale": {"zero": false}}, "size": {"type": "quantitative", "field": "minutes", "scale": {"zero": true}}, "label": 1, "mark_point": 1}, "width": 270, "height": 270}, "uid": "id1613683308785_2"}, "label": "pinned", "date": "2021-02-18T21:22:13.823Z"}, {"seen": {"vega": {"$schema": "https://vega.github.io/schema/vega-lite/v3.json", "data": {"url": "movies.csv"}, "mark": "point", "encoding": {"x": {"type": "quantitative", "field": "rating", "scale": {"zero": true}}, "y": {"type": "quantitative", "field": "principals", "scale": {"zero": false}}, "size": {"type": "quantitative", "field": "minutes", "scale": {"zero": true}}, "label": 1, "mark_point": 1}, "width": 270, "height": 270}, "uid": "id1613683308785_2"}, "label": "more", "date": "2021-02-18T21:22:51.266Z"}, {"seen": {"vega": {"$schema": "https://vega.github.io/schema/vega-lite/v3.json", "data": {"url": "movies.csv"}, "mark": "rect", "encoding": {"color": {"type": "quantitative", "aggregate": "count", "scale": {"zero": true}}, "x": {"type": "nominal", "field": "type"}, "y": {"type": "quantitative", "field": "votes", "bin": true, "scale": {"zero": true}}, "label": -1, "mark_rect": 1}, "width": 270, "height": 270}, "uid": "id1613683309804_2"}, "label": "less", "date": "2021-02-18T21:22:51.266Z"}, {"seen": {"vega": {"$schema": "https://vega.github.io/schema/vega-lite/v3.json", "data": {"url": "movies.csv"}, "mark": "area", "encoding": {"y": {"type": "nominal", "field": "type"}, "x": {"type": "quantitative", "aggregate": "count", "scale": {"zero": true}}, "label": -1, "mark_area": 1}, "width": 270, "height": 270}, "uid": "id1613683309942_0"}, "label": "less", "date": "2021-02-18T21:22:51.266Z"}, {"seen": {"vega": {"$schema": "https://vega.github.io/schema/vega-lite/v3.json", "data": {"url": "movies.csv"}, "mark": "point", "encoding": {"x": {"type": "quantitative", "field": "rating", "scale": {"zero": true}}, "y": {"type": "quantitative", "field": "principals", "scale": {"zero": true}}, "size": {"type": "quantitative", "field": "minutes", "scale": {"zero": true}}, "label": 1, "mark_point": 1}, "width": 270, "height": 270}, "uid": "id1613683308785_0"}, "label": "more", "date": "2021-02-18T21:22:51.266Z"}, {"constraints": [["mark_point", 0.07089965517241376], ["mark_rect", 0.011705172413793104], ["mark_area", 0.01570206896551724], ["x.type_nominal", 0.00647551724137931], ["x.type_quantitative", 0.17535977011494253], ["x.field_rating", 0.03674862068965516], ["x.field_type", 0.007526436781609196], ["y.type_nominal", 0.1010645977011494], ["y.type_quantitative", 0.08077068965517241], ["y.field_principals", 0.029885057471264364], ["y.field_type", 0.07306896551724135], ["y.field_votes", 0.007526436781609196], ["size.type_quantitative", 0.06442057471264363], ["size.field_minutes", 0.016091954022988506], ["color.type_quantitative", 0.05871678160919543], ["color.aggregate_count", 0.010618275862068965], ["y.bin_True", 0.035300344827586205], ["x.aggregate_count", 0.06396080459770113], ["mark_bar", 0.04650494252873563], ["x.field_votes", 0.027639080459770114], ["y.field_rating", 0.03467034482758621], ["size.field_rating", 0.006896551724137929], ["size.field_votes", 0.013793103448275858], ["color.type_ordinal", 0.02068965517241379], ["color.field_principals", 0.0416], ["color.field_type", 0.006804482758620688], ["color.aggregate_mean", 0.006896551724137929], ["x.bin_True", 0.027573103448275856], ["size.aggregate_count", 0.027638965517241376], ["mark_tick", 0.027420919540229884], ["color.bin_True", 0.020910344827586205], ["x.aggregate_mean", 0.009249770114942529], ["x.field_minutes", 0.006150919540229884], ["mark_line", 0.009602528735632183], ["x.field_principals", 0.003065862068965517], ["x.field", 0.03674356321839081], ["y.field", 0.03674356321839081], ["color.field", 0.02019574712643678]], "recommendations": [{"vega": {"$schema": "https://vega.github.io/schema/vega-lite/v3.json", "data": {"url": "movies.csv"}, "mark": "point", "encoding": {"x": {"type": "quantitative", "field": "rating", "scale": {"zero": true}}, "y": {"type": "quantitative", "field": "principals", "scale": {"zero": true}}, "size": {"type": "quantitative", "field": "votes", "scale": {"zero": true}}}, "width": 270, "height": 270}, "uid": "id1613683374860_1"}, {"vega": {"$schema": "https://vega.github.io/schema/vega-lite/v3.json", "data": {"url": "movies.csv"}, "mark": "bar", "encoding": {"color": {"type": "quantitative", "aggregate": "count", "scale": {"zero": true}}, "y": {"type": "nominal", "field": "type"}, "x": {"type": "quantitative", "aggregate": "mean", "field": "minutes", "scale": {"zero": true}}}, "width": 270, "height": 270}, "uid": "id1613683374998_1"}, {"vega": {"$schema": "https://vega.github.io/schema/vega-lite/v3.json", "data": {"url": "movies.csv"}, "mark": "area", "encoding": {"x": {"type": "nominal", "field": "type"}, "y": {"type": "quantitative", "aggregate": "count", "scale": {"zero": true}}}, "width": 270, "height": 270}, "uid": "id1613683375143_0"}, {"vega": {"$schema": "https://vega.github.io/schema/vega-lite/v3.json", "data": {"url": "movies.csv"}, "mark": "point", "encoding": {"x": {"type": "quantitative", "field": "rating", "scale": {"zero": true}}, "y": {"type": "quantitative", "field": "principals", "scale": {"zero": true}}, "size": {"type": "quantitative", "field": "minutes", "scale": {"zero": true}}}, "width": 270, "height": 270}, "uid": "id1613683374860_3"}], "date": "2021-02-18T21:22:55.275Z", "label": "recommendations"}]}