{"participant": {"age": "20-24", "gender": "F", "tools": "Datawrapper, rawgraph, Tableau", "experience": "5-10"}, "session": [{"constraints": [], "recommendations": [{"vega": {"$schema": "https://vega.github.io/schema/vega-lite/v3.json", "data": {"url": "movies.csv"}, "mark": "line", "encoding": {"x": {"type": "quantitative", "field": "minutes", "scale": {"zero": true}}, "y": {"type": "quantitative", "field": "minutes", "scale": {"zero": true}}, "color": {"type": "quantitative", "field": "principals", "scale": {"zero": true}}, "label": -1, "mark_line": 1}, "width": 270, "height": 270}, "uid": "id1613515397669_3"}, {"vega": {"$schema": "https://vega.github.io/schema/vega-lite/v3.json", "data": {"url": "movies.csv"}, "mark": "rect", "encoding": {"x": {"type": "nominal", "field": "type"}, "y": {"type": "quantitative", "field": "minutes", "bin": true, "scale": {"zero": true}}, "color": {"type": "quantitative", "aggregate": "count", "scale": {"zero": true}}, "label": 1, "mark_rect": 1}, "width": 270, "height": 270}, "uid": "id1613515398259_2"}, {"vega": {"$schema": "https://vega.github.io/schema/vega-lite/v3.json", "data": {"url": "movies.csv"}, "mark": "bar", "encoding": {"color": {"type": "nominal", "field": "type"}, "x": {"type": "quantitative", "field": "minutes", "bin": true}, "y": {"type": "quantitative", "aggregate": "count", "stack": "zero", "scale": {"zero": true}}, "label": 1, "mark_bar": 1}, "width": 270, "height": 270}, "uid": "id1613515397037_2"}, {"vega": {"$schema": "https://vega.github.io/schema/vega-lite/v3.json", "data": {"url": "movies.csv"}, "mark": "line", "encoding": {"x": {"type": "quantitative", "field": "votes", "scale": {"zero": true}}, "y": {"type": "quantitative", "field": "minutes", "scale": {"zero": true}}, "color": {"type": "quantitative", "field": "principals", "scale": {"zero": true}}}, "width": 270, "height": 270}, "uid": "id1613515397669_0"}], "date": "2021-02-16T22:43:18.794Z", "label": "recommendations"}, {"vega": {"vega": {"$schema": "https://vega.github.io/schema/vega-lite/v3.json", "data": {"url": "movies.csv"}, "mark": "bar", "encoding": {"color": {"type": "nominal", "field": "type"}, "x": {"type": "quantitative", "field": "minutes", "bin": true}, "y": {"type": "quantitative", "aggregate": "count", "stack": "zero", "scale": {"zero": true}}, "label": 1, "mark_bar": 1}, "width": 270, "height": 270}, "uid": "id1613515397037_2"}, "label": "pinned", "date": "2021-02-16T22:45:15.830Z"}, {"vega": {"vega": {"$schema": "https://vega.github.io/schema/vega-lite/v3.json", "data": {"url": "movies.csv"}, "mark": "line", "encoding": {"x": {"type": "quantitative", "field": "votes", "scale": {"zero": true}}, "y": {"type": "quantitative", "field": "minutes", "scale": {"zero": true}}, "color": {"type": "quantitative", "field": "principals", "scale": {"zero": true}}}, "width": 270, "height": 270}, "uid": "id1613515397669_0"}, "label": "pinned", "date": "2021-02-16T22:47:42.100Z"}, {"vega": {"vega": {"$schema": "https://vega.github.io/schema/vega-lite/v3.json", "data": {"url": "movies.csv"}, "mark": "rect", "encoding": {"x": {"type": "nominal", "field": "type"}, "y": {"type": "quantitative", "field": "minutes", "bin": true, "scale": {"zero": true}}, "color": {"type": "quantitative", "aggregate": "count", "scale": {"zero": true}}, "label": 1, "mark_rect": 1}, "width": 270, "height": 270}, "uid": "id1613515398259_2"}, "label": "pinned", "date": "2021-02-16T22:49:27.536Z"}, {"seen": {"vega": {"$schema": "https://vega.github.io/schema/vega-lite/v3.json", "data": {"url": "movies.csv"}, "mark": "line", "encoding": {"x": {"type": "quantitative", "field": "minutes", "scale": {"zero": true}}, "y": {"type": "quantitative", "field": "minutes", "scale": {"zero": true}}, "color": {"type": "quantitative", "field": "principals", "scale": {"zero": true}}, "label": -1, "mark_line": 1}, "width": 270, "height": 270}, "uid": "id1613515397669_3"}, "label": "less", "date": "2021-02-16T22:49:34.811Z"}, {"seen": {"vega": {"$schema": "https://vega.github.io/schema/vega-lite/v3.json", "data": {"url": "movies.csv"}, "mark": "rect", "encoding": {"x": {"type": "nominal", "field": "type"}, "y": {"type": "quantitative", "field": "minutes", "bin": true, "scale": {"zero": true}}, "color": {"type": "quantitative", "aggregate": "count", "scale": {"zero": true}}, "label": 1, "mark_rect": 1}, "width": 270, "height": 270}, "uid": "id1613515398259_2"}, "label": "more", "date": "2021-02-16T22:49:34.811Z"}, {"seen": {"vega": {"$schema": "https://vega.github.io/schema/vega-lite/v3.json", "data": {"url": "movies.csv"}, "mark": "bar", "encoding": {"color": {"type": "nominal", "field": "type"}, "x": {"type": "quantitative", "field": "minutes", "bin": true}, "y": {"type": "quantitative", "aggregate": "count", "stack": "zero", "scale": {"zero": true}}, "label": 1, "mark_bar": 1}, "width": 270, "height": 270}, "uid": "id1613515397037_2"}, "label": "more", "date": "2021-02-16T22:49:34.811Z"}, {"seen": {"vega": {"$schema": "https://vega.github.io/schema/vega-lite/v3.json", "data": {"url": "movies.csv"}, "mark": "line", "encoding": {"x": {"type": "quantitative", "field": "votes", "scale": {"zero": true}}, "y": {"type": "quantitative", "field": "minutes", "scale": {"zero": true}}, "color": {"type": "quantitative", "field": "principals", "scale": {"zero": true}}}, "width": 270, "height": 270}, "uid": "id1613515397669_0"}, "label": "more", "date": "2021-02-16T22:49:34.811Z"}, {"constraints": [["mark_rect", 0.027118644067796613], ["mark_bar", 0.023728813559322035], ["x.type_nominal", 0.027118644067796613], ["x.type_quantitative", 0.022033898305084745], ["x.field_minutes", 0.00847457627118644], ["x.field_rating", 0.013559322033898306], ["x.field_type", 0.027118644067796613], ["y.type_quantitative", 0.049152542372881344], ["y.field_minutes", 0.011864406779661017], ["y.field_votes", 0.013559322033898306], ["y.bin_True", 0.027118644067796613], ["color.type_nominal", 0.023728813559322035], ["color.type_quantitative", 0.025423728813559324], ["color.aggregate_count", 0.027118644067796613], ["color.field_type", 0.023728813559322035], ["x.bin_True", 0.023728813559322035], ["y.aggregate_count", 0.023728813559322035]], "recommendations": [{"vega": {"$schema": "https://vega.github.io/schema/vega-lite/v3.json", "data": {"url": "movies.csv"}, "mark": "bar", "encoding": {"color": {"type": "nominal", "field": "type"}, "x": {"type": "quantitative", "field": "minutes", "bin": true}, "y": {"type": "quantitative", "aggregate": "count", "stack": "zero", "scale": {"zero": true}}, "label": -1, "mark_bar": 1}, "width": 270, "height": 270}, "uid": "id1613515782983_0"}, {"vega": {"$schema": "https://vega.github.io/schema/vega-lite/v3.json", "data": {"url": "movies.csv"}, "mark": "bar", "encoding": {"x": {"type": "nominal", "field": "type"}, "y": {"type": "quantitative", "aggregate": "count", "scale": {"zero": true}}, "label": 1, "mark_bar": 1}, "width": 270, "height": 270}, "uid": "id1613515782616_0"}, {"vega": {"$schema": "https://vega.github.io/schema/vega-lite/v3.json", "data": {"url": "movies.csv"}, "mark": "rect", "encoding": {"y": {"type": "nominal", "field": "type"}, "x": {"type": "quantitative", "field": "minutes", "bin": true}, "color": {"type": "quantitative", "aggregate": "count", "scale": {"zero": true}}, "label": 1, "mark_rect": 1}, "width": 270, "height": 270}, "uid": "id1613515783505_3"}, {"vega": {"$schema": "https://vega.github.io/schema/vega-lite/v3.json", "data": {"url": "movies.csv"}, "mark": "rect", "encoding": {"x": {"type": "nominal", "field": "type"}, "y": {"type": "quantitative", "field": "votes", "bin": true}, "color": {"type": "quantitative", "aggregate": "count", "scale": {"zero": true}}}, "width": 270, "height": 270}, "uid": "id1613515782438_0"}], "date": "2021-02-16T22:49:43.506Z", "label": "recommendations"}, {"vega": {"vega": {"$schema": "https://vega.github.io/schema/vega-lite/v3.json", "data": {"url": "movies.csv"}, "mark": "rect", "encoding": {"y": {"type": "nominal", "field": "type"}, "x": {"type": "quantitative", "field": "minutes", "bin": true}, "color": {"type": "quantitative", "aggregate": "count", "scale": {"zero": true}}, "label": 1, "mark_rect": 1}, "width": 270, "height": 270}, "uid": "id1613515783505_3"}, "label": "pinned", "date": "2021-02-16T22:53:49.245Z"}, {"vega": {"vega": {"$schema": "https://vega.github.io/schema/vega-lite/v3.json", "data": {"url": "movies.csv"}, "mark": "bar", "encoding": {"x": {"type": "nominal", "field": "type"}, "y": {"type": "quantitative", "aggregate": "count", "scale": {"zero": true}}, "label": 1, "mark_bar": 1}, "width": 270, "height": 270}, "uid": "id1613515782616_0"}, "label": "pinned", "date": "2021-02-16T22:54:03.206Z"}, {"chart": {"vega": {"$schema": "https://vega.github.io/schema/vega-lite/v3.json", "data": {"url": "movies.csv"}, "mark": "rect", "encoding": {"y": {"type": "nominal", "field": "type"}, "x": {"type": "quantitative", "field": "minutes", "bin": true}, "color": {"type": "quantitative", "aggregate": "count", "scale": {"zero": true}}, "label": 1, "mark_rect": 1}, "width": 270, "height": 270}, "uid": "id1613515783505_3"}, "label": "unpinned", "date": "2021-02-16T22:54:37.548Z"}, {"seen": {"vega": {"$schema": "https://vega.github.io/schema/vega-lite/v3.json", "data": {"url": "movies.csv"}, "mark": "bar", "encoding": {"color": {"type": "nominal", "field": "type"}, "x": {"type": "quantitative", "field": "minutes", "bin": true}, "y": {"type": "quantitative", "aggregate": "count", "stack": "zero", "scale": {"zero": true}}, "label": -1, "mark_bar": 1}, "width": 270, "height": 270}, "uid": "id1613515782983_0"}, "label": "less", "date": "2021-02-16T22:54:50.542Z"}, {"seen": {"vega": {"$schema": "https://vega.github.io/schema/vega-lite/v3.json", "data": {"url": "movies.csv"}, "mark": "bar", "encoding": {"x": {"type": "nominal", "field": "type"}, "y": {"type": "quantitative", "aggregate": "count", "scale": {"zero": true}}, "label": 1, "mark_bar": 1}, "width": 270, "height": 270}, "uid": "id1613515782616_0"}, "label": "more", "date": "2021-02-16T22:54:50.542Z"}, {"seen": {"vega": {"$schema": "https://vega.github.io/schema/vega-lite/v3.json", "data": {"url": "movies.csv"}, "mark": "rect", "encoding": {"y": {"type": "nominal", "field": "type"}, "x": {"type": "quantitative", "field": "minutes", "bin": true}, "color": {"type": "quantitative", "aggregate": "count", "scale": {"zero": true}}, "label": 1, "mark_rect": 1}, "width": 270, "height": 270}, "uid": "id1613515783505_3"}, "label": "more", "date": "2021-02-16T22:54:50.542Z"}, {"seen": {"vega": {"$schema": "https://vega.github.io/schema/vega-lite/v3.json", "data": {"url": "movies.csv"}, "mark": "rect", "encoding": {"x": {"type": "nominal", "field": "type"}, "y": {"type": "quantitative", "field": "votes", "bin": true}, "color": {"type": "quantitative", "aggregate": "count", "scale": {"zero": true}}}, "width": 270, "height": 270}, "uid": "id1613515782438_0"}, "label": "none", "date": "2021-02-16T22:54:50.542Z"}, {"constraints": [["mark_bar", 0.0626470588235294], ["mark_rect", 0.05294117647058824], ["x.type_nominal", 0.05294117647058824], ["x.type_quantitative", 0.0625], ["x.field_minutes", 0.03661764705882353], ["x.field_type", 0.05294117647058824], ["x.field_votes", 0.02176470588235294], ["y.type_nominal", 0.04352941176470588], ["y.type_quantitative", 0.07191176470588234], ["y.aggregate_count", 0.040882352941176474], ["y.aggregate_mean", 0.02176470588235294], ["y.field_minutes", 0.015441176470588236], ["y.field_rating", 0.01088235294117647], ["y.field_type", 0.04352941176470588], ["x.bin_True", 0.0626470588235294], ["color.type_nominal", 0.019117647058823527], ["color.type_quantitative", 0.05279411764705883], ["color.aggregate_count", 0.05294117647058824], ["color.field_type", 0.019117647058823527], ["x.field_rating", 0.00411764705882353], ["y.field_votes", 0.004705882352941177], ["y.bin_True", 0.009411764705882354]], "recommendations": [{"vega": {"$schema": "https://vega.github.io/schema/vega-lite/v3.json", "data": {"url": "movies.csv"}, "mark": "bar", "encoding": {"color": {"type": "nominal", "field": "type"}, "x": {"type": "quantitative", "field": "rating", "bin": true, "scale": {"zero": true}}, "y": {"type": "quantitative", "aggregate": "count", "stack": "zero", "scale": {"zero": true}}, "label": -1, "mark_bar": 1}, "width": 270, "height": 270}, "uid": "id1613516095526_1"}, {"vega": {"$schema": "https://vega.github.io/schema/vega-lite/v3.json", "data": {"url": "movies.csv"}, "mark": "bar", "encoding": {"color": {"type": "nominal", "field": "type"}, "x": {"type": "quantitative", "field": "rating", "bin": true}, "y": {"type": "quantitative", "aggregate": "count", "stack": "zero", "scale": {"zero": true}}, "label": -1, "mark_bar": 1}, "width": 270, "height": 270}, "uid": "id1613516095142_0"}, {"vega": {"$schema": "https://vega.github.io/schema/vega-lite/v3.json", "data": {"url": "movies.csv"}, "mark": "line", "encoding": {"x": {"type": "quantitative", "field": "minutes", "bin": true}, "y": {"type": "quantitative", "aggregate": "count", "scale": {"zero": true}}, "label": 1, "mark_line": 1}, "width": 270, "height": 270}, "uid": "id1613516095654_3"}, {"vega": {"$schema": "https://vega.github.io/schema/vega-lite/v3.json", "data": {"url": "movies.csv"}, "mark": "bar", "encoding": {"y": {"type": "nominal", "field": "type"}, "x": {"type": "quantitative", "aggregate": "mean", "field": "votes", "scale": {"zero": true}}, "color": {"type": "quantitative", "aggregate": "count", "scale": {"zero": true}}, "label": -1, "mark_bar": 1}, "width": 270, "height": 270}, "uid": "id1613516094749_0"}], "date": "2021-02-16T22:54:55.654Z", "label": "recommendations"}, {"vega": {"vega": {"$schema": "https://vega.github.io/schema/vega-lite/v3.json", "data": {"url": "movies.csv"}, "mark": "line", "encoding": {"x": {"type": "quantitative", "field": "minutes", "bin": true}, "y": {"type": "quantitative", "aggregate": "count", "scale": {"zero": true}}, "label": 1, "mark_line": 1}, "width": 270, "height": 270}, "uid": "id1613516095654_3"}, "label": "pinned", "date": "2021-02-16T22:55:20.843Z"}, {"seen": {"vega": {"$schema": "https://vega.github.io/schema/vega-lite/v3.json", "data": {"url": "movies.csv"}, "mark": "bar", "encoding": {"color": {"type": "nominal", "field": "type"}, "x": {"type": "quantitative", "field": "rating", "bin": true, "scale": {"zero": true}}, "y": {"type": "quantitative", "aggregate": "count", "stack": "zero", "scale": {"zero": true}}, "label": -1, "mark_bar": 1}, "width": 270, "height": 270}, "uid": "id1613516095526_1"}, "label": "less", "date": "2021-02-16T22:55:32.865Z"}, {"seen": {"vega": {"$schema": "https://vega.github.io/schema/vega-lite/v3.json", "data": {"url": "movies.csv"}, "mark": "bar", "encoding": {"color": {"type": "nominal", "field": "type"}, "x": {"type": "quantitative", "field": "rating", "bin": true}, "y": {"type": "quantitative", "aggregate": "count", "stack": "zero", "scale": {"zero": true}}, "label": -1, "mark_bar": 1}, "width": 270, "height": 270}, "uid": "id1613516095142_0"}, "label": "less", "date": "2021-02-16T22:55:32.865Z"}, {"seen": {"vega": {"$schema": "https://vega.github.io/schema/vega-lite/v3.json", "data": {"url": "movies.csv"}, "mark": "line", "encoding": {"x": {"type": "quantitative", "field": "minutes", "bin": true}, "y": {"type": "quantitative", "aggregate": "count", "scale": {"zero": true}}, "label": 1, "mark_line": 1}, "width": 270, "height": 270}, "uid": "id1613516095654_3"}, "label": "more", "date": "2021-02-16T22:55:32.865Z"}, {"seen": {"vega": {"$schema": "https://vega.github.io/schema/vega-lite/v3.json", "data": {"url": "movies.csv"}, "mark": "bar", "encoding": {"y": {"type": "nominal", "field": "type"}, "x": {"type": "quantitative", "aggregate": "mean", "field": "votes", "scale": {"zero": true}}, "color": {"type": "quantitative", "aggregate": "count", "scale": {"zero": true}}, "label": -1, "mark_bar": 1}, "width": 270, "height": 270}, "uid": "id1613516094749_0"}, "label": "less", "date": "2021-02-16T22:55:32.865Z"}, {"constraints": [["mark_line", 0.008800000000000002], ["mark_bar", 0.04020000000000001], ["x.type_quantitative", 0.05113333333333336], ["x.field_minutes", 0.028306666666666674], ["x.field_rating", 0.006826666666666667], ["x.field_votes", 0.0172], ["x.bin_True", 0.05101333333333334], ["y.type_nominal", 0.03096000000000001], ["y.type_quantitative", 0.057773333333333336], ["y.aggregate_count", 0.033600000000000005], ["color.type_nominal", 0.014933333333333338], ["color.type_quantitative", 0.04140000000000002], ["color.field_type", 0.01474666666666667], ["y.field_type", 0.032293333333333334], ["x.aggregate_mean", 0.0013333333333333335], ["color.aggregate_count", 0.03768], ["mark_rect", 0.037186666666666666], ["x.type_nominal", 0.03760000000000001], ["x.field_type", 0.03248], ["y.aggregate_mean", 0.01354666666666667], ["y.field_minutes", 0.010440000000000001], ["y.field_rating", 0.006773333333333335], ["y.field_votes", 0.0017066666666666667], ["y.bin_True", 0.005386666666666667], ["mark_area", 0.00084], ["mark_point", 0.0008533333333333333], ["mark_tick", 0.0008533333333333333], ["x.field", 0.003920000000000001], ["y.field", 0.003920000000000001], ["color.field", 0.003920000000000001]], "recommendations": [{"vega": {"$schema": "https://vega.github.io/schema/vega-lite/v3.json", "data": {"url": "movies.csv"}, "mark": "tick", "encoding": {"x": {"type": "nominal", "field": "type"}, "y": {"type": "quantitative", "field": "minutes", "scale": {"zero": true}}, "color": {"type": "quantitative", "field": "principals", "scale": {"zero": true}}}, "width": 270, "height": 270}, "uid": "id1613516135943_1"}, {"vega": {"$schema": "https://vega.github.io/schema/vega-lite/v3.json", "data": {"url": "movies.csv"}, "mark": "tick", "encoding": {"y": {"type": "nominal", "field": "type"}, "x": {"type": "quantitative", "field": "minutes", "scale": {"zero": true}}, "color": {"type": "quantitative", "field": "principals", "scale": {"zero": true}}}, "width": 270, "height": 270}, "uid": "id1613516135804_0"}, {"vega": {"$schema": "https://vega.github.io/schema/vega-lite/v3.json", "data": {"url": "movies.csv"}, "mark": "area", "encoding": {"y": {"type": "nominal", "field": "type"}, "x": {"type": "quantitative", "aggregate": "mean", "field": "rating", "scale": {"zero": true}}}, "width": 270, "height": 270}, "uid": "id1613516136069_2"}, {"vega": {"$schema": "https://vega.github.io/schema/vega-lite/v3.json", "data": {"url": "movies.csv"}, "mark": "bar", "encoding": {"color": {"type": "nominal", "field": "type"}, "x": {"type": "quantitative", "field": "rating", "bin": true}, "y": {"type": "quantitative", "aggregate": "count", "stack": "zero", "scale": {"zero": true}}}, "width": 270, "height": 270}, "uid": "id1613516135662_0"}], "date": "2021-02-16T22:55:36.069Z", "label": "recommendations"}, {"chart": {"vega": {"$schema": "https://vega.github.io/schema/vega-lite/v3.json", "data": {"url": "movies.csv"}, "mark": "bar", "encoding": {"x": {"type": "nominal", "field": "type"}, "y": {"type": "quantitative", "aggregate": "count", "scale": {"zero": true}}, "label": 1, "mark_bar": 1}, "width": 270, "height": 270}, "uid": "id1613515782616_0"}, "label": "unpinned", "date": "2021-02-16T22:56:54.633Z"}, {"vega": {"vega": {"$schema": "https://vega.github.io/schema/vega-lite/v3.json", "data": {"url": "movies.csv"}, "mark": "tick", "encoding": {"y": {"type": "nominal", "field": "type"}, "x": {"type": "quantitative", "field": "minutes", "scale": {"zero": true}}, "color": {"type": "quantitative", "field": "principals", "scale": {"zero": true}}}, "width": 270, "height": 270}, "uid": "id1613516135804_0"}, "label": "pinned", "date": "2021-02-16T22:57:01.945Z"}, {"chart": {"vega": {"$schema": "https://vega.github.io/schema/vega-lite/v3.json", "data": {"url": "movies.csv"}, "mark": "rect", "encoding": {"x": {"type": "nominal", "field": "type"}, "y": {"type": "quantitative", "field": "minutes", "bin": true, "scale": {"zero": true}}, "color": {"type": "quantitative", "aggregate": "count", "scale": {"zero": true}}, "label": 1, "mark_rect": 1}, "width": 270, "height": 270}, "uid": "id1613515398259_2"}, "label": "unpinned", "date": "2021-02-16T23:13:13.989Z"}, {"vega": {"vega": {"$schema": "https://vega.github.io/schema/vega-lite/v3.json", "data": {"url": "movies.csv"}, "mark": "area", "encoding": {"y": {"type": "nominal", "field": "type"}, "x": {"type": "quantitative", "aggregate": "mean", "field": "rating", "scale": {"zero": true}}}, "width": 270, "height": 270}, "uid": "id1613516136069_2"}, "label": "pinned", "date": "2021-02-16T23:19:30.847Z"}, {"chart": {"vega": {"$schema": "https://vega.github.io/schema/vega-lite/v3.json", "data": {"url": "movies.csv"}, "mark": "area", "encoding": {"y": {"type": "nominal", "field": "type"}, "x": {"type": "quantitative", "aggregate": "mean", "field": "rating", "scale": {"zero": true}}}, "width": 270, "height": 270}, "uid": "id1613516136069_2"}, "label": "unpinned", "date": "2021-02-16T23:23:26.536Z"}, {"vega": {"vega": {"$schema": "https://vega.github.io/schema/vega-lite/v3.json", "data": {"url": "movies.csv"}, "mark": "area", "encoding": {"y": {"type": "nominal", "field": "type"}, "x": {"type": "quantitative", "aggregate": "mean", "field": "rating", "scale": {"zero": true}}}, "width": 270, "height": 270}, "uid": "id1613516136069_2"}, "label": "pinned", "date": "2021-02-16T23:23:27.316Z"}, {"seen": {"vega": {"$schema": "https://vega.github.io/schema/vega-lite/v3.json", "data": {"url": "movies.csv"}, "mark": "tick", "encoding": {"x": {"type": "nominal", "field": "type"}, "y": {"type": "quantitative", "field": "minutes", "scale": {"zero": true}}, "color": {"type": "quantitative", "field": "principals", "scale": {"zero": true}}}, "width": 270, "height": 270}, "uid": "id1613516135943_1"}, "label": "none", "date": "2021-02-16T23:23:30.795Z"}, {"seen": {"vega": {"$schema": "https://vega.github.io/schema/vega-lite/v3.json", "data": {"url": "movies.csv"}, "mark": "tick", "encoding": {"y": {"type": "nominal", "field": "type"}, "x": {"type": "quantitative", "field": "minutes", "scale": {"zero": true}}, "color": {"type": "quantitative", "field": "principals", "scale": {"zero": true}}}, "width": 270, "height": 270}, "uid": "id1613516135804_0"}, "label": "none", "date": "2021-02-16T23:23:30.795Z"}, {"seen": {"vega": {"$schema": "https://vega.github.io/schema/vega-lite/v3.json", "data": {"url": "movies.csv"}, "mark": "area", "encoding": {"y": {"type": "nominal", "field": "type"}, "x": {"type": "quantitative", "aggregate": "mean", "field": "rating", "scale": {"zero": true}}}, "width": 270, "height": 270}, "uid": "id1613516136069_2"}, "label": "none", "date": "2021-02-16T23:23:30.795Z"}, {"seen": {"vega": {"$schema": "https://vega.github.io/schema/vega-lite/v3.json", "data": {"url": "movies.csv"}, "mark": "bar", "encoding": {"color": {"type": "nominal", "field": "type"}, "x": {"type": "quantitative", "field": "rating", "bin": true}, "y": {"type": "quantitative", "aggregate": "count", "stack": "zero", "scale": {"zero": true}}}, "width": 270, "height": 270}, "uid": "id1613516135662_0"}, "label": "none", "date": "2021-02-16T23:23:30.795Z"}, {"constraints": [["mark_line", 0.008800000000000002], ["mark_bar", 0.04020000000000001], ["x.type_quantitative", 0.05113333333333336], ["x.field_minutes", 0.028306666666666674], ["x.field_rating", 0.006826666666666667], ["x.field_votes", 0.0172], ["x.bin_True", 0.05101333333333334], ["y.type_nominal", 0.03096000000000001], ["y.type_quantitative", 0.057773333333333336], ["y.aggregate_count", 0.033600000000000005], ["color.type_nominal", 0.014933333333333338], ["color.type_quantitative", 0.04140000000000002], ["color.field_type", 0.01474666666666667], ["y.field_type", 0.032293333333333334], ["x.aggregate_mean", 0.0013333333333333335], ["color.aggregate_count", 0.03768], ["mark_rect", 0.037186666666666666], ["x.type_nominal", 0.03760000000000001], ["x.field_type", 0.03248], ["y.aggregate_mean", 0.01354666666666667], ["y.field_minutes", 0.010440000000000001], ["y.field_rating", 0.006773333333333335], ["y.field_votes", 0.0017066666666666667], ["y.bin_True", 0.005386666666666667], ["mark_area", 0.00084], ["mark_point", 0.0008533333333333333], ["mark_tick", 0.0008533333333333333], ["x.field", 0.003920000000000001], ["y.field", 0.003920000000000001], ["color.field", 0.003920000000000001]], "recommendations": [{"vega": {"$schema": "https://vega.github.io/schema/vega-lite/v3.json", "data": {"url": "movies.csv"}, "mark": "point", "encoding": {"x": {"type": "nominal", "field": "type"}, "y": {"type": "quantitative", "field": "rating", "bin": true, "scale": {"zero": true}}, "size": {"type": "quantitative", "aggregate": "count", "scale": {"zero": true}}}, "width": 270, "height": 270}, "uid": "id1613517812199_3"}, {"vega": {"$schema": "https://vega.github.io/schema/vega-lite/v3.json", "data": {"url": "movies.csv"}, "mark": "rect", "encoding": {"x": {"type": "nominal", "field": "type"}, "y": {"type": "quantitative", "field": "votes", "bin": true, "scale": {"zero": true}}, "color": {"type": "quantitative", "aggregate": "count", "scale": {"zero": true}}}, "width": 270, "height": 270}, "uid": "id1613517812982_1"}, {"vega": {"$schema": "https://vega.github.io/schema/vega-lite/v3.json", "data": {"url": "movies.csv"}, "mark": "line", "encoding": {"y": {"type": "nominal", "field": "type"}, "x": {"type": "quantitative", "aggregate": "count", "scale": {"zero": false}}}, "width": 270, "height": 270}, "uid": "id1613517812592_2"}, {"vega": {"$schema": "https://vega.github.io/schema/vega-lite/v3.json", "data": {"url": "movies.csv"}, "mark": "bar", "encoding": {"x": {"type": "nominal", "field": "type"}, "y": {"type": "quantitative", "aggregate": "mean", "field": "minutes", "scale": {"zero": true}}}, "width": 270, "height": 270}, "uid": "id1613517811736_0"}], "date": "2021-02-16T23:23:32.982Z", "label": "recommendations"}]}