{"participant": {"age": "25-29", "gender": "F", "tools": "Excel, RawGraphs, iNZight, Qualtrics", "experience": "3-5"}, "session": [{"label": "none", "date": "2021-02-27T14:17:43.884Z"}, {"label": "none", "date": "2021-02-27T14:17:43.884Z"}, {"label": "none", "date": "2021-02-27T14:17:43.884Z"}, {"label": "none", "date": "2021-02-27T14:17:43.884Z"}, {"constraints": [], "recommendations": [{"vega": {"$schema": "https://vega.github.io/schema/vega-lite/v3.json", "data": {"url": "movies.csv"}, "mark": "area", "encoding": {"color": {"type": "nominal", "field": "type"}, "x": {"type": "quantitative", "aggregate": "mean", "field": "minutes", "scale": {"zero": true}}, "y": {"type": "quantitative", "aggregate": "count", "stack": "zero", "scale": {"zero": true}}}, "width": 270, "height": 270}, "uid": "id1614435463877_1"}, {"vega": {"$schema": "https://vega.github.io/schema/vega-lite/v3.json", "data": {"url": "movies.csv"}, "mark": "area", "encoding": {"y": {"type": "nominal", "field": "type"}, "x": {"type": "quantitative", "aggregate": "mean", "field": "rating", "scale": {"zero": true}}, "color": {"type": "quantitative", "aggregate": "count", "scale": {"zero": true}}}, "width": 270, "height": 270}, "uid": "id1614435464833_1"}, {"vega": {"$schema": "https://vega.github.io/schema/vega-lite/v3.json", "data": {"url": "movies.csv"}, "mark": "area", "encoding": {"y": {"type": "quantitative", "field": "minutes", "bin": true}, "x": {"type": "quantitative", "aggregate": "count", "scale": {"zero": true}}}, "width": 270, "height": 270}, "uid": "id1614435462693_0"}, {"vega": {"$schema": "https://vega.github.io/schema/vega-lite/v3.json", "data": {"url": "movies.csv"}, "mark": "area", "encoding": {"color": {"type": "nominal", "field": "type"}, "x": {"type": "quantitative", "aggregate": "mean", "field": "principals", "scale": {"zero": true}}, "y": {"type": "quantitative", "aggregate": "count", "stack": "zero", "scale": {"zero": true}}}, "width": 270, "height": 270}, "uid": "id1614435463877_2"}], "date": "2021-02-27T14:17:44.834Z", "label": "recommendations"}, {"constraints": [], "recommendations": [{"vega": {"$schema": "https://vega.github.io/schema/vega-lite/v3.json", "data": {"url": "movies.csv"}, "mark": "point", "encoding": {"y": {"type": "nominal", "field": "type"}, "x": {"type": "quantitative", "field": "votes", "bin": true}, "size": {"type": "quantitative", "aggregate": "count", "scale": {"zero": true}}}, "width": 270, "height": 270}, "uid": "id1614435466131_2"}, {"vega": {"$schema": "https://vega.github.io/schema/vega-lite/v3.json", "data": {"url": "movies.csv"}, "mark": "tick", "encoding": {"y": {"type": "quantitative", "field": "rating", "bin": true}, "x": {"type": "quantitative", "field": "principals", "scale": {"zero": true}}}, "width": 270, "height": 270}, "uid": "id1614435467441_0"}, {"vega": {"$schema": "https://vega.github.io/schema/vega-lite/v3.json", "data": {"url": "movies.csv"}, "mark": "point", "encoding": {"size": {"type": "quantitative", "aggregate": "count", "scale": {"zero": true}}, "x": {"type": "nominal", "field": "type"}, "y": {"type": "quantitative", "field": "votes", "bin": true}}, "width": 270, "height": 270}, "uid": "id1614435466829_0"}, {"vega": {"$schema": "https://vega.github.io/schema/vega-lite/v3.json", "data": {"url": "movies.csv"}, "mark": "point", "encoding": {"y": {"type": "nominal", "field": "type"}, "x": {"type": "quantitative", "field": "votes", "bin": true, "scale": {"zero": true}}, "size": {"type": "quantitative", "aggregate": "count", "scale": {"zero": true}}}, "width": 270, "height": 270}, "uid": "id1614435466131_3"}], "date": "2021-02-27T14:17:47.441Z", "label": "recommendations"}, {"seen": {"vega": {"$schema": "https://vega.github.io/schema/vega-lite/v3.json", "data": {"url": "movies.csv"}, "mark": "point", "encoding": {"y": {"type": "nominal", "field": "type"}, "x": {"type": "quantitative", "field": "votes", "bin": true}, "size": {"type": "quantitative", "aggregate": "count", "scale": {"zero": true}}}, "width": 270, "height": 270}, "uid": "id1614435466131_2"}, "label": "none", "date": "2021-02-27T14:18:31.923Z"}, {"seen": {"vega": {"$schema": "https://vega.github.io/schema/vega-lite/v3.json", "data": {"url": "movies.csv"}, "mark": "tick", "encoding": {"y": {"type": "quantitative", "field": "rating", "bin": true}, "x": {"type": "quantitative", "field": "principals", "scale": {"zero": true}}}, "width": 270, "height": 270}, "uid": "id1614435467441_0"}, "label": "none", "date": "2021-02-27T14:18:31.923Z"}, {"seen": {"vega": {"$schema": "https://vega.github.io/schema/vega-lite/v3.json", "data": {"url": "movies.csv"}, "mark": "point", "encoding": {"size": {"type": "quantitative", "aggregate": "count", "scale": {"zero": true}}, "x": {"type": "nominal", "field": "type"}, "y": {"type": "quantitative", "field": "votes", "bin": true}}, "width": 270, "height": 270}, "uid": "id1614435466829_0"}, "label": "none", "date": "2021-02-27T14:18:31.923Z"}, {"seen": {"vega": {"$schema": "https://vega.github.io/schema/vega-lite/v3.json", "data": {"url": "movies.csv"}, "mark": "point", "encoding": {"y": {"type": "nominal", "field": "type"}, "x": {"type": "quantitative", "field": "votes", "bin": true, "scale": {"zero": true}}, "size": {"type": "quantitative", "aggregate": "count", "scale": {"zero": true}}}, "width": 270, "height": 270}, "uid": "id1614435466131_3"}, "label": "none", "date": "2021-02-27T14:18:31.923Z"}, {"constraints": [], "recommendations": [{"vega": {"$schema": "https://vega.github.io/schema/vega-lite/v3.json", "data": {"url": "movies.csv"}, "mark": "line", "encoding": {"x": {"type": "nominal", "field": "type"}, "y": {"type": "quantitative", "aggregate": "count", "scale": {"zero": true}}, "color": {"type": "quantitative", "aggregate": "mean", "field": "principals", "scale": {"zero": true}}}, "width": 270, "height": 270}, "uid": "id1614435515160_3"}, {"vega": {"$schema": "https://vega.github.io/schema/vega-lite/v3.json", "data": {"url": "movies.csv"}, "mark": "point", "encoding": {"size": {"type": "quantitative", "aggregate": "count", "scale": {"zero": true}}, "y": {"type": "nominal", "field": "type"}, "x": {"type": "quantitative", "field": "votes", "bin": true}}, "width": 270, "height": 270}, "uid": "id1614435519656_3"}, {"vega": {"$schema": "https://vega.github.io/schema/vega-lite/v3.json", "data": {"url": "movies.csv"}, "mark": "area", "encoding": {"color": {"type": "nominal", "field": "type"}, "x": {"type": "quantitative", "aggregate": "mean", "field": "minutes", "scale": {"zero": true}}, "y": {"type": "quantitative", "aggregate": "count", "stack": "zero", "scale": {"zero": true}}, "label": 1, "mark_area": 1}, "width": 270, "height": 270}, "uid": "id1614435521178_0"}, {"vega": {"$schema": "https://vega.github.io/schema/vega-lite/v3.json", "data": {"url": "movies.csv"}, "mark": "line", "encoding": {"x": {"type": "nominal", "field": "type"}, "y": {"type": "quantitative", "aggregate": "count", "scale": {"zero": true}}, "color": {"type": "quantitative", "aggregate": "mean", "field": "principals", "scale": {"zero": true}}}, "width": 270, "height": 270}, "uid": "id1614435515160_2"}], "date": "2021-02-27T14:18:41.179Z", "label": "recommendations"}, {"vega": {"vega": {"$schema": "https://vega.github.io/schema/vega-lite/v3.json", "data": {"url": "movies.csv"}, "mark": "area", "encoding": {"color": {"type": "nominal", "field": "type"}, "x": {"type": "quantitative", "aggregate": "mean", "field": "minutes", "scale": {"zero": true}}, "y": {"type": "quantitative", "aggregate": "count", "stack": "zero", "scale": {"zero": true}}, "label": 1, "mark_area": 1}, "width": 270, "height": 270}, "uid": "id1614435521178_0"}, "label": "pinned", "date": "2021-02-27T14:18:55.113Z"}, {"seen": {"vega": {"$schema": "https://vega.github.io/schema/vega-lite/v3.json", "data": {"url": "movies.csv"}, "mark": "line", "encoding": {"x": {"type": "nominal", "field": "type"}, "y": {"type": "quantitative", "aggregate": "count", "scale": {"zero": true}}, "color": {"type": "quantitative", "aggregate": "mean", "field": "principals", "scale": {"zero": true}}}, "width": 270, "height": 270}, "uid": "id1614435515160_3"}, "label": "none", "date": "2021-02-27T14:19:46.666Z"}, {"seen": {"vega": {"$schema": "https://vega.github.io/schema/vega-lite/v3.json", "data": {"url": "movies.csv"}, "mark": "point", "encoding": {"size": {"type": "quantitative", "aggregate": "count", "scale": {"zero": true}}, "y": {"type": "nominal", "field": "type"}, "x": {"type": "quantitative", "field": "votes", "bin": true}}, "width": 270, "height": 270}, "uid": "id1614435519656_3"}, "label": "none", "date": "2021-02-27T14:19:46.666Z"}, {"seen": {"vega": {"$schema": "https://vega.github.io/schema/vega-lite/v3.json", "data": {"url": "movies.csv"}, "mark": "area", "encoding": {"color": {"type": "nominal", "field": "type"}, "x": {"type": "quantitative", "aggregate": "mean", "field": "minutes", "scale": {"zero": true}}, "y": {"type": "quantitative", "aggregate": "count", "stack": "zero", "scale": {"zero": true}}, "label": 1, "mark_area": 1}, "width": 270, "height": 270}, "uid": "id1614435521178_0"}, "label": "more", "date": "2021-02-27T14:19:46.666Z"}, {"seen": {"vega": {"$schema": "https://vega.github.io/schema/vega-lite/v3.json", "data": {"url": "movies.csv"}, "mark": "line", "encoding": {"x": {"type": "nominal", "field": "type"}, "y": {"type": "quantitative", "aggregate": "count", "scale": {"zero": true}}, "color": {"type": "quantitative", "aggregate": "mean", "field": "principals", "scale": {"zero": true}}}, "width": 270, "height": 270}, "uid": "id1614435515160_2"}, "label": "none", "date": "2021-02-27T14:19:46.666Z"}, {"constraints": [["mark_area", 0.02962962962962963], ["color.type_nominal", 0.02962962962962963], ["color.field_type", 0.02962962962962963], ["x.type_quantitative", 0.02962962962962963], ["x.aggregate_mean", 0.02962962962962963], ["x.field_minutes", 0.014814814814814815], ["x.field_principals", 0.014814814814814815], ["y.type_quantitative", 0.02962962962962963], ["y.aggregate_count", 0.02962962962962963]], "recommendations": [{"vega": {"$schema": "https://vega.github.io/schema/vega-lite/v3.json", "data": {"url": "movies.csv"}, "mark": "rect", "encoding": {"row": {"type": "nominal", "field": "type"}, "color": {"type": "nominal", "field": "type"}, "x": {"type": "quantitative", "field": "rating", "bin": true, "scale": {"zero": true}}, "y": {"type": "quantitative", "field": "rating", "bin": true}}, "width": 270, "height": 270}, "uid": "id1614435595371_3"}, {"vega": {"$schema": "https://vega.github.io/schema/vega-lite/v3.json", "data": {"url": "movies.csv"}, "mark": "point", "encoding": {"size": {"type": "quantitative", "aggregate": "count", "scale": {"zero": true}}, "y": {"type": "nominal", "field": "type"}, "x": {"type": "quantitative", "field": "votes", "bin": true, "scale": {"zero": true}}}, "width": 270, "height": 270}, "uid": "id1614435595821_2"}, {"vega": {"$schema": "https://vega.github.io/schema/vega-lite/v3.json", "data": {"url": "movies.csv"}, "mark": "area", "encoding": {"color": {"type": "nominal", "field": "type"}, "x": {"type": "quantitative", "aggregate": "mean", "field": "principals", "scale": {"zero": true}}, "y": {"type": "quantitative", "aggregate": "count", "stack": "normalize", "scale": {"zero": true}}}, "width": 270, "height": 270}, "uid": "id1614435596272_1"}, {"vega": {"$schema": "https://vega.github.io/schema/vega-lite/v3.json", "data": {"url": "movies.csv"}, "mark": "area", "encoding": {"color": {"type": "nominal", "field": "type"}, "x": {"type": "quantitative", "aggregate": "mean", "field": "minutes", "scale": {"zero": true}}, "y": {"type": "quantitative", "aggregate": "count", "stack": "normalize", "scale": {"zero": true}}}, "width": 270, "height": 270}, "uid": "id1614435594891_1"}], "date": "2021-02-27T14:19:56.273Z", "label": "recommendations"}, {"seen": {"vega": {"$schema": "https://vega.github.io/schema/vega-lite/v3.json", "data": {"url": "movies.csv"}, "mark": "rect", "encoding": {"row": {"type": "nominal", "field": "type"}, "color": {"type": "nominal", "field": "type"}, "x": {"type": "quantitative", "field": "rating", "bin": true, "scale": {"zero": true}}, "y": {"type": "quantitative", "field": "rating", "bin": true}}, "width": 270, "height": 270}, "uid": "id1614435595371_3"}, "label": "none", "date": "2021-02-27T14:21:17.643Z"}, {"seen": {"vega": {"$schema": "https://vega.github.io/schema/vega-lite/v3.json", "data": {"url": "movies.csv"}, "mark": "point", "encoding": {"size": {"type": "quantitative", "aggregate": "count", "scale": {"zero": true}}, "y": {"type": "nominal", "field": "type"}, "x": {"type": "quantitative", "field": "votes", "bin": true, "scale": {"zero": true}}}, "width": 270, "height": 270}, "uid": "id1614435595821_2"}, "label": "none", "date": "2021-02-27T14:21:17.643Z"}, {"seen": {"vega": {"$schema": "https://vega.github.io/schema/vega-lite/v3.json", "data": {"url": "movies.csv"}, "mark": "area", "encoding": {"color": {"type": "nominal", "field": "type"}, "x": {"type": "quantitative", "aggregate": "mean", "field": "principals", "scale": {"zero": true}}, "y": {"type": "quantitative", "aggregate": "count", "stack": "normalize", "scale": {"zero": true}}}, "width": 270, "height": 270}, "uid": "id1614435596272_1"}, "label": "none", "date": "2021-02-27T14:21:17.643Z"}, {"seen": {"vega": {"$schema": "https://vega.github.io/schema/vega-lite/v3.json", "data": {"url": "movies.csv"}, "mark": "area", "encoding": {"color": {"type": "nominal", "field": "type"}, "x": {"type": "quantitative", "aggregate": "mean", "field": "minutes", "scale": {"zero": true}}, "y": {"type": "quantitative", "aggregate": "count", "stack": "normalize", "scale": {"zero": true}}}, "width": 270, "height": 270}, "uid": "id1614435594891_1"}, "label": "none", "date": "2021-02-27T14:21:17.643Z"}, {"constraints": [["mark_area", 0.02962962962962963], ["color.type_nominal", 0.02962962962962963], ["color.field_type", 0.02962962962962963], ["x.type_quantitative", 0.02962962962962963], ["x.aggregate_mean", 0.02962962962962963], ["x.field_minutes", 0.014814814814814815], ["x.field_principals", 0.014814814814814815], ["y.type_quantitative", 0.02962962962962963], ["y.aggregate_count", 0.02962962962962963]], "recommendations": [{"vega": {"$schema": "https://vega.github.io/schema/vega-lite/v3.json", "data": {"url": "movies.csv"}, "mark": "rect", "encoding": {"x": {"type": "quantitative", "field": "rating", "bin": true}, "y": {"type": "quantitative", "field": "minutes", "bin": true}, "color": {"type": "quantitative", "aggregate": "count", "scale": {"zero": true}}}, "width": 270, "height": 270}, "uid": "id1614435683012_0"}, {"vega": {"$schema": "https://vega.github.io/schema/vega-lite/v3.json", "data": {"url": "movies.csv"}, "mark": "point", "encoding": {"y": {"type": "nominal", "field": "type"}, "x": {"type": "quantitative", "field": "votes", "bin": true, "scale": {"zero": true}}, "color": {"type": "quantitative", "aggregate": "count", "scale": {"zero": true}}}, "width": 270, "height": 270}, "uid": "id1614435683390_2"}, {"vega": {"$schema": "https://vega.github.io/schema/vega-lite/v3.json", "data": {"url": "movies.csv"}, "mark": "area", "encoding": {"color": {"type": "nominal", "field": "type"}, "x": {"type": "quantitative", "aggregate": "mean", "field": "principals", "scale": {"zero": true}}, "y": {"type": "quantitative", "aggregate": "count", "stack": "zero", "scale": {"zero": true}}}, "width": 270, "height": 270}, "uid": "id1614435680046_0"}, {"vega": {"$schema": "https://vega.github.io/schema/vega-lite/v3.json", "data": {"url": "movies.csv"}, "mark": "area", "encoding": {"color": {"type": "nominal", "field": "type"}, "x": {"type": "quantitative", "aggregate": "mean", "field": "minutes", "scale": {"zero": false}}, "y": {"type": "quantitative", "aggregate": "count", "stack": "zero", "scale": {"zero": true}}}, "width": 270, "height": 270}, "uid": "id1614435681605_2"}], "date": "2021-02-27T14:21:23.390Z", "label": "recommendations"}, {"vega": {"vega": {"$schema": "https://vega.github.io/schema/vega-lite/v3.json", "data": {"url": "movies.csv"}, "mark": "rect", "encoding": {"x": {"type": "quantitative", "field": "rating", "bin": true}, "y": {"type": "quantitative", "field": "minutes", "bin": true}, "color": {"type": "quantitative", "aggregate": "count", "scale": {"zero": true}}}, "width": 270, "height": 270}, "uid": "id1614435683012_0"}, "label": "pinned", "date": "2021-02-27T14:21:33.504Z"}, {"seen": {"vega": {"$schema": "https://vega.github.io/schema/vega-lite/v3.json", "data": {"url": "movies.csv"}, "mark": "rect", "encoding": {"x": {"type": "quantitative", "field": "rating", "bin": true}, "y": {"type": "quantitative", "field": "minutes", "bin": true}, "color": {"type": "quantitative", "aggregate": "count", "scale": {"zero": true}}}, "width": 270, "height": 270}, "uid": "id1614435683012_0"}, "label": "none", "date": "2021-02-27T14:23:18.704Z"}, {"seen": {"vega": {"$schema": "https://vega.github.io/schema/vega-lite/v3.json", "data": {"url": "movies.csv"}, "mark": "point", "encoding": {"y": {"type": "nominal", "field": "type"}, "x": {"type": "quantitative", "field": "votes", "bin": true, "scale": {"zero": true}}, "color": {"type": "quantitative", "aggregate": "count", "scale": {"zero": true}}}, "width": 270, "height": 270}, "uid": "id1614435683390_2"}, "label": "none", "date": "2021-02-27T14:23:18.704Z"}, {"seen": {"vega": {"$schema": "https://vega.github.io/schema/vega-lite/v3.json", "data": {"url": "movies.csv"}, "mark": "area", "encoding": {"color": {"type": "nominal", "field": "type"}, "x": {"type": "quantitative", "aggregate": "mean", "field": "principals", "scale": {"zero": true}}, "y": {"type": "quantitative", "aggregate": "count", "stack": "zero", "scale": {"zero": true}}}, "width": 270, "height": 270}, "uid": "id1614435680046_0"}, "label": "none", "date": "2021-02-27T14:23:18.704Z"}, {"seen": {"vega": {"$schema": "https://vega.github.io/schema/vega-lite/v3.json", "data": {"url": "movies.csv"}, "mark": "area", "encoding": {"color": {"type": "nominal", "field": "type"}, "x": {"type": "quantitative", "aggregate": "mean", "field": "minutes", "scale": {"zero": false}}, "y": {"type": "quantitative", "aggregate": "count", "stack": "zero", "scale": {"zero": true}}}, "width": 270, "height": 270}, "uid": "id1614435681605_2"}, "label": "none", "date": "2021-02-27T14:23:18.704Z"}, {"constraints": [["mark_area", 0.02962962962962963], ["color.type_nominal", 0.02962962962962963], ["color.field_type", 0.02962962962962963], ["x.type_quantitative", 0.02962962962962963], ["x.aggregate_mean", 0.02962962962962963], ["x.field_minutes", 0.014814814814814815], ["x.field_principals", 0.014814814814814815], ["y.type_quantitative", 0.02962962962962963], ["y.aggregate_count", 0.02962962962962963]], "recommendations": [{"vega": {"$schema": "https://vega.github.io/schema/vega-lite/v3.json", "data": {"url": "movies.csv"}, "mark": "tick", "encoding": {"y": {"type": "nominal", "field": "type"}, "x": {"type": "quantitative", "field": "minutes", "scale": {"zero": true}}}, "width": 270, "height": 270}, "uid": "id1614435805334_3"}, {"vega": {"$schema": "https://vega.github.io/schema/vega-lite/v3.json", "data": {"url": "movies.csv"}, "mark": "area", "encoding": {"color": {"type": "nominal", "field": "type"}, "x": {"type": "quantitative", "aggregate": "mean", "field": "principals", "scale": {"zero": true}}, "y": {"type": "quantitative", "aggregate": "count", "stack": "normalize", "scale": {"zero": true}}}, "width": 270, "height": 270}, "uid": "id1614435806255_1"}, {"vega": {"$schema": "https://vega.github.io/schema/vega-lite/v3.json", "data": {"url": "movies.csv"}, "mark": "point", "encoding": {"size": {"type": "quantitative", "aggregate": "count", "scale": {"zero": true}}, "y": {"type": "nominal", "field": "type"}, "x": {"type": "quantitative", "field": "minutes", "bin": true, "scale": {"zero": true}}}, "width": 270, "height": 270}, "uid": "id1614435803760_1"}, {"vega": {"$schema": "https://vega.github.io/schema/vega-lite/v3.json", "data": {"url": "movies.csv"}, "mark": "area", "encoding": {"color": {"type": "nominal", "field": "type"}, "x": {"type": "quantitative", "aggregate": "mean", "field": "minutes", "scale": {"zero": false}}, "y": {"type": "quantitative", "aggregate": "count", "stack": "zero", "scale": {"zero": true}}}, "width": 270, "height": 270}, "uid": "id1614435802032_2"}], "date": "2021-02-27T14:23:26.256Z", "label": "recommendations"}, {"seen": {"vega": {"$schema": "https://vega.github.io/schema/vega-lite/v3.json", "data": {"url": "movies.csv"}, "mark": "tick", "encoding": {"y": {"type": "nominal", "field": "type"}, "x": {"type": "quantitative", "field": "minutes", "scale": {"zero": true}}}, "width": 270, "height": 270}, "uid": "id1614435805334_3"}, "label": "none", "date": "2021-02-27T14:24:24.742Z"}, {"seen": {"vega": {"$schema": "https://vega.github.io/schema/vega-lite/v3.json", "data": {"url": "movies.csv"}, "mark": "area", "encoding": {"color": {"type": "nominal", "field": "type"}, "x": {"type": "quantitative", "aggregate": "mean", "field": "principals", "scale": {"zero": true}}, "y": {"type": "quantitative", "aggregate": "count", "stack": "normalize", "scale": {"zero": true}}}, "width": 270, "height": 270}, "uid": "id1614435806255_1"}, "label": "none", "date": "2021-02-27T14:24:24.742Z"}, {"seen": {"vega": {"$schema": "https://vega.github.io/schema/vega-lite/v3.json", "data": {"url": "movies.csv"}, "mark": "point", "encoding": {"size": {"type": "quantitative", "aggregate": "count", "scale": {"zero": true}}, "y": {"type": "nominal", "field": "type"}, "x": {"type": "quantitative", "field": "minutes", "bin": true, "scale": {"zero": true}}}, "width": 270, "height": 270}, "uid": "id1614435803760_1"}, "label": "none", "date": "2021-02-27T14:24:24.742Z"}, {"seen": {"vega": {"$schema": "https://vega.github.io/schema/vega-lite/v3.json", "data": {"url": "movies.csv"}, "mark": "area", "encoding": {"color": {"type": "nominal", "field": "type"}, "x": {"type": "quantitative", "aggregate": "mean", "field": "minutes", "scale": {"zero": false}}, "y": {"type": "quantitative", "aggregate": "count", "stack": "zero", "scale": {"zero": true}}}, "width": 270, "height": 270}, "uid": "id1614435802032_2"}, "label": "none", "date": "2021-02-27T14:24:24.742Z"}, {"constraints": [["mark_area", 0.02962962962962963], ["color.type_nominal", 0.02962962962962963], ["color.field_type", 0.02962962962962963], ["x.type_quantitative", 0.02962962962962963], ["x.aggregate_mean", 0.02962962962962963], ["x.field_minutes", 0.014814814814814815], ["x.field_principals", 0.014814814814814815], ["y.type_quantitative", 0.02962962962962963], ["y.aggregate_count", 0.02962962962962963]], "recommendations": [{"vega": {"$schema": "https://vega.github.io/schema/vega-lite/v3.json", "data": {"url": "movies.csv"}, "mark": "point", "encoding": {"color": {"type": "nominal", "field": "type"}, "x": {"type": "quantitative", "aggregate": "mean", "field": "principals", "scale": {"zero": true}}, "y": {"type": "quantitative", "aggregate": "count", "scale": {"zero": true}}}, "width": 270, "height": 270}, "uid": "id1614435870166_0"}, {"vega": {"$schema": "https://vega.github.io/schema/vega-lite/v3.json", "data": {"url": "movies.csv"}, "mark": "area", "encoding": {"color": {"type": "nominal", "field": "type"}, "x": {"type": "quantitative", "aggregate": "mean", "field": "principals", "scale": {"zero": true}}, "y": {"type": "quantitative", "aggregate": "count", "stack": "zero", "scale": {"zero": true}}}, "width": 270, "height": 270}, "uid": "id1614435870541_0"}, {"vega": {"$schema": "https://vega.github.io/schema/vega-lite/v3.json", "data": {"url": "movies.csv"}, "mark": "area", "encoding": {"y": {"type": "quantitative", "field": "votes", "bin": true, "scale": {"zero": true}}, "x": {"type": "quantitative", "aggregate": "count", "scale": {"zero": true}}, "color": {"type": "quantitative", "aggregate": "mean", "field": "principals", "scale": {"zero": true}}}, "width": 270, "height": 270}, "uid": "id1614435868785_1"}, {"vega": {"$schema": "https://vega.github.io/schema/vega-lite/v3.json", "data": {"url": "movies.csv"}, "mark": "area", "encoding": {"color": {"type": "nominal", "field": "type"}, "x": {"type": "quantitative", "aggregate": "mean", "field": "principals", "scale": {"zero": true}}, "y": {"type": "quantitative", "aggregate": "count", "stack": "normalize", "scale": {"zero": true}}}, "width": 270, "height": 270}, "uid": "id1614435867351_1"}], "date": "2021-02-27T14:24:30.541Z", "label": "recommendations"}, {"vega": {"vega": {"$schema": "https://vega.github.io/schema/vega-lite/v3.json", "data": {"url": "movies.csv"}, "mark": "point", "encoding": {"color": {"type": "nominal", "field": "type"}, "x": {"type": "quantitative", "aggregate": "mean", "field": "principals", "scale": {"zero": true}}, "y": {"type": "quantitative", "aggregate": "count", "scale": {"zero": true}}}, "width": 270, "height": 270}, "uid": "id1614435870166_0"}, "label": "pinned", "date": "2021-02-27T14:24:35.873Z"}, {"vega": {"vega": {"$schema": "https://vega.github.io/schema/vega-lite/v3.json", "data": {"url": "movies.csv"}, "mark": "area", "encoding": {"y": {"type": "quantitative", "field": "votes", "bin": true, "scale": {"zero": true}}, "x": {"type": "quantitative", "aggregate": "count", "scale": {"zero": true}}, "color": {"type": "quantitative", "aggregate": "mean", "field": "principals", "scale": {"zero": true}}}, "width": 270, "height": 270}, "uid": "id1614435868785_1"}, "label": "pinned", "date": "2021-02-27T14:24:43.959Z"}, {"seen": {"vega": {"$schema": "https://vega.github.io/schema/vega-lite/v3.json", "data": {"url": "movies.csv"}, "mark": "point", "encoding": {"color": {"type": "nominal", "field": "type"}, "x": {"type": "quantitative", "aggregate": "mean", "field": "principals", "scale": {"zero": true}}, "y": {"type": "quantitative", "aggregate": "count", "scale": {"zero": true}}}, "width": 270, "height": 270}, "uid": "id1614435870166_0"}, "label": "none", "date": "2021-02-27T14:25:08.498Z"}, {"seen": {"vega": {"$schema": "https://vega.github.io/schema/vega-lite/v3.json", "data": {"url": "movies.csv"}, "mark": "area", "encoding": {"color": {"type": "nominal", "field": "type"}, "x": {"type": "quantitative", "aggregate": "mean", "field": "principals", "scale": {"zero": true}}, "y": {"type": "quantitative", "aggregate": "count", "stack": "zero", "scale": {"zero": true}}}, "width": 270, "height": 270}, "uid": "id1614435870541_0"}, "label": "none", "date": "2021-02-27T14:25:08.498Z"}, {"seen": {"vega": {"$schema": "https://vega.github.io/schema/vega-lite/v3.json", "data": {"url": "movies.csv"}, "mark": "area", "encoding": {"y": {"type": "quantitative", "field": "votes", "bin": true, "scale": {"zero": true}}, "x": {"type": "quantitative", "aggregate": "count", "scale": {"zero": true}}, "color": {"type": "quantitative", "aggregate": "mean", "field": "principals", "scale": {"zero": true}}}, "width": 270, "height": 270}, "uid": "id1614435868785_1"}, "label": "none", "date": "2021-02-27T14:25:08.498Z"}, {"seen": {"vega": {"$schema": "https://vega.github.io/schema/vega-lite/v3.json", "data": {"url": "movies.csv"}, "mark": "area", "encoding": {"color": {"type": "nominal", "field": "type"}, "x": {"type": "quantitative", "aggregate": "mean", "field": "principals", "scale": {"zero": true}}, "y": {"type": "quantitative", "aggregate": "count", "stack": "normalize", "scale": {"zero": true}}}, "width": 270, "height": 270}, "uid": "id1614435867351_1"}, "label": "none", "date": "2021-02-27T14:25:08.498Z"}, {"constraints": [["mark_area", 0.02962962962962963], ["color.type_nominal", 0.02962962962962963], ["color.field_type", 0.02962962962962963], ["x.type_quantitative", 0.02962962962962963], ["x.aggregate_mean", 0.02962962962962963], ["x.field_minutes", 0.014814814814814815], ["x.field_principals", 0.014814814814814815], ["y.type_quantitative", 0.02962962962962963], ["y.aggregate_count", 0.02962962962962963]], "recommendations": [{"vega": {"$schema": "https://vega.github.io/schema/vega-lite/v3.json", "data": {"url": "movies.csv"}, "mark": "bar", "encoding": {"y": {"type": "quantitative", "field": "minutes", "bin": true}, "x": {"type": "quantitative", "aggregate": "count", "scale": {"zero": true}}}, "width": 270, "height": 270}, "uid": "id1614435914712_0"}, {"vega": {"$schema": "https://vega.github.io/schema/vega-lite/v3.json", "data": {"url": "movies.csv"}, "mark": "bar", "encoding": {"color": {"type": "nominal", "field": "type"}, "x": {"type": "quantitative", "field": "rating", "bin": true}, "y": {"type": "quantitative", "aggregate": "count", "stack": "zero", "scale": {"zero": true}}}, "width": 270, "height": 270}, "uid": "id1614435916112_0"}, {"vega": {"$schema": "https://vega.github.io/schema/vega-lite/v3.json", "data": {"url": "movies.csv"}, "mark": "area", "encoding": {"color": {"type": "nominal", "field": "type"}, "x": {"type": "quantitative", "aggregate": "mean", "field": "minutes", "scale": {"zero": false}}, "y": {"type": "quantitative", "aggregate": "count", "stack": "zero", "scale": {"zero": true}}}, "width": 270, "height": 270}, "uid": "id1614435913495_2"}, {"vega": {"$schema": "https://vega.github.io/schema/vega-lite/v3.json", "data": {"url": "movies.csv"}, "mark": "area", "encoding": {"color": {"type": "nominal", "field": "type"}, "x": {"type": "quantitative", "aggregate": "mean", "field": "principals", "scale": {"zero": true}}, "y": {"type": "quantitative", "aggregate": "count", "stack": "zero", "scale": {"zero": true}}}, "width": 270, "height": 270}, "uid": "id1614435911732_0"}], "date": "2021-02-27T14:25:16.113Z", "label": "recommendations"}, {"vega": {"vega": {"$schema": "https://vega.github.io/schema/vega-lite/v3.json", "data": {"url": "movies.csv"}, "mark": "bar", "encoding": {"color": {"type": "nominal", "field": "type"}, "x": {"type": "quantitative", "field": "rating", "bin": true}, "y": {"type": "quantitative", "aggregate": "count", "stack": "zero", "scale": {"zero": true}}}, "width": 270, "height": 270}, "uid": "id1614435916112_0"}, "label": "pinned", "date": "2021-02-27T14:25:26.772Z"}]}