{"participant": {"age": "25-29", "gender": "F", "tools": null, "experience": "0"}, "session": [{"constraints": [], "recommendations": [{"vega": {"$schema": "https://vega.github.io/schema/vega-lite/v3.json", "data": {"url": "movies.csv"}, "mark": "point", "encoding": {"x": {"type": "quantitative", "field": "rating", "scale": {"zero": true}}, "y": {"type": "quantitative", "field": "principals", "scale": {"zero": true}}, "size": {"type": "quantitative", "field": "votes", "scale": {"zero": true}}}, "width": 270, "height": 270}, "uid": "id1632859578250_1"}, {"vega": {"$schema": "https://vega.github.io/schema/vega-lite/v3.json", "data": {"url": "movies.csv"}, "mark": "point", "encoding": {"size": {"type": "quantitative", "aggregate": "count", "scale": {"zero": true}}, "x": {"type": "nominal", "field": "type"}, "y": {"type": "quantitative", "field": "votes", "bin": true}}, "width": 270, "height": 270}, "uid": "id1632859579266_0"}, {"vega": {"$schema": "https://vega.github.io/schema/vega-lite/v3.json", "data": {"url": "movies.csv"}, "encoding": {"x": {"type": "nominal"}, "y": {"scale": {"zero": false}}, "label": 1}, "width": 270, "height": 270}, "uid": "id1632859578787_2"}, {"vega": {"$schema": "https://vega.github.io/schema/vega-lite/v3.json", "data": {"url": "movies.csv"}, "encoding": {"size": {"type": "quantitative", "scale": {"zero": true}}, "x": {"scale": {"zero": true}}, "y": {"scale": {"zero": true}}, "color": {"type": "quantitative", "scale": {"zero": true}}, "label": 1}, "width": 270, "height": 270}, "uid": "id1632859579836_0"}], "date": "2021-09-28T20:06:19.837Z", "label": "recommendations"}, {"vega": {"vega": {"$schema": "https://vega.github.io/schema/vega-lite/v3.json", "data": {"url": "movies.csv"}, "encoding": {"x": {"type": "nominal", "field": "type"}, "y": {"scale": {"type":"quantitative", "aggregate":"count", "zero": false}}, "label": 1}, "width": 270, "height": 270}, "uid": "id1632859578787_2"}, "label": "pinned", "date": "2021-09-28T20:12:27.144Z"}, {"constraints": [["x.type_nominal", 0.04482758620689655], ["size.type_quantitative", 0.017241379310344827], ["color.type_quantitative", 0.017241379310344827]], "recommendations": [{"vega": {"$schema": "https://vega.github.io/schema/vega-lite/v3.json", "data": {"url": "movies.csv"}, "mark": "tick", "encoding": {"y": {"scale": {"zero": true}}, "x": {"scale": {"zero": true}}, "label": 1, "mark_tick": 1}, "width": 270, "height": 270}, "uid": "id1632860079012_1"}, {"vega": {"$schema": "https://vega.github.io/schema/vega-lite/v3.json", "data": {"url": "movies.csv"}, "mark": "point", "encoding": {"x": {"type": "quantitative", "aggregate": "count", "scale": {"zero": true}}, "y": {"type": "quantitative", "aggregate": "mean", "field": "principals", "scale": {"zero": true}}, "color": {"type": "quantitative", "aggregate": "count", "scale": {"zero": true}}, "size": {"type": "quantitative", "aggregate": "count", "scale": {"zero": true}}}, "width": 270, "height": 270}, "uid": "id1632860078550_2"}, {"vega": {"$schema": "https://vega.github.io/schema/vega-lite/v3.json", "data": {"url": "movies.csv"}, "mark": "bar", "encoding": {"y": {"scale": {"zero": true}}, "x": {}, "label": 1, "mark_bar": 1}, "width": 270, "height": 270}, "uid": "id1632860078036_1"}, {"vega": {"$schema": "https://vega.github.io/schema/vega-lite/v3.json", "data": {"url": "movies.csv"}, "encoding": {"y": {"type": "quantitative", "field": "minutes"}, "x": {"aggregate": "count", "scale": {"zero": true}}, "label": 1}, "width": 270, "height": 270}, "uid": "id1632860077554_0"}], "date": "2021-09-28T20:14:39.013Z", "label": "recommendations"}, {"chart": {"vega": {"$schema": "https://vega.github.io/schema/vega-lite/v3.json", "data": {"url": "movies.csv"}, "mark": "line", "encoding": {"x": {"type": "nominal", "field": "type"}, "y": {"type": "quantitative", "aggregate": "count", "scale": {"zero": false}}}, "width": 270, "height": 270}, "uid": "id1632859578787_2"}, "label": "unpinned", "date": "2021-09-28T20:16:13.194Z"}, {"vega": {"vega": {"$schema": "https://vega.github.io/schema/vega-lite/v3.json", "data": {"url": "movies.csv"}, "mark": "bar", "encoding": {"y": {"type":"quantitative", "aggregate":"count", "scale": {"zero": true}}, "x": {"type":"nominal", "field":"type"}, "label": 1, "mark_bar": 1}, "width": 270, "height": 270}, "uid": "id1632860078036_1"}, "label": "pinned", "date": "2021-09-28T20:16:17.790Z"}, {"constraints": [["mark_tick", 0.08571428571428572], ["mark_bar", 0.02857142857142857], ["y.type_quantitative", 0.05714285714285714], ["y.field_minutes", 0.02857142857142857], ["y.field_rating", 0.014285714285714285], ["y.field_votes", 0.014285714285714285], ["x.aggregate_count", 0.05714285714285714], ["x.type_nominal", 0.02057142857142857], ["size.type_quantitative", 0.02057142857142857], ["color.type_quantitative", 0.02057142857142857]], "recommendations": [{"vega": {"$schema": "https://vega.github.io/schema/vega-lite/v3.json", "data": {"url": "movies.csv"}, "mark": "tick", "encoding": {"y": {"type": "quantitative", "field": "minutes", "scale": {"zero": true}}, "x": {"field": "type"}, "label": 1, "mark_tick": 1}, "width": 270, "height": 270}, "uid": "id1632860263037_2"}, {"vega": {"$schema": "https://vega.github.io/schema/vega-lite/v3.json", "data": {"url": "movies.csv"}, "mark": "tick", "encoding": {"y": {"type": "quantitative", "field": "rating", "bin": true}, "color": {"bin": true}, "x": {"type": "quantitative", "scale": {"zero": true}}, "label": 1, "mark_tick": 1}, "width": 270, "height": 270}, "uid": "id1632860261906_0"}, {"vega": {"$schema": "https://vega.github.io/schema/vega-lite/v3.json", "data": {"url": "movies.csv"}, "mark": "rect", "encoding": {"color": {"type": "quantitative", "aggregate": "count", "scale": {"zero": true}}, "y": {}, "x": {"type": "quantitative", "bin": true, "scale": {"zero": true}}, "label": 1, "mark_rect": 1}, "width": 270, "height": 270}, "uid": "id1632860262496_1"}, {"vega": {"$schema": "https://vega.github.io/schema/vega-lite/v3.json", "data": {"url": "movies.csv"}, "mark": "tick", "encoding": {"x": {"type": "quantitative", "field": "rating", "scale": {"zero": true}}}, "width": 270, "height": 270}, "uid": "id1632860261352_1"}], "date": "2021-09-28T20:17:43.037Z", "label": "recommendations"}, {"vega": {"vega": {"$schema": "https://vega.github.io/schema/vega-lite/v3.json", "data": {"url": "movies.csv"}, "mark": "tick", "encoding": {"y": {"type": "quantitative", "field": "minutes", "scale": {"zero": true}}, "x": {"type":"nominal", "field": "type"}, "label": 1, "mark_tick": 1}, "width": 270, "height": 270}, "uid": "id1632860263037_2"}, "label": "pinned", "date": "2021-09-28T20:18:53.950Z"}, {"vega": {"vega": {"$schema": "https://vega.github.io/schema/vega-lite/v3.json", "data": {"url": "movies.csv"}, "mark": "rect", "encoding": {"color": {"type": "quantitative", "aggregate": "count", "scale": {"zero": true}}, "y": {"type":"nominal", "field":"type"}, "x": {"type": "quantitative", "field": "rating", "bin": true, "scale": {"zero": true}}, "label": 1, "mark_rect": 1}, "width": 270, "height": 270}, "uid": "id1632860262496_1"}, "label": "pinned", "date": "2021-09-28T20:21:58.268Z"}, {"vega": {"vega": {"$schema": "https://vega.github.io/schema/vega-lite/v3.json", "data": {"url": "movies.csv"}, "mark": "tick", "encoding": {"y": {"type": "quantitative", "field": "rating", "bin": true}, "color": {"type":"quantitative", "field": "principals", "bin": true}, "x": {"type": "quantitative", "aggregate":"count", "scale": {"zero": true}}, "label": 1, "mark_tick": 1}, "width": 270, "height": 270}, "uid": "id1632860261906_0"}, "label": "pinned", "date": "2021-09-28T20:24:10.424Z"}, {"constraints": [["mark_bar", 0.05365853658536586], ["mark_tick", 0.15121951219512195], ["mark_rect", 0.05365853658536586], ["y.type_quantitative", 0.175609756097561], ["x.field_type", 0.04878048780487805], ["y.field_minutes", 0.04878048780487805], ["y.field_rating", 0.06097560975609756], ["y.bin_True", 0.04878048780487805], ["color.bin_True", 0.04878048780487805], ["x.type_quantitative", 0.0975609756097561], ["color.type_quantitative", 0.0920975609756098], ["color.aggregate_count", 0.04878048780487805], ["x.bin_True", 0.04878048780487805], ["y.field_votes", 0.012195121951219513], ["x.aggregate_count", 0.04878048780487805], ["x.type_nominal", 0.043317073170731704], ["size.type_quantitative", 0.014048780487804877], ["mark_area", 0.004878048780487805], ["mark_line", 0.004878048780487805], ["mark_point", 0.004878048780487805], ["x.field", 0.029268292682926828], ["y.field", 0.029268292682926828], ["color.field", 0.029268292682926828]], "recommendations": [{"vega": {"$schema": "https://vega.github.io/schema/vega-lite/v3.json", "data": {"url": "movies.csv"}, "mark": "tick", "encoding": {"x": {"type": "quantitative", "field": "rating", "scale": {"zero": true}}}, "width": 270, "height": 270}, "uid": "id1632860666597_3"}, {"vega": {"$schema": "https://vega.github.io/schema/vega-lite/v3.json", "data": {"url": "movies.csv"}, "mark": "bar", "encoding": {"y": {"type": "quantitative", "field": "rating", "bin": true, "scale": {"zero": true}}, "x": {"type": "quantitative", "aggregate": "count", "scale": {"zero": true}}}, "width": 270, "height": 270}, "uid": "id1632860666114_1"}, {"vega": {"$schema": "https://vega.github.io/schema/vega-lite/v3.json", "data": {"url": "movies.csv"}, "mark": "tick", "encoding": {"y": {"type": "nominal", "field": "type"}, "x": {"type": "quantitative", "field": "votes", "scale": {"zero": true}}}, "width": 270, "height": 270}, "uid": "id1632860665553_2"}, {"vega": {"$schema": "https://vega.github.io/schema/vega-lite/v3.json", "data": {"url": "movies.csv"}, "mark": "bar", "encoding": {"color": {"type": "nominal", "field": "type"}, "x": {"type": "quantitative", "field": "rating", "bin": true}, "y": {"type": "quantitative", "aggregate": "count", "stack": "zero", "scale": {"zero": true}}}, "width": 270, "height": 270}, "uid": "id1632860665038_1"}], "date": "2021-09-28T20:24:26.597Z", "label": "recommendations"}, {"vega": {"vega": {"$schema": "https://vega.github.io/schema/vega-lite/v3.json", "data": {"url": "movies.csv"}, "mark": "tick", "encoding": {"y": {"type": "nominal", "field": "type"}, "x": {"type": "quantitative", "field": "votes", "scale": {"zero": true}}}, "width": 270, "height": 270}, "uid": "id1632860665553_2"}, "label": "pinned", "date": "2021-09-28T20:26:17.654Z"}, {"vega": {"vega": {"$schema": "https://vega.github.io/schema/vega-lite/v3.json", "data": {"url": "movies.csv"}, "mark": "bar", "encoding": {"color": {"type": "nominal", "field": "type"}, "x": {"type": "quantitative", "field": "rating", "bin": true}, "y": {"type": "quantitative", "aggregate": "count", "stack": "zero", "scale": {"zero": true}}}, "width": 270, "height": 270}, "uid": "id1632860665038_1"}, "label": "pinned", "date": "2021-09-28T20:29:19.199Z"}, {"chart": {"vega": {"$schema": "https://vega.github.io/schema/vega-lite/v3.json", "data": {"url": "movies.csv"}, "mark": "bar", "encoding": {"color": {"type": "nominal", "field": "type"}, "x": {"type": "quantitative", "field": "rating", "bin": true}, "y": {"type": "quantitative", "aggregate": "count", "stack": "zero", "scale": {"zero": true}}}, "width": 270, "height": 270}, "uid": "id1632860665038_1"}, "label": "unpinned", "date": "2021-09-28T20:30:22.467Z"}]}