{"participant": {"age": "20-24", "gender": "M", "tools": "D3, Tableau, P5", "experience": ">10"}, "session": [{"constraints": [], "recommendations": [{"vega": {"$schema": "https://vega.github.io/schema/vega-lite/v3.json", "data": {"url": "movies.csv"}, "mark": "bar", "encoding": {"y": {"type": "nominal", "field": "type"}, "x": {"type": "quantitative", "aggregate": "count", "scale": {"zero": true}}, "label": -1, "mark_bar": 1}, "width": 270, "height": 270}, "uid": "id1613076129784_0"}, {"vega": {"$schema": "https://vega.github.io/schema/vega-lite/v3.json", "data": {"url": "movies.csv"}, "mark": "rect", "encoding": {"x": {"type": "quantitative", "field": "rating", "bin": true}, "y": {"type": "quantitative", "field": "minutes", "bin": true}, "color": {"type": "quantitative", "aggregate": "count", "scale": {"zero": true}}, "label": 1, "mark_rect": 1}, "width": 270, "height": 270}, "uid": "id1613076130070_0"}, {"vega": {"$schema": "https://vega.github.io/schema/vega-lite/v3.json", "data": {"url": "movies.csv"}, "mark": "area", "encoding": {"x": {"type": "nominal", "field": "type"}, "y": {"type": "quantitative", "aggregate": "mean", "field": "principals", "scale": {"zero": true}}, "color": {"type": "quantitative", "aggregate": "count", "scale": {"zero": true}}}, "width": 270, "height": 270}, "uid": "id1613076130255_0"}, {"vega": {"$schema": "https://vega.github.io/schema/vega-lite/v3.json", "data": {"url": "movies.csv"}, "mark": "area", "encoding": {"y": {"type": "quantitative", "field": "votes", "bin": true}, "x": {"type": "quantitative", "aggregate": "count", "scale": {"zero": true}}, "color": {"type": "quantitative", "aggregate": "mean", "field": "principals", "scale": {"zero": true}}, "label": -1, "mark_area": 1}, "width": 270, "height": 270}, "uid": "id1613076130391_0"}], "date": "2021-02-11T20:42:10.391Z", "label": "recommendations"}, {"vega": {"vega": {"$schema": "https://vega.github.io/schema/vega-lite/v3.json", "data": {"url": "movies.csv"}, "mark": "rect", "encoding": {"x": {"type": "quantitative", "field": "rating", "bin": true}, "y": {"type": "quantitative", "field": "minutes", "bin": true}, "color": {"type": "quantitative", "aggregate": "count", "scale": {"zero": true}}, "label": 1, "mark_rect": 1}, "width": 270, "height": 270}, "uid": "id1613076130070_0"}, "label": "pinned", "date": "2021-02-11T20:46:19.146Z"}, {"seen": {"vega": {"$schema": "https://vega.github.io/schema/vega-lite/v3.json", "data": {"url": "movies.csv"}, "mark": "bar", "encoding": {"y": {"type": "nominal", "field": "type"}, "x": {"type": "quantitative", "aggregate": "count", "scale": {"zero": true}}, "label": -1, "mark_bar": 1}, "width": 270, "height": 270}, "uid": "id1613076129784_0"}, "label": "less", "date": "2021-02-11T20:47:45.363Z"}, {"seen": {"vega": {"$schema": "https://vega.github.io/schema/vega-lite/v3.json", "data": {"url": "movies.csv"}, "mark": "rect", "encoding": {"x": {"type": "quantitative", "field": "rating", "bin": true}, "y": {"type": "quantitative", "field": "minutes", "bin": true}, "color": {"type": "quantitative", "aggregate": "count", "scale": {"zero": true}}, "label": 1, "mark_rect": 1}, "width": 270, "height": 270}, "uid": "id1613076130070_0"}, "label": "more", "date": "2021-02-11T20:47:45.363Z"}, {"seen": {"vega": {"$schema": "https://vega.github.io/schema/vega-lite/v3.json", "data": {"url": "movies.csv"}, "mark": "area", "encoding": {"x": {"type": "nominal", "field": "type"}, "y": {"type": "quantitative", "aggregate": "mean", "field": "principals", "scale": {"zero": true}}, "color": {"type": "quantitative", "aggregate": "count", "scale": {"zero": true}}}, "width": 270, "height": 270}, "uid": "id1613076130255_0"}, "label": "none", "date": "2021-02-11T20:47:45.363Z"}, {"seen": {"vega": {"$schema": "https://vega.github.io/schema/vega-lite/v3.json", "data": {"url": "movies.csv"}, "mark": "area", "encoding": {"y": {"type": "quantitative", "field": "votes", "bin": true}, "x": {"type": "quantitative", "aggregate": "count", "scale": {"zero": true}}, "color": {"type": "quantitative", "aggregate": "mean", "field": "principals", "scale": {"zero": true}}, "label": -1, "mark_area": 1}, "width": 270, "height": 270}, "uid": "id1613076130391_0"}, "label": "less", "date": "2021-02-11T20:47:45.363Z"}, {"constraints": [["mark_rect", 0.028571428571428574], ["x.type_quantitative", 0.023214285714285715], ["x.field_rating", 0.028571428571428574], ["x.bin_True", 0.028571428571428574], ["y.type_quantitative", 0.025], ["y.field_minutes", 0.028571428571428574], ["y.bin_True", 0.025], ["color.type_quantitative", 0.025], ["color.aggregate_count", 0.028571428571428574]], "recommendations": [{"vega": {"$schema": "https://vega.github.io/schema/vega-lite/v3.json", "data": {"url": "movies.csv"}, "mark": "rect", "encoding": {"x": {"type": "quantitative", "field": "rating", "bin": true, "scale": {"zero": true}}, "y": {"type": "quantitative", "field": "minutes", "bin": true}, "color": {"type": "quantitative", "aggregate": "count", "scale": {"zero": true}}}, "width": 270, "height": 270}, "uid": "id1613076473204_2"}, {"vega": {"$schema": "https://vega.github.io/schema/vega-lite/v3.json", "data": {"url": "movies.csv"}, "mark": "line", "encoding": {"y": {"type": "nominal", "field": "type"}, "x": {"type": "quantitative", "aggregate": "count", "scale": {"zero": true}}, "label": -1, "mark_line": 1}, "width": 270, "height": 270}, "uid": "id1613076473370_1"}, {"vega": {"$schema": "https://vega.github.io/schema/vega-lite/v3.json", "data": {"url": "movies.csv"}, "mark": "rect", "encoding": {"x": {"type": "quantitative", "field": "rating", "bin": true}, "y": {"type": "quantitative", "field": "minutes", "bin": true, "scale": {"zero": true}}, "color": {"type": "quantitative", "aggregate": "count", "scale": {"zero": true}}}, "width": 270, "height": 270}, "uid": "id1613076472980_1"}, {"vega": {"$schema": "https://vega.github.io/schema/vega-lite/v3.json", "data": {"url": "movies.csv"}, "mark": "tick", "encoding": {"y": {"type": "nominal", "field": "type"}, "x": {"type": "quantitative", "field": "principals", "scale": {"zero": true}}}, "width": 270, "height": 270}, "uid": "id1613076472751_0"}], "date": "2021-02-11T20:47:53.371Z", "label": "recommendations"}, {"seen": {"vega": {"$schema": "https://vega.github.io/schema/vega-lite/v3.json", "data": {"url": "movies.csv"}, "mark": "rect", "encoding": {"x": {"type": "quantitative", "field": "rating", "bin": true, "scale": {"zero": true}}, "y": {"type": "quantitative", "field": "minutes", "bin": true}, "color": {"type": "quantitative", "aggregate": "count", "scale": {"zero": true}}}, "width": 270, "height": 270}, "uid": "id1613076473204_2"}, "label": "none", "date": "2021-02-11T20:49:50.405Z"}, {"seen": {"vega": {"$schema": "https://vega.github.io/schema/vega-lite/v3.json", "data": {"url": "movies.csv"}, "mark": "line", "encoding": {"y": {"type": "nominal", "field": "type"}, "x": {"type": "quantitative", "aggregate": "count", "scale": {"zero": true}}, "label": -1, "mark_line": 1}, "width": 270, "height": 270}, "uid": "id1613076473370_1"}, "label": "less", "date": "2021-02-11T20:49:50.405Z"}, {"seen": {"vega": {"$schema": "https://vega.github.io/schema/vega-lite/v3.json", "data": {"url": "movies.csv"}, "mark": "rect", "encoding": {"x": {"type": "quantitative", "field": "rating", "bin": true}, "y": {"type": "quantitative", "field": "minutes", "bin": true, "scale": {"zero": true}}, "color": {"type": "quantitative", "aggregate": "count", "scale": {"zero": true}}}, "width": 270, "height": 270}, "uid": "id1613076472980_1"}, "label": "none", "date": "2021-02-11T20:49:50.405Z"}, {"seen": {"vega": {"$schema": "https://vega.github.io/schema/vega-lite/v3.json", "data": {"url": "movies.csv"}, "mark": "tick", "encoding": {"y": {"type": "nominal", "field": "type"}, "x": {"type": "quantitative", "field": "principals", "scale": {"zero": true}}}, "width": 270, "height": 270}, "uid": "id1613076472751_0"}, "label": "none", "date": "2021-02-11T20:49:50.405Z"}, {"constraints": [["x.type_quantitative", 0.008596491228070177], ["mark_rect", 0.009824561403508772], ["mark_area", 0.0010526315789473686], ["x.field_rating", 0.009824561403508772], ["x.bin_True", 0.009824561403508772], ["y.type_quantitative", 0.010877192982456142], ["y.field_minutes", 0.009824561403508772], ["y.field_votes", 0.0010526315789473686], ["y.bin_True", 0.010877192982456142], ["color.type_quantitative", 0.010877192982456142], ["color.aggregate_count", 0.009824561403508772], ["color.aggregate_mean", 0.0010526315789473686], ["color.field_principals", 0.0010526315789473686]], "recommendations": [{"vega": {"$schema": "https://vega.github.io/schema/vega-lite/v3.json", "data": {"url": "movies.csv"}, "mark": "rect", "encoding": {"x": {"type": "quantitative", "field": "rating", "bin": true}, "y": {"type": "quantitative", "field": "minutes", "bin": true}, "color": {"type": "quantitative", "aggregate": "count", "scale": {"zero": true}}}, "width": 270, "height": 270}, "uid": "id1613076593179_0"}, {"vega": {"$schema": "https://vega.github.io/schema/vega-lite/v3.json", "data": {"url": "movies.csv"}, "mark": "area", "encoding": {"y": {"type": "quantitative", "field": "votes", "bin": true, "scale": {"zero": true}}, "x": {"type": "quantitative", "aggregate": "count", "scale": {"zero": true}}, "color": {"type": "quantitative", "aggregate": "mean", "field": "principals", "scale": {"zero": false}}}, "width": 270, "height": 270}, "uid": "id1613076593326_3"}, {"vega": {"$schema": "https://vega.github.io/schema/vega-lite/v3.json", "data": {"url": "movies.csv"}, "mark": "point", "encoding": {"size": {"type": "quantitative", "aggregate": "count", "scale": {"zero": true}}, "x": {"type": "nominal", "field": "type"}, "y": {"type": "quantitative", "field": "votes", "bin": true, "scale": {"zero": true}}}, "width": 270, "height": 270}, "uid": "id1613076593604_1"}, {"vega": {"$schema": "https://vega.github.io/schema/vega-lite/v3.json", "data": {"url": "movies.csv"}, "mark": "point", "encoding": {"size": {"type": "quantitative", "aggregate": "count", "scale": {"zero": true}}, "x": {"type": "quantitative", "aggregate": "count", "scale": {"zero": true}}, "y": {"type": "quantitative", "aggregate": "mean", "field": "rating", "scale": {"zero": true}}, "color": {"type": "quantitative", "aggregate": "count", "scale": {"zero": true}}}, "width": 270, "height": 270}, "uid": "id1613076593465_1"}], "date": "2021-02-11T20:49:53.604Z", "label": "recommendations"}, {"seen": {"vega": {"$schema": "https://vega.github.io/schema/vega-lite/v3.json", "data": {"url": "movies.csv"}, "mark": "rect", "encoding": {"x": {"type": "quantitative", "field": "rating", "bin": true}, "y": {"type": "quantitative", "field": "minutes", "bin": true}, "color": {"type": "quantitative", "aggregate": "count", "scale": {"zero": true}}}, "width": 270, "height": 270}, "uid": "id1613076593179_0"}, "label": "none", "date": "2021-02-11T20:52:02.502Z"}, {"seen": {"vega": {"$schema": "https://vega.github.io/schema/vega-lite/v3.json", "data": {"url": "movies.csv"}, "mark": "area", "encoding": {"y": {"type": "quantitative", "field": "votes", "bin": true, "scale": {"zero": true}}, "x": {"type": "quantitative", "aggregate": "count", "scale": {"zero": true}}, "color": {"type": "quantitative", "aggregate": "mean", "field": "principals", "scale": {"zero": false}}}, "width": 270, "height": 270}, "uid": "id1613076593326_3"}, "label": "none", "date": "2021-02-11T20:52:02.502Z"}, {"seen": {"vega": {"$schema": "https://vega.github.io/schema/vega-lite/v3.json", "data": {"url": "movies.csv"}, "mark": "point", "encoding": {"size": {"type": "quantitative", "aggregate": "count", "scale": {"zero": true}}, "x": {"type": "nominal", "field": "type"}, "y": {"type": "quantitative", "field": "votes", "bin": true, "scale": {"zero": true}}}, "width": 270, "height": 270}, "uid": "id1613076593604_1"}, "label": "none", "date": "2021-02-11T20:52:02.502Z"}, {"seen": {"vega": {"$schema": "https://vega.github.io/schema/vega-lite/v3.json", "data": {"url": "movies.csv"}, "mark": "point", "encoding": {"size": {"type": "quantitative", "aggregate": "count", "scale": {"zero": true}}, "x": {"type": "quantitative", "aggregate": "count", "scale": {"zero": true}}, "y": {"type": "quantitative", "aggregate": "mean", "field": "rating", "scale": {"zero": true}}, "color": {"type": "quantitative", "aggregate": "count", "scale": {"zero": true}}}, "width": 270, "height": 270}, "uid": "id1613076593465_1"}, "label": "none", "date": "2021-02-11T20:52:02.502Z"}, {"constraints": [["x.type_quantitative", 0.008596491228070177], ["mark_rect", 0.009824561403508772], ["mark_area", 0.0010526315789473686], ["x.field_rating", 0.009824561403508772], ["x.bin_True", 0.009824561403508772], ["y.type_quantitative", 0.010877192982456142], ["y.field_minutes", 0.009824561403508772], ["y.field_votes", 0.0010526315789473686], ["y.bin_True", 0.010877192982456142], ["color.type_quantitative", 0.010877192982456142], ["color.aggregate_count", 0.009824561403508772], ["color.aggregate_mean", 0.0010526315789473686], ["color.field_principals", 0.0010526315789473686]], "recommendations": [{"vega": {"$schema": "https://vega.github.io/schema/vega-lite/v3.json", "data": {"url": "movies.csv"}, "mark": "rect", "encoding": {"x": {"type": "quantitative", "field": "rating", "bin": true}, "y": {"type": "quantitative", "field": "minutes", "bin": true}, "color": {"type": "quantitative", "aggregate": "count", "scale": {"zero": true}}}, "width": 270, "height": 270}, "uid": "id1613076723667_0"}, {"vega": {"$schema": "https://vega.github.io/schema/vega-lite/v3.json", "data": {"url": "movies.csv"}, "mark": "area", "encoding": {"y": {"type": "quantitative", "field": "rating", "bin": true}, "x": {"type": "quantitative", "aggregate": "count", "scale": {"zero": true}}, "color": {"type": "quantitative", "aggregate": "mean", "field": "principals", "scale": {"zero": true}}, "label": 1, "mark_area": 1}, "width": 270, "height": 270}, "uid": "id1613076723385_3"}, {"vega": {"$schema": "https://vega.github.io/schema/vega-lite/v3.json", "data": {"url": "movies.csv"}, "mark": "rect", "encoding": {"x": {"type": "quantitative", "field": "rating", "bin": true}, "y": {"type": "quantitative", "field": "minutes", "bin": true}, "color": {"type": "quantitative", "aggregate": "count", "scale": {"zero": true}}}, "width": 270, "height": 270}, "uid": "id1613076723529_0"}, {"vega": {"$schema": "https://vega.github.io/schema/vega-lite/v3.json", "data": {"url": "movies.csv"}, "mark": "rect", "encoding": {"x": {"type": "quantitative", "field": "rating", "bin": true, "scale": {"zero": true}}, "y": {"type": "quantitative", "field": "minutes", "bin": true}, "color": {"type": "quantitative", "aggregate": "count", "scale": {"zero": true}}}, "width": 270, "height": 270}, "uid": "id1613076723242_2"}], "date": "2021-02-11T20:52:03.667Z", "label": "recommendations"}, {"vega": {"vega": {"$schema": "https://vega.github.io/schema/vega-lite/v3.json", "data": {"url": "movies.csv"}, "mark": "area", "encoding": {"y": {"type": "quantitative", "field": "rating", "bin": true}, "x": {"type": "quantitative", "aggregate": "count", "scale": {"zero": true}}, "color": {"type": "quantitative", "aggregate": "mean", "field": "principals", "scale": {"zero": true}}, "label": 1, "mark_area": 1}, "width": 270, "height": 270}, "uid": "id1613076723385_3"}, "label": "pinned", "date": "2021-02-11T20:52:57.637Z"}, {"seen": {"vega": {"$schema": "https://vega.github.io/schema/vega-lite/v3.json", "data": {"url": "movies.csv"}, "mark": "rect", "encoding": {"x": {"type": "quantitative", "field": "rating", "bin": true}, "y": {"type": "quantitative", "field": "minutes", "bin": true}, "color": {"type": "quantitative", "aggregate": "count", "scale": {"zero": true}}}, "width": 270, "height": 270}, "uid": "id1613076723667_0"}, "label": "none", "date": "2021-02-11T20:53:15.874Z"}, {"seen": {"vega": {"$schema": "https://vega.github.io/schema/vega-lite/v3.json", "data": {"url": "movies.csv"}, "mark": "area", "encoding": {"y": {"type": "quantitative", "field": "rating", "bin": true}, "x": {"type": "quantitative", "aggregate": "count", "scale": {"zero": true}}, "color": {"type": "quantitative", "aggregate": "mean", "field": "principals", "scale": {"zero": true}}, "label": 1, "mark_area": 1}, "width": 270, "height": 270}, "uid": "id1613076723385_3"}, "label": "more", "date": "2021-02-11T20:53:15.874Z"}, {"seen": {"vega": {"$schema": "https://vega.github.io/schema/vega-lite/v3.json", "data": {"url": "movies.csv"}, "mark": "rect", "encoding": {"x": {"type": "quantitative", "field": "rating", "bin": true}, "y": {"type": "quantitative", "field": "minutes", "bin": true}, "color": {"type": "quantitative", "aggregate": "count", "scale": {"zero": true}}}, "width": 270, "height": 270}, "uid": "id1613076723529_0"}, "label": "none", "date": "2021-02-11T20:53:15.874Z"}, {"seen": {"vega": {"$schema": "https://vega.github.io/schema/vega-lite/v3.json", "data": {"url": "movies.csv"}, "mark": "rect", "encoding": {"x": {"type": "quantitative", "field": "rating", "bin": true, "scale": {"zero": true}}, "y": {"type": "quantitative", "field": "minutes", "bin": true}, "color": {"type": "quantitative", "aggregate": "count", "scale": {"zero": true}}}, "width": 270, "height": 270}, "uid": "id1613076723242_2"}, "label": "none", "date": "2021-02-11T20:53:15.874Z"}, {"constraints": [["mark_area", 0.027360655737704923], ["y.type_quantitative", 0.03232786885245902], ["y.field_rating", 0.013114754098360656], ["y.field_votes", 0.014131147540983609], ["y.bin_True", 0.03131147540983607], ["x.type_quantitative", 0.03278688524590166], ["x.aggregate_count", 0.027016393442622955], ["color.type_quantitative", 0.03232786885245902], ["color.aggregate_mean", 0.027245901639344264], ["color.field_principals", 0.027245901639344264], ["mark_rect", 0.0043114754098360665], ["mark_bar", 6.557377049180328e-05], ["x.field_rating", 0.004065573770491804], ["x.bin_True", 0.004065573770491804], ["y.field_minutes", 0.004065573770491804], ["color.aggregate_count", 0.004065573770491804], ["mark_point", 0.00011475409836065575], ["mark_tick", 0.00011475409836065575], ["x.field", 0.0007213114754098359], ["y.field", 0.0007213114754098359], ["color.field", 0.0010163934426229506]], "recommendations": [{"vega": {"$schema": "https://vega.github.io/schema/vega-lite/v3.json", "data": {"url": "movies.csv"}, "mark": "rect", "encoding": {"x": {"type": "quantitative", "field": "rating", "bin": true}, "y": {"type": "quantitative", "field": "minutes", "bin": true, "scale": {"zero": true}}, "color": {"type": "quantitative", "aggregate": "count", "scale": {"zero": true}}}, "width": 270, "height": 270}, "uid": "id1613076799412_1"}, {"vega": {"$schema": "https://vega.github.io/schema/vega-lite/v3.json", "data": {"url": "movies.csv"}, "mark": "rect", "encoding": {"x": {"type": "quantitative", "field": "rating", "bin": true}, "y": {"type": "quantitative", "field": "minutes", "bin": true, "scale": {"zero": true}}, "color": {"type": "quantitative", "aggregate": "count", "scale": {"zero": true}}}, "width": 270, "height": 270}, "uid": "id1613076799622_1"}, {"vega": {"$schema": "https://vega.github.io/schema/vega-lite/v3.json", "data": {"url": "movies.csv"}, "mark": "line", "encoding": {"y": {"type": "nominal", "field": "type"}, "x": {"type": "quantitative", "aggregate": "mean", "field": "rating", "scale": {"zero": true}}, "color": {"type": "quantitative", "aggregate": "count", "scale": {"zero": true}}}, "width": 270, "height": 270}, "uid": "id1613076798880_1"}, {"vega": {"$schema": "https://vega.github.io/schema/vega-lite/v3.json", "data": {"url": "movies.csv"}, "mark": "point", "encoding": {"color": {"type": "nominal", "field": "type"}, "x": {"type": "quantitative", "aggregate": "mean", "field": "minutes", "scale": {"zero": true}}, "y": {"type": "quantitative", "aggregate": "count", "scale": {"zero": true}}, "label": 1, "mark_point": 1}, "width": 270, "height": 270}, "uid": "id1613076799163_2"}], "date": "2021-02-11T20:53:19.622Z", "label": "recommendations"}, {"vega": {"vega": {"$schema": "https://vega.github.io/schema/vega-lite/v3.json", "data": {"url": "movies.csv"}, "mark": "point", "encoding": {"color": {"type": "nominal", "field": "type"}, "x": {"type": "quantitative", "aggregate": "mean", "field": "minutes", "scale": {"zero": true}}, "y": {"type": "quantitative", "aggregate": "count", "scale": {"zero": true}}, "label": 1, "mark_point": 1}, "width": 270, "height": 270}, "uid": "id1613076799163_2"}, "label": "pinned", "date": "2021-02-11T20:55:22.966Z"}, {"seen": {"vega": {"$schema": "https://vega.github.io/schema/vega-lite/v3.json", "data": {"url": "movies.csv"}, "mark": "rect", "encoding": {"x": {"type": "quantitative", "field": "rating", "bin": true}, "y": {"type": "quantitative", "field": "minutes", "bin": true, "scale": {"zero": true}}, "color": {"type": "quantitative", "aggregate": "count", "scale": {"zero": true}}}, "width": 270, "height": 270}, "uid": "id1613076799412_1"}, "label": "none", "date": "2021-02-11T20:56:01.396Z"}, {"seen": {"vega": {"$schema": "https://vega.github.io/schema/vega-lite/v3.json", "data": {"url": "movies.csv"}, "mark": "rect", "encoding": {"x": {"type": "quantitative", "field": "rating", "bin": true}, "y": {"type": "quantitative", "field": "minutes", "bin": true, "scale": {"zero": true}}, "color": {"type": "quantitative", "aggregate": "count", "scale": {"zero": true}}}, "width": 270, "height": 270}, "uid": "id1613076799622_1"}, "label": "none", "date": "2021-02-11T20:56:01.396Z"}, {"seen": {"vega": {"$schema": "https://vega.github.io/schema/vega-lite/v3.json", "data": {"url": "movies.csv"}, "mark": "line", "encoding": {"y": {"type": "nominal", "field": "type"}, "x": {"type": "quantitative", "aggregate": "mean", "field": "rating", "scale": {"zero": true}}, "color": {"type": "quantitative", "aggregate": "count", "scale": {"zero": true}}}, "width": 270, "height": 270}, "uid": "id1613076798880_1"}, "label": "none", "date": "2021-02-11T20:56:01.396Z"}, {"seen": {"vega": {"$schema": "https://vega.github.io/schema/vega-lite/v3.json", "data": {"url": "movies.csv"}, "mark": "point", "encoding": {"color": {"type": "nominal", "field": "type"}, "x": {"type": "quantitative", "aggregate": "mean", "field": "minutes", "scale": {"zero": true}}, "y": {"type": "quantitative", "aggregate": "count", "scale": {"zero": true}}, "label": 1, "mark_point": 1}, "width": 270, "height": 270}, "uid": "id1613076799163_2"}, "label": "more", "date": "2021-02-11T20:56:01.396Z"}, {"constraints": [["mark_point", 0.033563076923076925], ["color.type_nominal", 0.03938461538461539], ["color.field_type", 0.024615384615384615], ["x.type_quantitative", 0.0919569230769231], ["x.aggregate_mean", 0.024615384615384615], ["x.field_minutes", 0.012307692307692308], ["x.field_principals", 0.012307692307692308], ["y.type_quantitative", 0.05471384615384619], ["y.aggregate_count", 0.024615384615384615], ["mark_area", 0.019384615384615386], ["y.field_rating", 0.004923076923076923], ["y.field_votes", 0.005513846153846154], ["y.bin_True", 0.012950769230769233], ["x.aggregate_count", 0.010295384615384616], ["color.type_quantitative", 0.05225230769230769], ["color.aggregate_mean", 0.010436923076923076], ["color.field_principals", 0.010436923076923076], ["mark_line", 0.008838461538461538], ["y.type_nominal", 0.03658769230769231], ["mark_rect", 0.011556923076923077], ["mark_bar", 0.008915384615384615], ["x.field_rating", 0.0025138461538461547], ["x.bin_True", 0.0025138461538461547], ["y.field_minutes", 0.0025138461538461547], ["color.aggregate_count", 0.0025138461538461547], ["mark_tick", 0.009043076923076923], ["x.field", 0.05387692307692308], ["y.field", 0.05387692307692308], ["color.field", 0.054070769230769235]], "recommendations": [{"vega": {"$schema": "https://vega.github.io/schema/vega-lite/v3.json", "data": {"url": "movies.csv"}, "mark": "bar", "encoding": {"x": {"type": "quantitative", "field": "rating", "bin": true}, "y": {"type": "quantitative", "aggregate": "count", "scale": {"zero": true}}, "color": {"type": "quantitative", "aggregate": "mean", "field": "minutes", "scale": {"zero": true}}, "label": 1, "mark_bar": 1}, "width": 270, "height": 270}, "uid": "id1613076965202_0"}, {"vega": {"$schema": "https://vega.github.io/schema/vega-lite/v3.json", "data": {"url": "movies.csv"}, "mark": "point", "encoding": {"color": {"type": "nominal", "field": "type"}, "x": {"type": "quantitative", "aggregate": "mean", "field": "minutes", "scale": {"zero": false}}, "y": {"type": "quantitative", "aggregate": "count", "scale": {"zero": true}}}, "width": 270, "height": 270}, "uid": "id1613076964913_1"}, {"vega": {"$schema": "https://vega.github.io/schema/vega-lite/v3.json", "data": {"url": "movies.csv"}, "mark": "bar", "encoding": {"x": {"type": "quantitative", "field": "rating", "bin": true}, "y": {"type": "quantitative", "aggregate": "count", "scale": {"zero": true}}, "color": {"type": "quantitative", "aggregate": "mean", "field": "minutes", "scale": {"zero": true}}, "label": 1, "mark_bar": 1}, "width": 270, "height": 270}, "uid": "id1613076965202_2"}, {"vega": {"$schema": "https://vega.github.io/schema/vega-lite/v3.json", "data": {"url": "movies.csv"}, "mark": "point", "encoding": {"color": {"type": "nominal", "field": "type"}, "x": {"type": "quantitative", "aggregate": "mean", "field": "minutes", "scale": {"zero": true}}, "y": {"type": "quantitative", "aggregate": "count", "scale": {"zero": false}}}, "width": 270, "height": 270}, "uid": "id1613076964913_2"}], "date": "2021-02-11T20:56:05.396Z", "label": "recommendations"}, {"vega": {"vega": {"$schema": "https://vega.github.io/schema/vega-lite/v3.json", "data": {"url": "movies.csv"}, "mark": "bar", "encoding": {"x": {"type": "quantitative", "field": "rating", "bin": true}, "y": {"type": "quantitative", "aggregate": "count", "scale": {"zero": true}}, "color": {"type": "quantitative", "aggregate": "mean", "field": "minutes", "scale": {"zero": true}}, "label": 1, "mark_bar": 1}, "width": 270, "height": 270}, "uid": "id1613076965202_0"}, "label": "pinned", "date": "2021-02-11T20:56:53.893Z"}, {"seen": {"vega": {"$schema": "https://vega.github.io/schema/vega-lite/v3.json", "data": {"url": "movies.csv"}, "mark": "bar", "encoding": {"x": {"type": "quantitative", "field": "rating", "bin": true}, "y": {"type": "quantitative", "aggregate": "count", "scale": {"zero": true}}, "color": {"type": "quantitative", "aggregate": "mean", "field": "minutes", "scale": {"zero": true}}, "label": 1, "mark_bar": 1}, "width": 270, "height": 270}, "uid": "id1613076965202_0"}, "label": "more", "date": "2021-02-11T20:57:04.412Z"}, {"seen": {"vega": {"$schema": "https://vega.github.io/schema/vega-lite/v3.json", "data": {"url": "movies.csv"}, "mark": "point", "encoding": {"color": {"type": "nominal", "field": "type"}, "x": {"type": "quantitative", "aggregate": "mean", "field": "minutes", "scale": {"zero": false}}, "y": {"type": "quantitative", "aggregate": "count", "scale": {"zero": true}}}, "width": 270, "height": 270}, "uid": "id1613076964913_1"}, "label": "none", "date": "2021-02-11T20:57:04.412Z"}, {"seen": {"vega": {"$schema": "https://vega.github.io/schema/vega-lite/v3.json", "data": {"url": "movies.csv"}, "mark": "bar", "encoding": {"x": {"type": "quantitative", "field": "rating", "bin": true}, "y": {"type": "quantitative", "aggregate": "count", "scale": {"zero": true}}, "color": {"type": "quantitative", "aggregate": "mean", "field": "minutes", "scale": {"zero": true}}, "label": 1, "mark_bar": 1}, "width": 270, "height": 270}, "uid": "id1613076965202_2"}, "label": "none", "date": "2021-02-11T20:57:04.412Z"}, {"seen": {"vega": {"$schema": "https://vega.github.io/schema/vega-lite/v3.json", "data": {"url": "movies.csv"}, "mark": "point", "encoding": {"color": {"type": "nominal", "field": "type"}, "x": {"type": "quantitative", "aggregate": "mean", "field": "minutes", "scale": {"zero": true}}, "y": {"type": "quantitative", "aggregate": "count", "scale": {"zero": false}}}, "width": 270, "height": 270}, "uid": "id1613076964913_2"}, "label": "none", "date": "2021-02-11T20:57:04.412Z"}, {"constraints": [["mark_bar", 0.047895797101449276], ["x.type_quantitative", 0.14764028985507252], ["x.field_rating", 0.030888115942028997], ["x.bin_True", 0.030888115942028997], ["y.type_quantitative", 0.09294724637681158], ["y.aggregate_count", 0.051942028985507246], ["color.type_quantitative", 0.08945826086956524], ["color.aggregate_mean", 0.038553623188405814], ["color.field_minutes", 0.028753623188405804], ["mark_point", 0.038013043478260865], ["color.type_nominal", 0.03710144927536232], ["color.field_type", 0.023188405797101446], ["x.aggregate_mean", 0.023188405797101446], ["x.field_minutes", 0.011594202898550723], ["x.field_principals", 0.011594202898550723], ["mark_area", 0.024624637681159415], ["y.field_rating", 0.004637681159420289], ["y.field_votes", 0.00516231884057971], ["y.bin_True", 0.011934492753623184], ["x.aggregate_count", 0.015793623188405794], ["color.field_principals", 0.009799999999999998], ["mark_line", 0.01649173913043478], ["y.type_nominal", 0.06673536231884059], ["y.field_type", 0.005993623188405798], ["mark_rect", 0.017832753623188403], ["y.field_minutes", 0.0021344927536231886], ["color.aggregate_count", 0.0021344927536231886], ["mark_tick", 0.014824637681159419], ["x.field", 0.08981246376811595], ["y.field", 0.08981246376811595], ["color.field", 0.0626831884057971], ["x.type_nominal", 0.012042318840579712]], "recommendations": [{"vega": {"$schema": "https://vega.github.io/schema/vega-lite/v3.json", "data": {"url": "movies.csv"}, "mark": "area", "encoding": {"y": {"type": "quantitative", "field": "rating", "bin": true}, "x": {"type": "quantitative", "aggregate": "count", "scale": {"zero": true}}}, "width": 270, "height": 270}, "uid": "id1613077027164_1"}, {"vega": {"$schema": "https://vega.github.io/schema/vega-lite/v3.json", "data": {"url": "movies.csv"}, "mark": "area", "encoding": {"y": {"type": "quantitative", "field": "votes", "bin": true}, "x": {"type": "quantitative", "aggregate": "count", "scale": {"zero": true}}, "color": {"type": "quantitative", "aggregate": "mean", "field": "principals", "scale": {"zero": false}}}, "width": 270, "height": 270}, "uid": "id1613077027604_2"}, {"vega": {"$schema": "https://vega.github.io/schema/vega-lite/v3.json", "data": {"url": "movies.csv"}, "mark": "point", "encoding": {"x": {"type": "nominal", "field": "type"}, "y": {"type": "quantitative", "field": "minutes", "bin": true, "scale": {"zero": true}}, "size": {"type": "quantitative", "aggregate": "count", "scale": {"zero": true}}}, "width": 270, "height": 270}, "uid": "id1613077027471_1"}, {"vega": {"$schema": "https://vega.github.io/schema/vega-lite/v3.json", "data": {"url": "movies.csv"}, "mark": "line", "encoding": {"x": {"type": "nominal", "field": "type"}, "y": {"type": "quantitative", "aggregate": "count", "scale": {"zero": true}}, "color": {"type": "quantitative", "aggregate": "mean", "field": "principals", "scale": {"zero": true}}}, "width": 270, "height": 270}, "uid": "id1613077027329_3"}], "date": "2021-02-11T20:57:07.605Z", "label": "recommendations"}, {"vega": {"vega": {"$schema": "https://vega.github.io/schema/vega-lite/v3.json", "data": {"url": "movies.csv"}, "mark": "point", "encoding": {"x": {"type": "nominal", "field": "type"}, "y": {"type": "quantitative", "field": "minutes", "bin": true, "scale": {"zero": true}}, "size": {"type": "quantitative", "aggregate": "count", "scale": {"zero": true}}}, "width": 270, "height": 270}, "uid": "id1613077027471_1"}, "label": "pinned", "date": "2021-02-11T20:58:55.301Z"}]}