{"participant": {"age": "25-29", "gender": "M", "tools": "Google docs, sheets, excel, Microsoft word", "experience": ">10"}, "session": [{"constraints": [], "recommendations": [{"vega": {"$schema": "https://vega.github.io/schema/vega-lite/v3.json", "data": {"url": "movies.csv"}, "mark": "point", "encoding": {"x": {"type": "nominal", "field": "type"}, "y": {"type": "quantitative", "field": "votes", "bin": true, "scale": {"zero": true}}, "color": {"type": "quantitative", "aggregate": "count", "scale": {"zero": true}}}, "width": 270, "height": 270}, "uid": "id1614284230245_1"}, {"vega": {"$schema": "https://vega.github.io/schema/vega-lite/v3.json", "data": {"url": "movies.csv"}, "mark": "bar", "encoding": {"y": {"type": "nominal", "field": "type"}, "x": {"type": "quantitative", "aggregate": "mean", "field": "minutes", "scale": {"zero": true}}, "label": 1, "mark_bar": 1}, "width": 270, "height": 270}, "uid": "id1614284230382_3"}, {"vega": {"$schema": "https://vega.github.io/schema/vega-lite/v3.json", "data": {"url": "movies.csv"}, "mark": "tick", "encoding": {"x": {"type": "nominal", "field": "type"}, "y": {"type": "quantitative", "field": "votes", "scale": {"zero": true}}}, "width": 270, "height": 270}, "uid": "id1614284229369_2"}, {"vega": {"$schema": "https://vega.github.io/schema/vega-lite/v3.json", "data": {"url": "movies.csv"}, "mark": "point", "encoding": {"x": {"type": "nominal", "field": "type"}, "y": {"type": "quantitative", "field": "votes", "bin": true}, "color": {"type": "quantitative", "aggregate": "count", "scale": {"zero": true}}}, "width": 270, "height": 270}, "uid": "id1614284230245_0"}], "date": "2021-02-25T20:17:10.383Z", "label": "recommendations"}, {"seen": {"vega": {"$schema": "https://vega.github.io/schema/vega-lite/v3.json", "data": {"url": "movies.csv"}, "mark": "point", "encoding": {"x": {"type": "nominal", "field": "type"}, "y": {"type": "quantitative", "field": "votes", "bin": true, "scale": {"zero": true}}, "color": {"type": "quantitative", "aggregate": "count", "scale": {"zero": true}}}, "width": 270, "height": 270}, "uid": "id1614284230245_1"}, "label": "none", "date": "2021-02-25T20:21:57.902Z"}, {"seen": {"vega": {"$schema": "https://vega.github.io/schema/vega-lite/v3.json", "data": {"url": "movies.csv"}, "mark": "bar", "encoding": {"y": {"type": "nominal", "field": "type"}, "x": {"type": "quantitative", "aggregate": "mean", "field": "minutes", "scale": {"zero": true}}, "label": 1, "mark_bar": 1}, "width": 270, "height": 270}, "uid": "id1614284230382_3"}, "label": "more", "date": "2021-02-25T20:21:57.902Z"}, {"seen": {"vega": {"$schema": "https://vega.github.io/schema/vega-lite/v3.json", "data": {"url": "movies.csv"}, "mark": "tick", "encoding": {"x": {"type": "nominal", "field": "type"}, "y": {"type": "quantitative", "field": "votes", "scale": {"zero": true}}}, "width": 270, "height": 270}, "uid": "id1614284229369_2"}, "label": "none", "date": "2021-02-25T20:21:57.902Z"}, {"seen": {"vega": {"$schema": "https://vega.github.io/schema/vega-lite/v3.json", "data": {"url": "movies.csv"}, "mark": "point", "encoding": {"x": {"type": "nominal", "field": "type"}, "y": {"type": "quantitative", "field": "votes", "bin": true}, "color": {"type": "quantitative", "aggregate": "count", "scale": {"zero": true}}}, "width": 270, "height": 270}, "uid": "id1614284230245_0"}, "label": "none", "date": "2021-02-25T20:21:57.902Z"}, {"constraints": [["mark_bar", 0.02962962962962963], ["y.type_nominal", 0.02962962962962963], ["y.field_type", 0.02962962962962963], ["x.type_quantitative", 0.02962962962962963], ["x.aggregate_count", 0.014814814814814815], ["x.aggregate_mean", 0.014814814814814815], ["x.field_minutes", 0.014814814814814815]], "recommendations": [{"vega": {"$schema": "https://vega.github.io/schema/vega-lite/v3.json", "data": {"url": "movies.csv"}, "mark": "bar", "encoding": {"color": {"type": "quantitative", "aggregate": "count", "scale": {"zero": true}}, "y": {"type": "nominal", "field": "type"}, "x": {"type": "quantitative", "aggregate": "mean", "field": "minutes", "scale": {"zero": true}}}, "width": 270, "height": 270}, "uid": "id1614284525918_1"}, {"vega": {"$schema": "https://vega.github.io/schema/vega-lite/v3.json", "data": {"url": "movies.csv"}, "mark": "line", "encoding": {"x": {"type": "nominal", "field": "type"}, "y": {"type": "quantitative", "aggregate": "count", "scale": {"zero": false}}}, "width": 270, "height": 270}, "uid": "id1614284526048_3"}, {"vega": {"$schema": "https://vega.github.io/schema/vega-lite/v3.json", "data": {"url": "movies.csv"}, "mark": "point", "encoding": {"color": {"type": "nominal", "field": "type"}, "x": {"type": "quantitative", "aggregate": "mean", "field": "principals", "scale": {"zero": true}}, "y": {"type": "quantitative", "aggregate": "count", "scale": {"zero": true}}}, "width": 270, "height": 270}, "uid": "id1614284525235_1"}, {"vega": {"$schema": "https://vega.github.io/schema/vega-lite/v3.json", "data": {"url": "movies.csv"}, "mark": "bar", "encoding": {"color": {"type": "ordinal", "field": "type"}, "y": {"type": "nominal", "field": "type"}, "x": {"type": "quantitative", "aggregate": "count", "stack": "zero", "scale": {"zero": true}}}, "width": 270, "height": 270}, "uid": "id1614284525603_3"}], "date": "2021-02-25T20:22:06.048Z", "label": "recommendations"}, {"seen": {"vega": {"$schema": "https://vega.github.io/schema/vega-lite/v3.json", "data": {"url": "movies.csv"}, "mark": "bar", "encoding": {"color": {"type": "quantitative", "aggregate": "count", "scale": {"zero": true}}, "y": {"type": "nominal", "field": "type"}, "x": {"type": "quantitative", "aggregate": "mean", "field": "minutes", "scale": {"zero": true}}}, "width": 270, "height": 270}, "uid": "id1614284525918_1"}, "label": "none", "date": "2021-02-25T20:23:49.288Z"}, {"seen": {"vega": {"$schema": "https://vega.github.io/schema/vega-lite/v3.json", "data": {"url": "movies.csv"}, "mark": "line", "encoding": {"x": {"type": "nominal", "field": "type"}, "y": {"type": "quantitative", "aggregate": "count", "scale": {"zero": false}}}, "width": 270, "height": 270}, "uid": "id1614284526048_3"}, "label": "none", "date": "2021-02-25T20:23:49.288Z"}, {"seen": {"vega": {"$schema": "https://vega.github.io/schema/vega-lite/v3.json", "data": {"url": "movies.csv"}, "mark": "point", "encoding": {"color": {"type": "nominal", "field": "type"}, "x": {"type": "quantitative", "aggregate": "mean", "field": "principals", "scale": {"zero": true}}, "y": {"type": "quantitative", "aggregate": "count", "scale": {"zero": true}}}, "width": 270, "height": 270}, "uid": "id1614284525235_1"}, "label": "none", "date": "2021-02-25T20:23:49.288Z"}, {"seen": {"vega": {"$schema": "https://vega.github.io/schema/vega-lite/v3.json", "data": {"url": "movies.csv"}, "mark": "bar", "encoding": {"color": {"type": "ordinal", "field": "type"}, "y": {"type": "nominal", "field": "type"}, "x": {"type": "quantitative", "aggregate": "count", "stack": "zero", "scale": {"zero": true}}}, "width": 270, "height": 270}, "uid": "id1614284525603_3"}, "label": "none", "date": "2021-02-25T20:23:49.288Z"}, {"constraints": [], "recommendations": [{"vega": {"$schema": "https://vega.github.io/schema/vega-lite/v3.json", "data": {"url": "movies.csv"}, "mark": "area", "encoding": {"x": {"type": "nominal", "field": "type"}, "y": {"type": "quantitative", "aggregate": "count", "scale": {"zero": true}}}, "width": 270, "height": 270}, "uid": "id1614284630743_1"}, {"vega": {"$schema": "https://vega.github.io/schema/vega-lite/v3.json", "data": {"url": "movies.csv"}, "mark": "rect", "encoding": {"x": {"type": "nominal", "field": "type"}, "y": {"type": "quantitative", "field": "votes", "bin": true, "scale": {"zero": true}}, "color": {"type": "quantitative", "aggregate": "count", "scale": {"zero": true}}}, "width": 270, "height": 270}, "uid": "id1614284629988_1"}, {"vega": {"$schema": "https://vega.github.io/schema/vega-lite/v3.json", "data": {"url": "movies.csv"}, "mark": "point", "encoding": {"size": {"type": "quantitative", "aggregate": "count", "scale": {"zero": true}}, "x": {"type": "quantitative", "aggregate": "count", "scale": {"zero": true}}, "y": {"type": "quantitative", "aggregate": "mean", "field": "rating", "scale": {"zero": true}}, "color": {"type": "quantitative", "aggregate": "count", "scale": {"zero": true}}}, "width": 270, "height": 270}, "uid": "id1614284630950_2"}, {"vega": {"$schema": "https://vega.github.io/schema/vega-lite/v3.json", "data": {"url": "movies.csv"}, "mark": "point", "encoding": {"size": {"type": "quantitative", "aggregate": "count", "scale": {"zero": true}}, "x": {"type": "nominal", "field": "type"}, "y": {"type": "quantitative", "field": "minutes", "bin": true, "scale": {"zero": true}}}, "width": 270, "height": 270}, "uid": "id1614284630389_2"}], "date": "2021-02-25T20:23:50.950Z", "label": "recommendations"}, {"seen": {"vega": {"$schema": "https://vega.github.io/schema/vega-lite/v3.json", "data": {"url": "movies.csv"}, "mark": "area", "encoding": {"x": {"type": "nominal", "field": "type"}, "y": {"type": "quantitative", "aggregate": "count", "scale": {"zero": true}}}, "width": 270, "height": 270}, "uid": "id1614284630743_1"}, "label": "none", "date": "2021-02-25T20:24:17.525Z"}, {"seen": {"vega": {"$schema": "https://vega.github.io/schema/vega-lite/v3.json", "data": {"url": "movies.csv"}, "mark": "rect", "encoding": {"x": {"type": "nominal", "field": "type"}, "y": {"type": "quantitative", "field": "votes", "bin": true, "scale": {"zero": true}}, "color": {"type": "quantitative", "aggregate": "count", "scale": {"zero": true}}}, "width": 270, "height": 270}, "uid": "id1614284629988_1"}, "label": "none", "date": "2021-02-25T20:24:17.525Z"}, {"seen": {"vega": {"$schema": "https://vega.github.io/schema/vega-lite/v3.json", "data": {"url": "movies.csv"}, "mark": "point", "encoding": {"size": {"type": "quantitative", "aggregate": "count", "scale": {"zero": true}}, "x": {"type": "quantitative", "aggregate": "count", "scale": {"zero": true}}, "y": {"type": "quantitative", "aggregate": "mean", "field": "rating", "scale": {"zero": true}}, "color": {"type": "quantitative", "aggregate": "count", "scale": {"zero": true}}}, "width": 270, "height": 270}, "uid": "id1614284630950_2"}, "label": "none", "date": "2021-02-25T20:24:17.525Z"}, {"seen": {"vega": {"$schema": "https://vega.github.io/schema/vega-lite/v3.json", "data": {"url": "movies.csv"}, "mark": "point", "encoding": {"size": {"type": "quantitative", "aggregate": "count", "scale": {"zero": true}}, "x": {"type": "nominal", "field": "type"}, "y": {"type": "quantitative", "field": "minutes", "bin": true, "scale": {"zero": true}}}, "width": 270, "height": 270}, "uid": "id1614284630389_2"}, "label": "none", "date": "2021-02-25T20:24:17.525Z"}, {"constraints": [], "recommendations": [{"vega": {"$schema": "https://vega.github.io/schema/vega-lite/v3.json", "data": {"url": "movies.csv"}, "mark": "line", "encoding": {"x": {"type": "quantitative", "field": "rating", "bin": true}, "y": {"type": "quantitative", "aggregate": "count", "scale": {"zero": true}}}, "width": 270, "height": 270}, "uid": "id1614284659019_0"}, {"vega": {"$schema": "https://vega.github.io/schema/vega-lite/v3.json", "data": {"url": "movies.csv"}, "mark": "point", "encoding": {"x": {"type": "nominal", "field": "type"}, "y": {"type": "quantitative", "field": "rating", "bin": true, "scale": {"zero": true}}, "size": {"type": "quantitative", "aggregate": "count", "scale": {"zero": true}}}, "width": 270, "height": 270}, "uid": "id1614284658745_3"}, {"vega": {"$schema": "https://vega.github.io/schema/vega-lite/v3.json", "data": {"url": "movies.csv"}, "mark": "bar", "encoding": {"color": {"type": "nominal", "field": "type"}, "x": {"type": "quantitative", "field": "rating", "bin": true}, "y": {"type": "quantitative", "aggregate": "count", "stack": "zero", "scale": {"zero": true}}}, "width": 270, "height": 270}, "uid": "id1614284658349_1"}, {"vega": {"$schema": "https://vega.github.io/schema/vega-lite/v3.json", "data": {"url": "movies.csv"}, "mark": "line", "encoding": {"x": {"type": "quantitative", "field": "minutes", "bin": true, "scale": {"zero": true}}, "y": {"type": "quantitative", "aggregate": "count", "scale": {"zero": true}}}, "width": 270, "height": 270}, "uid": "id1614284659019_2"}], "date": "2021-02-25T20:24:19.329Z", "label": "recommendations"}, {"seen": {"vega": {"$schema": "https://vega.github.io/schema/vega-lite/v3.json", "data": {"url": "movies.csv"}, "mark": "line", "encoding": {"x": {"type": "quantitative", "field": "rating", "bin": true}, "y": {"type": "quantitative", "aggregate": "count", "scale": {"zero": true}}}, "width": 270, "height": 270}, "uid": "id1614284659019_0"}, "label": "none", "date": "2021-02-25T20:24:33.134Z"}, {"seen": {"vega": {"$schema": "https://vega.github.io/schema/vega-lite/v3.json", "data": {"url": "movies.csv"}, "mark": "point", "encoding": {"x": {"type": "nominal", "field": "type"}, "y": {"type": "quantitative", "field": "rating", "bin": true, "scale": {"zero": true}}, "size": {"type": "quantitative", "aggregate": "count", "scale": {"zero": true}}}, "width": 270, "height": 270}, "uid": "id1614284658745_3"}, "label": "none", "date": "2021-02-25T20:24:33.134Z"}, {"seen": {"vega": {"$schema": "https://vega.github.io/schema/vega-lite/v3.json", "data": {"url": "movies.csv"}, "mark": "bar", "encoding": {"color": {"type": "nominal", "field": "type"}, "x": {"type": "quantitative", "field": "rating", "bin": true}, "y": {"type": "quantitative", "aggregate": "count", "stack": "zero", "scale": {"zero": true}}}, "width": 270, "height": 270}, "uid": "id1614284658349_1"}, "label": "none", "date": "2021-02-25T20:24:33.134Z"}, {"seen": {"vega": {"$schema": "https://vega.github.io/schema/vega-lite/v3.json", "data": {"url": "movies.csv"}, "mark": "line", "encoding": {"x": {"type": "quantitative", "field": "minutes", "bin": true, "scale": {"zero": true}}, "y": {"type": "quantitative", "aggregate": "count", "scale": {"zero": true}}}, "width": 270, "height": 270}, "uid": "id1614284659019_2"}, "label": "none", "date": "2021-02-25T20:24:33.134Z"}, {"constraints": [], "recommendations": [{"vega": {"$schema": "https://vega.github.io/schema/vega-lite/v3.json", "data": {"url": "movies.csv"}, "mark": "point", "encoding": {"x": {"type": "nominal", "field": "type"}, "y": {"type": "quantitative", "field": "minutes", "bin": true, "scale": {"zero": true}}, "size": {"type": "quantitative", "aggregate": "count", "scale": {"zero": true}}}, "width": 270, "height": 270}, "uid": "id1614284674489_1"}, {"vega": {"$schema": "https://vega.github.io/schema/vega-lite/v3.json", "data": {"url": "movies.csv"}, "mark": "tick", "encoding": {"y": {"type": "quantitative", "field": "rating", "bin": true}, "x": {"type": "quantitative", "field": "principals", "scale": {"zero": true}}}, "width": 270, "height": 270}, "uid": "id1614284674729_0"}, {"vega": {"$schema": "https://vega.github.io/schema/vega-lite/v3.json", "data": {"url": "movies.csv"}, "mark": "rect", "encoding": {"row": {"type": "nominal", "field": "type"}, "color": {"type": "nominal", "field": "type"}, "x": {"type": "quantitative", "field": "rating", "bin": true, "scale": {"zero": true}}, "y": {"type": "quantitative", "field": "rating", "bin": true, "scale": {"zero": true}}}, "width": 270, "height": 270}, "uid": "id1614284673709_2"}, {"vega": {"$schema": "https://vega.github.io/schema/vega-lite/v3.json", "data": {"url": "movies.csv"}, "mark": "point", "encoding": {"size": {"type": "quantitative", "aggregate": "count", "scale": {"zero": true}}, "y": {"type": "nominal", "field": "type"}, "x": {"type": "quantitative", "field": "votes", "bin": true, "scale": {"zero": true}}}, "width": 270, "height": 270}, "uid": "id1614284674122_2"}], "date": "2021-02-25T20:24:34.729Z", "label": "recommendations"}, {"seen": {"vega": {"$schema": "https://vega.github.io/schema/vega-lite/v3.json", "data": {"url": "movies.csv"}, "mark": "point", "encoding": {"x": {"type": "nominal", "field": "type"}, "y": {"type": "quantitative", "field": "minutes", "bin": true, "scale": {"zero": true}}, "size": {"type": "quantitative", "aggregate": "count", "scale": {"zero": true}}}, "width": 270, "height": 270}, "uid": "id1614284674489_1"}, "label": "none", "date": "2021-02-25T20:26:07.088Z"}, {"seen": {"vega": {"$schema": "https://vega.github.io/schema/vega-lite/v3.json", "data": {"url": "movies.csv"}, "mark": "tick", "encoding": {"y": {"type": "quantitative", "field": "rating", "bin": true}, "x": {"type": "quantitative", "field": "principals", "scale": {"zero": true}}}, "width": 270, "height": 270}, "uid": "id1614284674729_0"}, "label": "none", "date": "2021-02-25T20:26:07.088Z"}, {"seen": {"vega": {"$schema": "https://vega.github.io/schema/vega-lite/v3.json", "data": {"url": "movies.csv"}, "mark": "rect", "encoding": {"row": {"type": "nominal", "field": "type"}, "color": {"type": "nominal", "field": "type"}, "x": {"type": "quantitative", "field": "rating", "bin": true, "scale": {"zero": true}}, "y": {"type": "quantitative", "field": "rating", "bin": true, "scale": {"zero": true}}}, "width": 270, "height": 270}, "uid": "id1614284673709_2"}, "label": "none", "date": "2021-02-25T20:26:07.088Z"}, {"seen": {"vega": {"$schema": "https://vega.github.io/schema/vega-lite/v3.json", "data": {"url": "movies.csv"}, "mark": "point", "encoding": {"size": {"type": "quantitative", "aggregate": "count", "scale": {"zero": true}}, "y": {"type": "nominal", "field": "type"}, "x": {"type": "quantitative", "field": "votes", "bin": true, "scale": {"zero": true}}}, "width": 270, "height": 270}, "uid": "id1614284674122_2"}, "label": "none", "date": "2021-02-25T20:26:07.088Z"}, {"constraints": [], "recommendations": [{"vega": {"$schema": "https://vega.github.io/schema/vega-lite/v3.json", "data": {"url": "movies.csv"}, "mark": "rect", "encoding": {"x": {"type": "nominal", "field": "type"}, "y": {"type": "quantitative", "field": "votes", "bin": true}, "color": {"type": "quantitative", "aggregate": "count", "scale": {"zero": true}}, "label": 1, "mark_rect": 1}, "width": 270, "height": 270}, "uid": "id1614284768078_0"}, {"vega": {"$schema": "https://vega.github.io/schema/vega-lite/v3.json", "data": {"url": "movies.csv"}, "mark": "area", "encoding": {"y": {"type": "quantitative", "field": "rating", "bin": true}, "x": {"type": "quantitative", "aggregate": "count", "scale": {"zero": true}}, "color": {"type": "quantitative", "aggregate": "mean", "field": "principals", "scale": {"zero": true}}}, "width": 270, "height": 270}, "uid": "id1614284767808_3"}, {"vega": {"$schema": "https://vega.github.io/schema/vega-lite/v3.json", "data": {"url": "movies.csv"}, "mark": "rect", "encoding": {"y": {"type": "nominal", "field": "type"}, "x": {"type": "quantitative", "field": "votes", "bin": true, "scale": {"zero": true}}, "color": {"type": "quantitative", "aggregate": "count", "scale": {"zero": true}}}, "width": 270, "height": 270}, "uid": "id1614284767945_1"}, {"vega": {"$schema": "https://vega.github.io/schema/vega-lite/v3.json", "data": {"url": "movies.csv"}, "mark": "rect", "encoding": {"x": {"type": "quantitative", "field": "rating", "bin": true, "scale": {"zero": true}}, "y": {"type": "quantitative", "field": "minutes", "bin": true, "scale": {"zero": true}}, "color": {"type": "quantitative", "aggregate": "count", "scale": {"zero": true}}}, "width": 270, "height": 270}, "uid": "id1614284767667_3"}], "date": "2021-02-25T20:26:08.078Z", "label": "recommendations"}, {"seen": {"vega": {"$schema": "https://vega.github.io/schema/vega-lite/v3.json", "data": {"url": "movies.csv"}, "mark": "rect", "encoding": {"x": {"type": "nominal", "field": "type"}, "y": {"type": "quantitative", "field": "votes", "bin": true}, "color": {"type": "quantitative", "aggregate": "count", "scale": {"zero": true}}, "label": 1, "mark_rect": 1}, "width": 270, "height": 270}, "uid": "id1614284768078_0"}, "label": "more", "date": "2021-02-25T20:26:14.069Z"}, {"seen": {"vega": {"$schema": "https://vega.github.io/schema/vega-lite/v3.json", "data": {"url": "movies.csv"}, "mark": "area", "encoding": {"y": {"type": "quantitative", "field": "rating", "bin": true}, "x": {"type": "quantitative", "aggregate": "count", "scale": {"zero": true}}, "color": {"type": "quantitative", "aggregate": "mean", "field": "principals", "scale": {"zero": true}}}, "width": 270, "height": 270}, "uid": "id1614284767808_3"}, "label": "none", "date": "2021-02-25T20:26:14.069Z"}, {"seen": {"vega": {"$schema": "https://vega.github.io/schema/vega-lite/v3.json", "data": {"url": "movies.csv"}, "mark": "rect", "encoding": {"y": {"type": "nominal", "field": "type"}, "x": {"type": "quantitative", "field": "votes", "bin": true, "scale": {"zero": true}}, "color": {"type": "quantitative", "aggregate": "count", "scale": {"zero": true}}}, "width": 270, "height": 270}, "uid": "id1614284767945_1"}, "label": "none", "date": "2021-02-25T20:26:14.069Z"}, {"seen": {"vega": {"$schema": "https://vega.github.io/schema/vega-lite/v3.json", "data": {"url": "movies.csv"}, "mark": "rect", "encoding": {"x": {"type": "quantitative", "field": "rating", "bin": true, "scale": {"zero": true}}, "y": {"type": "quantitative", "field": "minutes", "bin": true, "scale": {"zero": true}}, "color": {"type": "quantitative", "aggregate": "count", "scale": {"zero": true}}}, "width": 270, "height": 270}, "uid": "id1614284767667_3"}, "label": "none", "date": "2021-02-25T20:26:14.069Z"}, {"constraints": [["mark_rect", 0.02962962962962963], ["x.type_nominal", 0.02962962962962963], ["x.field_type", 0.02962962962962963], ["y.type_quantitative", 0.02962962962962963], ["y.field_minutes", 0.014814814814814815], ["y.field_votes", 0.014814814814814815], ["y.bin_True", 0.02962962962962963], ["color.type_quantitative", 0.02962962962962963], ["color.aggregate_count", 0.02962962962962963]], "recommendations": [{"vega": {"$schema": "https://vega.github.io/schema/vega-lite/v3.json", "data": {"url": "movies.csv"}, "mark": "area", "encoding": {"x": {"type": "nominal", "field": "type"}, "y": {"type": "quantitative", "aggregate": "mean", "field": "minutes", "scale": {"zero": true}}, "label": 1, "mark_area": 1}, "width": 270, "height": 270}, "uid": "id1614284777570_2"}, {"vega": {"$schema": "https://vega.github.io/schema/vega-lite/v3.json", "data": {"url": "movies.csv"}, "mark": "rect", "encoding": {"x": {"type": "nominal", "field": "type"}, "y": {"type": "quantitative", "field": "minutes", "bin": true, "scale": {"zero": true}}, "color": {"type": "quantitative", "aggregate": "count", "scale": {"zero": true}}}, "width": 270, "height": 270}, "uid": "id1614284777235_1"}, {"vega": {"$schema": "https://vega.github.io/schema/vega-lite/v3.json", "data": {"url": "movies.csv"}, "mark": "rect", "encoding": {"x": {"type": "nominal", "field": "type"}, "y": {"type": "quantitative", "field": "minutes", "bin": true}, "color": {"type": "quantitative", "aggregate": "count", "scale": {"zero": false}}}, "width": 270, "height": 270}, "uid": "id1614284776886_2"}, {"vega": {"$schema": "https://vega.github.io/schema/vega-lite/v3.json", "data": {"url": "movies.csv"}, "mark": "area", "encoding": {"x": {"type": "nominal", "field": "type"}, "y": {"type": "quantitative", "aggregate": "count", "scale": {"zero": true}}, "label": 1, "mark_area": 1}, "width": 270, "height": 270}, "uid": "id1614284777570_0"}], "date": "2021-02-25T20:26:17.785Z", "label": "recommendations"}, {"vega": {"vega": {"$schema": "https://vega.github.io/schema/vega-lite/v3.json", "data": {"url": "movies.csv"}, "mark": "area", "encoding": {"x": {"type": "nominal", "field": "type"}, "y": {"type": "quantitative", "aggregate": "mean", "field": "minutes", "scale": {"zero": true}}, "label": 1, "mark_area": 1}, "width": 270, "height": 270}, "uid": "id1614284777570_2"}, "label": "pinned", "date": "2021-02-25T20:27:31.762Z"}, {"seen": {"vega": {"$schema": "https://vega.github.io/schema/vega-lite/v3.json", "data": {"url": "movies.csv"}, "mark": "area", "encoding": {"x": {"type": "nominal", "field": "type"}, "y": {"type": "quantitative", "aggregate": "mean", "field": "minutes", "scale": {"zero": true}}, "label": 1, "mark_area": 1}, "width": 270, "height": 270}, "uid": "id1614284777570_2"}, "label": "more", "date": "2021-02-25T20:27:48.499Z"}, {"seen": {"vega": {"$schema": "https://vega.github.io/schema/vega-lite/v3.json", "data": {"url": "movies.csv"}, "mark": "rect", "encoding": {"x": {"type": "nominal", "field": "type"}, "y": {"type": "quantitative", "field": "minutes", "bin": true, "scale": {"zero": true}}, "color": {"type": "quantitative", "aggregate": "count", "scale": {"zero": true}}}, "width": 270, "height": 270}, "uid": "id1614284777235_1"}, "label": "none", "date": "2021-02-25T20:27:48.499Z"}, {"seen": {"vega": {"$schema": "https://vega.github.io/schema/vega-lite/v3.json", "data": {"url": "movies.csv"}, "mark": "rect", "encoding": {"x": {"type": "nominal", "field": "type"}, "y": {"type": "quantitative", "field": "minutes", "bin": true}, "color": {"type": "quantitative", "aggregate": "count", "scale": {"zero": false}}}, "width": 270, "height": 270}, "uid": "id1614284776886_2"}, "label": "none", "date": "2021-02-25T20:27:48.499Z"}, {"seen": {"vega": {"$schema": "https://vega.github.io/schema/vega-lite/v3.json", "data": {"url": "movies.csv"}, "mark": "area", "encoding": {"x": {"type": "nominal", "field": "type"}, "y": {"type": "quantitative", "aggregate": "count", "scale": {"zero": true}}, "label": 1, "mark_area": 1}, "width": 270, "height": 270}, "uid": "id1614284777570_0"}, "label": "none", "date": "2021-02-25T20:27:48.499Z"}, {"constraints": [["mark_area", 0.027586206896551727], ["x.type_nominal", 0.038620689655172416], ["x.field_type", 0.038620689655172416], ["y.type_quantitative", 0.038620689655172416], ["y.aggregate_count", 0.013793103448275864], ["y.aggregate_mean", 0.013793103448275864], ["y.field_minutes", 0.012413793103448277], ["y.field_rating", 0.006896551724137932], ["mark_rect", 0.01103448275862069], ["y.field_votes", 0.005517241379310345], ["y.bin_True", 0.01103448275862069], ["color.type_quantitative", 0.01103448275862069], ["color.aggregate_count", 0.01103448275862069]], "recommendations": [{"vega": {"$schema": "https://vega.github.io/schema/vega-lite/v3.json", "data": {"url": "movies.csv"}, "mark": "area", "encoding": {"color": {"type": "quantitative", "aggregate": "count", "scale": {"zero": true}}, "x": {"type": "nominal", "field": "type"}, "y": {"type": "quantitative", "aggregate": "mean", "field": "minutes", "scale": {"zero": true}}}, "width": 270, "height": 270}, "uid": "id1614284872035_1"}, {"vega": {"$schema": "https://vega.github.io/schema/vega-lite/v3.json", "data": {"url": "movies.csv"}, "mark": "line", "encoding": {"y": {"type": "nominal", "field": "type"}, "x": {"type": "quantitative", "aggregate": "mean", "field": "principals", "scale": {"zero": true}}, "color": {"type": "quantitative", "aggregate": "count", "scale": {"zero": true}}}, "width": 270, "height": 270}, "uid": "id1614284872632_0"}, {"vega": {"$schema": "https://vega.github.io/schema/vega-lite/v3.json", "data": {"url": "movies.csv"}, "mark": "area", "encoding": {"color": {"type": "quantitative", "aggregate": "count", "scale": {"zero": false}}, "x": {"type": "nominal", "field": "type"}, "y": {"type": "quantitative", "aggregate": "mean", "field": "rating", "scale": {"zero": true}}, "label": 1, "mark_area": 1}, "width": 270, "height": 270}, "uid": "id1614284872408_2"}, {"vega": {"$schema": "https://vega.github.io/schema/vega-lite/v3.json", "data": {"url": "movies.csv"}, "mark": "area", "encoding": {"x": {"type": "nominal", "field": "type"}, "y": {"type": "quantitative", "aggregate": "mean", "field": "minutes", "scale": {"zero": true}}}, "width": 270, "height": 270}, "uid": "id1614284872035_0"}], "date": "2021-02-25T20:27:52.632Z", "label": "recommendations"}, {"vega": {"vega": {"$schema": "https://vega.github.io/schema/vega-lite/v3.json", "data": {"url": "movies.csv"}, "mark": "area", "encoding": {"color": {"type": "quantitative", "aggregate": "count", "scale": {"zero": false}}, "x": {"type": "nominal", "field": "type"}, "y": {"type": "quantitative", "aggregate": "mean", "field": "rating", "scale": {"zero": true}}, "label": 1, "mark_area": 1}, "width": 270, "height": 270}, "uid": "id1614284872408_2"}, "label": "pinned", "date": "2021-02-25T20:28:54.795Z"}, {"seen": {"vega": {"$schema": "https://vega.github.io/schema/vega-lite/v3.json", "data": {"url": "movies.csv"}, "mark": "area", "encoding": {"color": {"type": "quantitative", "aggregate": "count", "scale": {"zero": true}}, "x": {"type": "nominal", "field": "type"}, "y": {"type": "quantitative", "aggregate": "mean", "field": "minutes", "scale": {"zero": true}}}, "width": 270, "height": 270}, "uid": "id1614284872035_1"}, "label": "none", "date": "2021-02-25T20:29:22.929Z"}, {"seen": {"vega": {"$schema": "https://vega.github.io/schema/vega-lite/v3.json", "data": {"url": "movies.csv"}, "mark": "line", "encoding": {"y": {"type": "nominal", "field": "type"}, "x": {"type": "quantitative", "aggregate": "mean", "field": "principals", "scale": {"zero": true}}, "color": {"type": "quantitative", "aggregate": "count", "scale": {"zero": true}}}, "width": 270, "height": 270}, "uid": "id1614284872632_0"}, "label": "none", "date": "2021-02-25T20:29:22.929Z"}, {"seen": {"vega": {"$schema": "https://vega.github.io/schema/vega-lite/v3.json", "data": {"url": "movies.csv"}, "mark": "area", "encoding": {"color": {"type": "quantitative", "aggregate": "count", "scale": {"zero": false}}, "x": {"type": "nominal", "field": "type"}, "y": {"type": "quantitative", "aggregate": "mean", "field": "rating", "scale": {"zero": true}}, "label": 1, "mark_area": 1}, "width": 270, "height": 270}, "uid": "id1614284872408_2"}, "label": "more", "date": "2021-02-25T20:29:22.929Z"}, {"seen": {"vega": {"$schema": "https://vega.github.io/schema/vega-lite/v3.json", "data": {"url": "movies.csv"}, "mark": "area", "encoding": {"x": {"type": "nominal", "field": "type"}, "y": {"type": "quantitative", "aggregate": "mean", "field": "minutes", "scale": {"zero": true}}}, "width": 270, "height": 270}, "uid": "id1614284872035_0"}, "label": "none", "date": "2021-02-25T20:29:22.929Z"}, {"constraints": [["mark_area", 0.0438709677419355], ["x.type_nominal", 0.0534193548387097], ["x.field_type", 0.04800000000000002], ["y.type_quantitative", 0.0534193548387097], ["y.aggregate_mean", 0.038709677419354854], ["y.field_rating", 0.036129032258064527], ["color.type_quantitative", 0.029806451612903236], ["color.aggregate_count", 0.02929032258064517], ["y.aggregate_count", 0.005161290322580645], ["y.field_minutes", 0.004645161290322581], ["mark_rect", 0.005161290322580646], ["y.field_votes", 0.002064516129032258], ["y.bin_True", 0.004129032258064516], ["mark_bar", 0.00025806451612903227], ["mark_point", 0.0038709677419354847], ["mark_tick", 0.00025806451612903227], ["x.field", 0.0054193548387096785], ["y.field", 0.0054193548387096785], ["color.field", 0.0005161290322580645], ["size.field", 0.0038709677419354847], ["size.type_quantitative", 0.0038709677419354847]], "recommendations": [{"vega": {"$schema": "https://vega.github.io/schema/vega-lite/v3.json", "data": {"url": "movies.csv"}, "mark": "rect", "encoding": {"x": {"type": "quantitative", "field": "rating", "bin": true}, "y": {"type": "quantitative", "field": "minutes", "bin": true, "scale": {"zero": true}}, "color": {"type": "quantitative", "aggregate": "count", "scale": {"zero": true}}}, "width": 270, "height": 270}, "uid": "id1614284966853_2"}, {"vega": {"$schema": "https://vega.github.io/schema/vega-lite/v3.json", "data": {"url": "movies.csv"}, "mark": "area", "encoding": {"color": {"type": "ordinal", "field": "type"}, "x": {"type": "nominal", "field": "type"}, "y": {"type": "quantitative", "aggregate": "count", "stack": "zero", "scale": {"zero": true}}, "label": 1, "mark_area": 1}, "width": 270, "height": 270}, "uid": "id1614284966987_3"}, {"vega": {"$schema": "https://vega.github.io/schema/vega-lite/v3.json", "data": {"url": "movies.csv"}, "mark": "area", "encoding": {"y": {"type": "quantitative", "field": "rating", "bin": true}, "x": {"type": "quantitative", "aggregate": "count", "scale": {"zero": true}}, "color": {"type": "quantitative", "aggregate": "mean", "field": "principals", "scale": {"zero": true}}}, "width": 270, "height": 270}, "uid": "id1614284966082_3"}, {"vega": {"$schema": "https://vega.github.io/schema/vega-lite/v3.json", "data": {"url": "movies.csv"}, "mark": "area", "encoding": {"color": {"type": "ordinal", "field": "principals"}, "x": {"type": "nominal", "field": "type"}, "y": {"type": "quantitative", "aggregate": "count", "stack": "zero", "scale": {"zero": true}}}, "width": 270, "height": 270}, "uid": "id1614284966397_2"}], "date": "2021-02-25T20:29:26.987Z", "label": "recommendations"}, {"seen": {"vega": {"$schema": "https://vega.github.io/schema/vega-lite/v3.json", "data": {"url": "movies.csv"}, "mark": "rect", "encoding": {"x": {"type": "quantitative", "field": "rating", "bin": true}, "y": {"type": "quantitative", "field": "minutes", "bin": true, "scale": {"zero": true}}, "color": {"type": "quantitative", "aggregate": "count", "scale": {"zero": true}}}, "width": 270, "height": 270}, "uid": "id1614284966853_2"}, "label": "none", "date": "2021-02-25T20:30:42.487Z"}, {"seen": {"vega": {"$schema": "https://vega.github.io/schema/vega-lite/v3.json", "data": {"url": "movies.csv"}, "mark": "area", "encoding": {"color": {"type": "ordinal", "field": "type"}, "x": {"type": "nominal", "field": "type"}, "y": {"type": "quantitative", "aggregate": "count", "stack": "zero", "scale": {"zero": true}}, "label": 1, "mark_area": 1}, "width": 270, "height": 270}, "uid": "id1614284966987_3"}, "label": "more", "date": "2021-02-25T20:30:42.487Z"}, {"seen": {"vega": {"$schema": "https://vega.github.io/schema/vega-lite/v3.json", "data": {"url": "movies.csv"}, "mark": "area", "encoding": {"y": {"type": "quantitative", "field": "rating", "bin": true}, "x": {"type": "quantitative", "aggregate": "count", "scale": {"zero": true}}, "color": {"type": "quantitative", "aggregate": "mean", "field": "principals", "scale": {"zero": true}}}, "width": 270, "height": 270}, "uid": "id1614284966082_3"}, "label": "none", "date": "2021-02-25T20:30:42.487Z"}, {"seen": {"vega": {"$schema": "https://vega.github.io/schema/vega-lite/v3.json", "data": {"url": "movies.csv"}, "mark": "area", "encoding": {"color": {"type": "ordinal", "field": "principals"}, "x": {"type": "nominal", "field": "type"}, "y": {"type": "quantitative", "aggregate": "count", "stack": "zero", "scale": {"zero": true}}}, "width": 270, "height": 270}, "uid": "id1614284966397_2"}, "label": "none", "date": "2021-02-25T20:30:42.487Z"}, {"constraints": [["mark_area", 0.0536969696969697], ["x.type_nominal", 0.04933333333333333], ["x.field_type", 0.04460606060606061], ["y.type_quantitative", 0.11793939393939398], ["y.aggregate_count", 0.027296969696969698], ["color.type_ordinal", 0.01847272727272727], ["color.field_principals", 0.012315151515151515], ["color.field_type", 0.0061575757575757575], ["y.aggregate_mean", 0.015272727272727276], ["y.field_rating", 0.013939393939393942], ["color.type_quantitative", 0.031442424242424244], ["color.aggregate_count", 0.01149090909090909], ["y.field_minutes", 0.0023515151515151518], ["mark_rect", 0.013648484848484849], ["y.field_votes", 0.0010181818181818183], ["y.bin_True", 0.0020363636363636365], ["mark_bar", 0.011103030303030306], ["mark_line", 0.011200000000000002], ["mark_point", 0.017818181818181823], ["mark_tick", 0.011200000000000002], ["x.field", 0.07406060606060609], ["y.field", 0.07406060606060609], ["color.field", 0.056315151515151526], ["size.field", 0.0033939393939393945], ["shape.field", 0.003151515151515152], ["x.type_quantitative", 0.06933333333333336], ["y.type_nominal", 0.0007272727272727274], ["color.type_nominal", 0.03636363636363636], ["size.type_quantitative", 0.0033939393939393945], ["shape.type_nominal", 0.003151515151515152]], "recommendations": [{"vega": {"$schema": "https://vega.github.io/schema/vega-lite/v3.json", "data": {"url": "movies.csv"}, "mark": "tick", "encoding": {"y": {"type": "nominal", "field": "type"}, "x": {"type": "quantitative", "field": "principals", "scale": {"zero": true}}}, "width": 270, "height": 270}, "uid": "id1614285046359_0"}, {"vega": {"$schema": "https://vega.github.io/schema/vega-lite/v3.json", "data": {"url": "movies.csv"}, "mark": "line", "encoding": {"y": {"type": "nominal", "field": "type"}, "x": {"type": "quantitative", "aggregate": "count", "scale": {"zero": false}}, "label": 1, "mark_line": 1}, "width": 270, "height": 270}, "uid": "id1614285046661_2"}, {"vega": {"$schema": "https://vega.github.io/schema/vega-lite/v3.json", "data": {"url": "movies.csv"}, "mark": "bar", "encoding": {"color": {"type": "nominal", "field": "type"}, "x": {"type": "quantitative", "field": "minutes", "bin": true}, "y": {"type": "quantitative", "aggregate": "count", "stack": "zero", "scale": {"zero": true}}}, "width": 270, "height": 270}, "uid": "id1614285046010_2"}, {"vega": {"$schema": "https://vega.github.io/schema/vega-lite/v3.json", "data": {"url": "movies.csv"}, "mark": "rect", "encoding": {"x": {"type": "nominal", "field": "type"}, "y": {"type": "quantitative", "field": "votes", "bin": true, "scale": {"zero": true}}, "color": {"type": "quantitative", "aggregate": "count", "scale": {"zero": false}}}, "width": 270, "height": 270}, "uid": "id1614285045644_3"}], "date": "2021-02-25T20:30:46.661Z", "label": "recommendations"}, {"seen": {"vega": {"$schema": "https://vega.github.io/schema/vega-lite/v3.json", "data": {"url": "movies.csv"}, "mark": "tick", "encoding": {"y": {"type": "nominal", "field": "type"}, "x": {"type": "quantitative", "field": "principals", "scale": {"zero": true}}}, "width": 270, "height": 270}, "uid": "id1614285046359_0"}, "label": "none", "date": "2021-02-25T20:32:50.096Z"}, {"seen": {"vega": {"$schema": "https://vega.github.io/schema/vega-lite/v3.json", "data": {"url": "movies.csv"}, "mark": "line", "encoding": {"y": {"type": "nominal", "field": "type"}, "x": {"type": "quantitative", "aggregate": "count", "scale": {"zero": false}}, "label": 1, "mark_line": 1}, "width": 270, "height": 270}, "uid": "id1614285046661_2"}, "label": "more", "date": "2021-02-25T20:32:50.096Z"}, {"seen": {"vega": {"$schema": "https://vega.github.io/schema/vega-lite/v3.json", "data": {"url": "movies.csv"}, "mark": "bar", "encoding": {"color": {"type": "nominal", "field": "type"}, "x": {"type": "quantitative", "field": "minutes", "bin": true}, "y": {"type": "quantitative", "aggregate": "count", "stack": "zero", "scale": {"zero": true}}}, "width": 270, "height": 270}, "uid": "id1614285046010_2"}, "label": "none", "date": "2021-02-25T20:32:50.096Z"}, {"seen": {"vega": {"$schema": "https://vega.github.io/schema/vega-lite/v3.json", "data": {"url": "movies.csv"}, "mark": "rect", "encoding": {"x": {"type": "nominal", "field": "type"}, "y": {"type": "quantitative", "field": "votes", "bin": true, "scale": {"zero": true}}, "color": {"type": "quantitative", "aggregate": "count", "scale": {"zero": false}}}, "width": 270, "height": 270}, "uid": "id1614285045644_3"}, "label": "none", "date": "2021-02-25T20:32:50.096Z"}, {"constraints": [["mark_line", 0.03873599999999999], ["y.type_nominal", 0.03025142857142857], ["y.field_type", 0.024502857142857142], ["x.type_quantitative", 0.08089371428571425], ["x.aggregate_count", 0.024502857142857142], ["mark_area", 0.03152685714285715], ["x.type_nominal", 0.03667657142857144], ["x.field_type", 0.02489142857142857], ["y.type_quantitative", 0.08731885714285713], ["y.aggregate_count", 0.011456], ["color.type_ordinal", 0.007460571428571429], ["color.field_principals", 0.004973714285714286], ["color.field_type", 0.002486857142857143], ["y.aggregate_mean", 0.009828571428571431], ["y.field_rating", 0.009074285714285717], ["color.type_quantitative", 0.02997714285714287], ["color.aggregate_count", 0.009846857142857147], ["y.field_minutes", 0.00256], ["mark_rect", 0.012592], ["y.field_votes", 0.0018011428571428575], ["y.bin_True", 0.0036068571428571434], ["mark_bar", 0.009938285714285715], ["mark_point", 0.01594285714285714], ["mark_tick", 0.008834285714285715], ["x.field", 0.068176], ["y.field", 0.068176], ["color.field", 0.04130971428571429], ["size.field", 0.0024228571428571424], ["shape.field", 0.0035657142857142853], ["color.type_nominal", 0.02117942857142857], ["size.type_quantitative", 0.0024228571428571424], ["shape.type_nominal", 0.0035657142857142853]], "recommendations": [{"vega": {"$schema": "https://vega.github.io/schema/vega-lite/v3.json", "data": {"url": "movies.csv"}, "mark": "bar", "encoding": {"y": {"type": "nominal", "field": "type"}, "x": {"type": "quantitative", "aggregate": "count", "scale": {"zero": true}}, "label": 1, "mark_bar": 1}, "width": 270, "height": 270}, "uid": "id1614285173635_0"}, {"vega": {"$schema": "https://vega.github.io/schema/vega-lite/v3.json", "data": {"url": "movies.csv"}, "mark": "tick", "encoding": {"y": {"type": "nominal", "field": "type"}, "x": {"type": "quantitative", "field": "rating", "scale": {"zero": true}}, "color": {"type": "quantitative", "field": "principals", "scale": {"zero": true}}}, "width": 270, "height": 270}, "uid": "id1614285174162_3"}, {"vega": {"$schema": "https://vega.github.io/schema/vega-lite/v3.json", "data": {"url": "movies.csv"}, "mark": "point", "encoding": {"x": {"type": "nominal", "field": "type"}, "y": {"type": "quantitative", "field": "rating", "bin": true}, "size": {"type": "quantitative", "aggregate": "count", "scale": {"zero": true}}}, "width": 270, "height": 270}, "uid": "id1614285173350_2"}, {"vega": {"$schema": "https://vega.github.io/schema/vega-lite/v3.json", "data": {"url": "movies.csv"}, "mark": "rect", "encoding": {"y": {"type": "nominal", "field": "type"}, "x": {"type": "quantitative", "field": "minutes", "bin": true, "scale": {"zero": true}}, "color": {"type": "quantitative", "aggregate": "count", "scale": {"zero": true}}}, "width": 270, "height": 270}, "uid": "id1614285173957_2"}], "date": "2021-02-25T20:32:54.162Z", "label": "recommendations"}, {"vega": {"vega": {"$schema": "https://vega.github.io/schema/vega-lite/v3.json", "data": {"url": "movies.csv"}, "mark": "bar", "encoding": {"y": {"type": "nominal", "field": "type"}, "x": {"type": "quantitative", "aggregate": "count", "scale": {"zero": true}}, "label": 1, "mark_bar": 1}, "width": 270, "height": 270}, "uid": "id1614285173635_0"}, "label": "pinned", "date": "2021-02-25T20:33:32.632Z"}, {"seen": {"vega": {"$schema": "https://vega.github.io/schema/vega-lite/v3.json", "data": {"url": "movies.csv"}, "mark": "bar", "encoding": {"y": {"type": "nominal", "field": "type"}, "x": {"type": "quantitative", "aggregate": "count", "scale": {"zero": true}}, "label": 1, "mark_bar": 1}, "width": 270, "height": 270}, "uid": "id1614285173635_0"}, "label": "more", "date": "2021-02-25T20:34:41.832Z"}, {"seen": {"vega": {"$schema": "https://vega.github.io/schema/vega-lite/v3.json", "data": {"url": "movies.csv"}, "mark": "tick", "encoding": {"y": {"type": "nominal", "field": "type"}, "x": {"type": "quantitative", "field": "rating", "scale": {"zero": true}}, "color": {"type": "quantitative", "field": "principals", "scale": {"zero": true}}}, "width": 270, "height": 270}, "uid": "id1614285174162_3"}, "label": "none", "date": "2021-02-25T20:34:41.832Z"}, {"seen": {"vega": {"$schema": "https://vega.github.io/schema/vega-lite/v3.json", "data": {"url": "movies.csv"}, "mark": "point", "encoding": {"x": {"type": "nominal", "field": "type"}, "y": {"type": "quantitative", "field": "rating", "bin": true}, "size": {"type": "quantitative", "aggregate": "count", "scale": {"zero": true}}}, "width": 270, "height": 270}, "uid": "id1614285173350_2"}, "label": "none", "date": "2021-02-25T20:34:41.832Z"}, {"seen": {"vega": {"$schema": "https://vega.github.io/schema/vega-lite/v3.json", "data": {"url": "movies.csv"}, "mark": "rect", "encoding": {"y": {"type": "nominal", "field": "type"}, "x": {"type": "quantitative", "field": "minutes", "bin": true, "scale": {"zero": true}}, "color": {"type": "quantitative", "aggregate": "count", "scale": {"zero": true}}}, "width": 270, "height": 270}, "uid": "id1614285173957_2"}, "label": "none", "date": "2021-02-25T20:34:41.832Z"}, {"constraints": [["mark_bar", 0.03733470270270272], ["y.type_nominal", 0.04787027027027029], ["y.field_type", 0.03671351351351353], ["x.type_quantitative", 0.0922715675675676], ["x.aggregate_count", 0.023148108108108117], ["x.aggregate_mean", 0.01356540540540541], ["x.field_minutes", 0.01356540540540541], ["mark_line", 0.020886054054054057], ["mark_area", 0.026841297297297294], ["x.type_nominal", 0.035392864864864884], ["x.field_type", 0.021119783783783787], ["y.type_quantitative", 0.0797941621621622], ["y.aggregate_count", 0.008264648648648648], ["color.type_ordinal", 0.005478486486486486], ["color.field_principals", 0.0036523243243243237], ["color.field_type", 0.0018261621621621618], ["y.aggregate_mean", 0.008155675675675678], ["y.field_rating", 0.007675675675675678], ["color.type_quantitative", 0.03235524324324325], ["color.aggregate_count", 0.010096216216216218], ["y.field_minutes", 0.0030445405405405404], ["mark_rect", 0.015531891891891896], ["y.field_votes", 0.0021349189189189192], ["y.bin_True", 0.0046994594594594605], ["mark_point", 0.015551783783783784], ["mark_tick", 0.011518702702702704], ["x.field", 0.06983113513513516], ["y.field", 0.06983113513513516], ["color.field", 0.03981708108108109], ["size.field", 0.0017556756756756755], ["shape.field", 0.003485405405405406], ["color.type_nominal", 0.017558054054054056], ["size.type_quantitative", 0.0017556756756756755], ["shape.type_nominal", 0.003485405405405406]], "recommendations": [{"vega": {"$schema": "https://vega.github.io/schema/vega-lite/v3.json", "data": {"url": "movies.csv"}, "mark": "line", "encoding": {"color": {"type": "nominal", "field": "type"}, "x": {"type": "quantitative", "aggregate": "mean", "field": "minutes", "scale": {"zero": true}}, "y": {"type": "quantitative", "aggregate": "count", "scale": {"zero": true}}}, "width": 270, "height": 270}, "uid": "id1614285285565_0"}, {"vega": {"$schema": "https://vega.github.io/schema/vega-lite/v3.json", "data": {"url": "movies.csv"}, "mark": "line", "encoding": {"y": {"type": "nominal", "field": "type"}, "x": {"type": "quantitative", "aggregate": "count", "scale": {"zero": true}}}, "width": 270, "height": 270}, "uid": "id1614285285874_0"}, {"vega": {"$schema": "https://vega.github.io/schema/vega-lite/v3.json", "data": {"url": "movies.csv"}, "mark": "point", "encoding": {"y": {"type": "nominal", "field": "type"}, "x": {"type": "quantitative", "field": "votes", "bin": true}, "color": {"type": "quantitative", "aggregate": "count", "scale": {"zero": true}}}, "width": 270, "height": 270}, "uid": "id1614285284852_0"}, {"vega": {"$schema": "https://vega.github.io/schema/vega-lite/v3.json", "data": {"url": "movies.csv"}, "mark": "line", "encoding": {"color": {"type": "nominal", "field": "type"}, "x": {"type": "quantitative", "aggregate": "mean", "field": "minutes", "scale": {"zero": true}}, "y": {"type": "quantitative", "aggregate": "count", "scale": {"zero": true}}}, "width": 270, "height": 270}, "uid": "id1614285285565_2"}], "date": "2021-02-25T20:34:46.011Z", "label": "recommendations"}, {"vega": {"vega": {"$schema": "https://vega.github.io/schema/vega-lite/v3.json", "data": {"url": "movies.csv"}, "mark": "line", "encoding": {"y": {"type": "nominal", "field": "type"}, "x": {"type": "quantitative", "aggregate": "count", "scale": {"zero": true}}}, "width": 270, "height": 270}, "uid": "id1614285285874_0"}, "label": "pinned", "date": "2021-02-25T20:35:30.727Z"}, {"seen": {"vega": {"$schema": "https://vega.github.io/schema/vega-lite/v3.json", "data": {"url": "movies.csv"}, "mark": "line", "encoding": {"color": {"type": "nominal", "field": "type"}, "x": {"type": "quantitative", "aggregate": "mean", "field": "minutes", "scale": {"zero": true}}, "y": {"type": "quantitative", "aggregate": "count", "scale": {"zero": true}}}, "width": 270, "height": 270}, "uid": "id1614285285565_0"}, "label": "none", "date": "2021-02-25T20:35:32.815Z"}, {"seen": {"vega": {"$schema": "https://vega.github.io/schema/vega-lite/v3.json", "data": {"url": "movies.csv"}, "mark": "line", "encoding": {"y": {"type": "nominal", "field": "type"}, "x": {"type": "quantitative", "aggregate": "count", "scale": {"zero": true}}}, "width": 270, "height": 270}, "uid": "id1614285285874_0"}, "label": "more", "date": "2021-02-25T20:35:32.815Z"}, {"seen": {"vega": {"$schema": "https://vega.github.io/schema/vega-lite/v3.json", "data": {"url": "movies.csv"}, "mark": "point", "encoding": {"y": {"type": "nominal", "field": "type"}, "x": {"type": "quantitative", "field": "votes", "bin": true}, "color": {"type": "quantitative", "aggregate": "count", "scale": {"zero": true}}}, "width": 270, "height": 270}, "uid": "id1614285284852_0"}, "label": "none", "date": "2021-02-25T20:35:32.815Z"}, {"seen": {"vega": {"$schema": "https://vega.github.io/schema/vega-lite/v3.json", "data": {"url": "movies.csv"}, "mark": "line", "encoding": {"color": {"type": "nominal", "field": "type"}, "x": {"type": "quantitative", "aggregate": "mean", "field": "minutes", "scale": {"zero": true}}, "y": {"type": "quantitative", "aggregate": "count", "scale": {"zero": true}}}, "width": 270, "height": 270}, "uid": "id1614285285565_2"}, "label": "none", "date": "2021-02-25T20:35:32.815Z"}, {"constraints": [["mark_bar", 0.03733470270270272], ["y.type_nominal", 0.04787027027027029], ["y.field_type", 0.03671351351351353], ["x.type_quantitative", 0.0922715675675676], ["x.aggregate_count", 0.023148108108108117], ["x.aggregate_mean", 0.01356540540540541], ["x.field_minutes", 0.01356540540540541], ["mark_line", 0.020886054054054057], ["mark_area", 0.026841297297297294], ["x.type_nominal", 0.035392864864864884], ["x.field_type", 0.021119783783783787], ["y.type_quantitative", 0.0797941621621622], ["y.aggregate_count", 0.008264648648648648], ["color.type_ordinal", 0.005478486486486486], ["color.field_principals", 0.0036523243243243237], ["color.field_type", 0.0018261621621621618], ["y.aggregate_mean", 0.008155675675675678], ["y.field_rating", 0.007675675675675678], ["color.type_quantitative", 0.03235524324324325], ["color.aggregate_count", 0.010096216216216218], ["y.field_minutes", 0.0030445405405405404], ["mark_rect", 0.015531891891891896], ["y.field_votes", 0.0021349189189189192], ["y.bin_True", 0.0046994594594594605], ["mark_point", 0.015551783783783784], ["mark_tick", 0.011518702702702704], ["x.field", 0.06983113513513516], ["y.field", 0.06983113513513516], ["color.field", 0.03981708108108109], ["size.field", 0.0017556756756756755], ["shape.field", 0.003485405405405406], ["color.type_nominal", 0.017558054054054056], ["size.type_quantitative", 0.0017556756756756755], ["shape.type_nominal", 0.003485405405405406]], "recommendations": [{"vega": {"$schema": "https://vega.github.io/schema/vega-lite/v3.json", "data": {"url": "movies.csv"}, "mark": "bar", "encoding": {"x": {"type": "quantitative", "field": "rating", "bin": true, "scale": {"zero": true}}, "y": {"type": "quantitative", "aggregate": "count", "scale": {"zero": true}}, "color": {"type": "quantitative", "aggregate": "mean", "field": "minutes", "scale": {"zero": true}}}, "width": 270, "height": 270}, "uid": "id1614285334063_3"}, {"vega": {"$schema": "https://vega.github.io/schema/vega-lite/v3.json", "data": {"url": "movies.csv"}, "mark": "area", "encoding": {"x": {"type": "nominal", "field": "type"}, "y": {"type": "quantitative", "aggregate": "count", "scale": {"zero": true}}, "label": 1, "mark_area": 1}, "width": 270, "height": 270}, "uid": "id1614285334215_0"}, {"vega": {"$schema": "https://vega.github.io/schema/vega-lite/v3.json", "data": {"url": "movies.csv"}, "mark": "point", "encoding": {"y": {"type": "nominal", "field": "type"}, "x": {"type": "quantitative", "field": "votes", "bin": true, "scale": {"zero": true}}, "color": {"type": "quantitative", "aggregate": "count", "scale": {"zero": true}}}, "width": 270, "height": 270}, "uid": "id1614285333443_1"}, {"vega": {"$schema": "https://vega.github.io/schema/vega-lite/v3.json", "data": {"url": "movies.csv"}, "mark": "line", "encoding": {"y": {"type": "nominal", "field": "type"}, "x": {"type": "quantitative", "aggregate": "mean", "field": "minutes", "scale": {"zero": true}}, "color": {"type": "quantitative", "aggregate": "count", "scale": {"zero": true}}}, "width": 270, "height": 270}, "uid": "id1614285333773_2"}], "date": "2021-02-25T20:35:34.215Z", "label": "recommendations"}, {"vega": {"vega": {"$schema": "https://vega.github.io/schema/vega-lite/v3.json", "data": {"url": "movies.csv"}, "mark": "area", "encoding": {"x": {"type": "nominal", "field": "type"}, "y": {"type": "quantitative", "aggregate": "count", "scale": {"zero": true}}, "label": 1, "mark_area": 1}, "width": 270, "height": 270}, "uid": "id1614285334215_0"}, "label": "pinned", "date": "2021-02-25T20:35:54.387Z"}, {"seen": {"vega": {"$schema": "https://vega.github.io/schema/vega-lite/v3.json", "data": {"url": "movies.csv"}, "mark": "bar", "encoding": {"x": {"type": "quantitative", "field": "rating", "bin": true, "scale": {"zero": true}}, "y": {"type": "quantitative", "aggregate": "count", "scale": {"zero": true}}, "color": {"type": "quantitative", "aggregate": "mean", "field": "minutes", "scale": {"zero": true}}}, "width": 270, "height": 270}, "uid": "id1614285334063_3"}, "label": "none", "date": "2021-02-25T20:35:56.266Z"}, {"seen": {"vega": {"$schema": "https://vega.github.io/schema/vega-lite/v3.json", "data": {"url": "movies.csv"}, "mark": "area", "encoding": {"x": {"type": "nominal", "field": "type"}, "y": {"type": "quantitative", "aggregate": "count", "scale": {"zero": true}}, "label": 1, "mark_area": 1}, "width": 270, "height": 270}, "uid": "id1614285334215_0"}, "label": "more", "date": "2021-02-25T20:35:56.266Z"}, {"seen": {"vega": {"$schema": "https://vega.github.io/schema/vega-lite/v3.json", "data": {"url": "movies.csv"}, "mark": "point", "encoding": {"y": {"type": "nominal", "field": "type"}, "x": {"type": "quantitative", "field": "votes", "bin": true, "scale": {"zero": true}}, "color": {"type": "quantitative", "aggregate": "count", "scale": {"zero": true}}}, "width": 270, "height": 270}, "uid": "id1614285333443_1"}, "label": "none", "date": "2021-02-25T20:35:56.266Z"}, {"seen": {"vega": {"$schema": "https://vega.github.io/schema/vega-lite/v3.json", "data": {"url": "movies.csv"}, "mark": "line", "encoding": {"y": {"type": "nominal", "field": "type"}, "x": {"type": "quantitative", "aggregate": "mean", "field": "minutes", "scale": {"zero": true}}, "color": {"type": "quantitative", "aggregate": "count", "scale": {"zero": true}}}, "width": 270, "height": 270}, "uid": "id1614285333773_2"}, "label": "none", "date": "2021-02-25T20:35:56.266Z"}, {"constraints": [["mark_area", 0.0556176205128205], ["x.type_nominal", 0.060438728205128175], ["x.field_type", 0.044444020512820495], ["y.type_quantitative", 0.11257403076923073], ["y.aggregate_count", 0.030898789743589745], ["color.type_ordinal", 0.02203747692307692], ["color.field_principals", 0.014691651282051282], ["color.field_type", 0.007345825641025641], ["mark_bar", 0.03176662564102564], ["y.type_nominal", 0.05884923076923078], ["y.field_type", 0.020307692307692308], ["x.type_quantitative", 0.11098453333333334], ["x.aggregate_count", 0.012823794871794872], ["x.aggregate_mean", 0.007483897435897437], ["x.field_minutes", 0.007483897435897437], ["mark_line", 0.022339425641025642], ["y.aggregate_mean", 0.007920000000000002], ["y.field_rating", 0.007162256410256411], ["color.type_quantitative", 0.07318344615384614], ["color.aggregate_count", 0.010657230769230768], ["y.field_minutes", 0.0035908923076923074], ["mark_rect", 0.022259261538461545], ["y.field_votes", 0.0027920820512820515], ["y.bin_True", 0.0056252307692307695], ["mark_point", 0.022620964102564114], ["mark_tick", 0.016819364102564103], ["x.field", 0.1066715487179487], ["y.field", 0.1066715487179487], ["color.field", 0.07797556923076923], ["size.field", 0.0026010256410256413], ["shape.field", 0.003333333333333334], ["color.type_nominal", 0.015449353846153849], ["size.type_quantitative", 0.0026010256410256413], ["shape.type_nominal", 0.003333333333333334]], "recommendations": [{"vega": {"$schema": "https://vega.github.io/schema/vega-lite/v3.json", "data": {"url": "movies.csv"}, "mark": "area", "encoding": {"x": {"type": "nominal", "field": "type"}, "color": {"type": "ordinal", "field": "principals", "bin": true}, "y": {"type": "quantitative", "aggregate": "count", "stack": "zero", "scale": {"zero": true}}}, "width": 270, "height": 270}, "uid": "id1614285359709_2"}, {"vega": {"$schema": "https://vega.github.io/schema/vega-lite/v3.json", "data": {"url": "movies.csv"}, "mark": "line", "encoding": {"x": {"type": "nominal", "field": "type"}, "y": {"type": "quantitative", "aggregate": "count", "scale": {"zero": true}}, "color": {"type": "quantitative", "aggregate": "mean", "field": "principals", "scale": {"zero": true}}, "label": 1, "mark_line": 1}, "width": 270, "height": 270}, "uid": "id1614285359570_0"}, {"vega": {"$schema": "https://vega.github.io/schema/vega-lite/v3.json", "data": {"url": "movies.csv"}, "mark": "point", "encoding": {"size": {"type": "quantitative", "aggregate": "count", "scale": {"zero": true}}, "x": {"type": "nominal", "field": "type"}, "y": {"type": "quantitative", "field": "minutes", "bin": true, "scale": {"zero": true}}}, "width": 270, "height": 270}, "uid": "id1614285359426_2"}, {"vega": {"$schema": "https://vega.github.io/schema/vega-lite/v3.json", "data": {"url": "movies.csv"}, "mark": "tick", "encoding": {"y": {"type": "nominal", "field": "type"}, "x": {"type": "quantitative", "field": "minutes", "scale": {"zero": true}}}, "width": 270, "height": 270}, "uid": "id1614285359115_3"}], "date": "2021-02-25T20:35:59.709Z", "label": "recommendations"}, {"vega": {"vega": {"$schema": "https://vega.github.io/schema/vega-lite/v3.json", "data": {"url": "movies.csv"}, "mark": "line", "encoding": {"x": {"type": "nominal", "field": "type"}, "y": {"type": "quantitative", "aggregate": "count", "scale": {"zero": true}}, "color": {"type": "quantitative", "aggregate": "mean", "field": "principals", "scale": {"zero": true}}, "label": 1, "mark_line": 1}, "width": 270, "height": 270}, "uid": "id1614285359570_0"}, "label": "pinned", "date": "2021-02-25T20:37:04.091Z"}, {"seen": {"vega": {"$schema": "https://vega.github.io/schema/vega-lite/v3.json", "data": {"url": "movies.csv"}, "mark": "area", "encoding": {"x": {"type": "nominal", "field": "type"}, "color": {"type": "ordinal", "field": "principals", "bin": true}, "y": {"type": "quantitative", "aggregate": "count", "stack": "zero", "scale": {"zero": true}}}, "width": 270, "height": 270}, "uid": "id1614285359709_2"}, "label": "none", "date": "2021-02-25T20:37:06.635Z"}, {"seen": {"vega": {"$schema": "https://vega.github.io/schema/vega-lite/v3.json", "data": {"url": "movies.csv"}, "mark": "line", "encoding": {"x": {"type": "nominal", "field": "type"}, "y": {"type": "quantitative", "aggregate": "count", "scale": {"zero": true}}, "color": {"type": "quantitative", "aggregate": "mean", "field": "principals", "scale": {"zero": true}}, "label": 1, "mark_line": 1}, "width": 270, "height": 270}, "uid": "id1614285359570_0"}, "label": "more", "date": "2021-02-25T20:37:06.635Z"}, {"seen": {"vega": {"$schema": "https://vega.github.io/schema/vega-lite/v3.json", "data": {"url": "movies.csv"}, "mark": "point", "encoding": {"size": {"type": "quantitative", "aggregate": "count", "scale": {"zero": true}}, "x": {"type": "nominal", "field": "type"}, "y": {"type": "quantitative", "field": "minutes", "bin": true, "scale": {"zero": true}}}, "width": 270, "height": 270}, "uid": "id1614285359426_2"}, "label": "none", "date": "2021-02-25T20:37:06.635Z"}, {"seen": {"vega": {"$schema": "https://vega.github.io/schema/vega-lite/v3.json", "data": {"url": "movies.csv"}, "mark": "tick", "encoding": {"y": {"type": "nominal", "field": "type"}, "x": {"type": "quantitative", "field": "minutes", "scale": {"zero": true}}}, "width": 270, "height": 270}, "uid": "id1614285359115_3"}, "label": "none", "date": "2021-02-25T20:37:06.635Z"}, {"constraints": [["mark_line", 0.04288383024390245], ["x.type_nominal", 0.08749184975609758], ["x.field_type", 0.06570381073170733], ["y.type_quantitative", 0.13347768000000007], ["y.aggregate_count", 0.052211890731707344], ["color.type_quantitative", 0.09307198634146342], ["color.aggregate_mean", 0.023052105365853663], ["color.field_principals", 0.036866534634146346], ["mark_area", 0.05327695024390246], ["color.type_ordinal", 0.020734394146341463], ["color.field_type", 0.006919964878048779], ["mark_bar", 0.03061290731707318], ["y.type_nominal", 0.05428105365853659], ["y.field_type", 0.017525853658536584], ["x.type_quantitative", 0.10026688390243903], ["x.aggregate_count", 0.010407024390243906], ["x.aggregate_mean", 0.007118829268292685], ["x.field_minutes", 0.007118829268292685], ["y.aggregate_mean", 0.007720351219512198], ["y.field_rating", 0.0069548878048780495], ["color.aggregate_count", 0.010539841951219512], ["y.field_minutes", 0.0036565853658536585], ["mark_rect", 0.022107594146341464], ["y.field_votes", 0.002880446829268293], ["y.bin_True", 0.005771568780487805], ["mark_point", 0.022396501463414636], ["mark_tick", 0.016480950243902445], ["x.field", 0.10452906926829268], ["y.field", 0.10452906926829268], ["color.field", 0.07684007024390244], ["size.field", 0.00282489756097561], ["shape.field", 0.00317479024390244], ["color.type_nominal", 0.017360031219512198], ["size.type_quantitative", 0.00282489756097561], ["shape.type_nominal", 0.00317479024390244]], "recommendations": [{"vega": {"$schema": "https://vega.github.io/schema/vega-lite/v3.json", "data": {"url": "movies.csv"}, "mark": "area", "encoding": {"x": {"type": "nominal", "field": "type"}, "color": {"type": "ordinal", "field": "principals", "bin": true}, "y": {"type": "quantitative", "aggregate": "count", "stack": "normalize", "scale": {"zero": true}}}, "width": 270, "height": 270}, "uid": "id1614285430083_3"}, {"vega": {"$schema": "https://vega.github.io/schema/vega-lite/v3.json", "data": {"url": "movies.csv"}, "mark": "rect", "encoding": {"x": {"type": "quantitative", "field": "rating", "bin": true, "scale": {"zero": true}}, "y": {"type": "quantitative", "field": "minutes", "bin": true}, "color": {"type": "quantitative", "aggregate": "count", "scale": {"zero": true}}}, "width": 270, "height": 270}, "uid": "id1614285430221_1"}, {"vega": {"$schema": "https://vega.github.io/schema/vega-lite/v3.json", "data": {"url": "movies.csv"}, "mark": "line", "encoding": {"y": {"type": "nominal", "field": "type"}, "x": {"type": "quantitative", "aggregate": "count", "scale": {"zero": false}}, "label": 1, "mark_line": 1}, "width": 270, "height": 270}, "uid": "id1614285429757_1"}, {"vega": {"$schema": "https://vega.github.io/schema/vega-lite/v3.json", "data": {"url": "movies.csv"}, "mark": "area", "encoding": {"x": {"type": "nominal", "field": "type"}, "color": {"type": "ordinal", "field": "principals"}, "y": {"type": "quantitative", "aggregate": "count", "stack": "zero", "scale": {"zero": true}}}, "width": 270, "height": 270}, "uid": "id1614285430083_0"}], "date": "2021-02-25T20:37:10.353Z", "label": "recommendations"}, {"chart": {"vega": {"$schema": "https://vega.github.io/schema/vega-lite/v3.json", "data": {"url": "movies.csv"}, "mark": "bar", "encoding": {"y": {"type": "nominal", "field": "type"}, "x": {"type": "quantitative", "aggregate": "count", "scale": {"zero": true}}, "label": 1, "mark_bar": 1}, "width": 270, "height": 270}, "uid": "id1614285173635_0"}, "label": "unpinned", "date": "2021-02-25T20:37:32.519Z"}, {"chart": {"vega": {"$schema": "https://vega.github.io/schema/vega-lite/v3.json", "data": {"url": "movies.csv"}, "mark": "line", "encoding": {"y": {"type": "nominal", "field": "type"}, "x": {"type": "quantitative", "aggregate": "count", "scale": {"zero": true}}}, "width": 270, "height": 270}, "uid": "id1614285285874_0"}, "label": "unpinned", "date": "2021-02-25T20:42:42.171Z"}, {"seen": {"vega": {"$schema": "https://vega.github.io/schema/vega-lite/v3.json", "data": {"url": "movies.csv"}, "mark": "area", "encoding": {"x": {"type": "nominal", "field": "type"}, "color": {"type": "ordinal", "field": "principals", "bin": true}, "y": {"type": "quantitative", "aggregate": "count", "stack": "normalize", "scale": {"zero": true}}}, "width": 270, "height": 270}, "uid": "id1614285430083_3"}, "label": "none", "date": "2021-02-25T20:42:54.048Z"}, {"seen": {"vega": {"$schema": "https://vega.github.io/schema/vega-lite/v3.json", "data": {"url": "movies.csv"}, "mark": "rect", "encoding": {"x": {"type": "quantitative", "field": "rating", "bin": true, "scale": {"zero": true}}, "y": {"type": "quantitative", "field": "minutes", "bin": true}, "color": {"type": "quantitative", "aggregate": "count", "scale": {"zero": true}}}, "width": 270, "height": 270}, "uid": "id1614285430221_1"}, "label": "none", "date": "2021-02-25T20:42:54.048Z"}, {"seen": {"vega": {"$schema": "https://vega.github.io/schema/vega-lite/v3.json", "data": {"url": "movies.csv"}, "mark": "line", "encoding": {"y": {"type": "nominal", "field": "type"}, "x": {"type": "quantitative", "aggregate": "count", "scale": {"zero": false}}, "label": 1, "mark_line": 1}, "width": 270, "height": 270}, "uid": "id1614285429757_1"}, "label": "none", "date": "2021-02-25T20:42:54.048Z"}, {"seen": {"vega": {"$schema": "https://vega.github.io/schema/vega-lite/v3.json", "data": {"url": "movies.csv"}, "mark": "area", "encoding": {"x": {"type": "nominal", "field": "type"}, "color": {"type": "ordinal", "field": "principals"}, "y": {"type": "quantitative", "aggregate": "count", "stack": "zero", "scale": {"zero": true}}}, "width": 270, "height": 270}, "uid": "id1614285430083_0"}, "label": "more", "date": "2021-02-25T20:42:54.048Z"}, {"constraints": [["mark_line", 0.05356578362790698], ["y.type_nominal", 0.07169888372093024], ["y.field_type", 0.03662402604651164], ["x.type_quantitative", 0.11379547776744192], ["x.aggregate_count", 0.03104841972093024], ["color.type_ordinal", 0.0304612288372093], ["color.field_type", 0.013988981767441861], ["x.type_nominal", 0.08253864167441859], ["x.field_type", 0.06013510920930231], ["y.type_quantitative", 0.12463523572093017], ["y.aggregate_count", 0.04639069841860465], ["color.type_quantitative", 0.07978967888372095], ["color.aggregate_mean", 0.012146141023255818], ["color.field_principals", 0.028618388093023254], ["mark_area", 0.05707160446511627], ["mark_bar", 0.02675607683720931], ["x.aggregate_mean", 0.005575606325581397], ["x.field_minutes", 0.005575606325581397], ["y.aggregate_mean", 0.007357410232558139], ["y.field_rating", 0.006707378604651162], ["color.aggregate_count", 0.010930010790697674], ["y.field_minutes", 0.0034376729302325586], ["mark_rect", 0.02184932613953489], ["y.field_votes", 0.0035993592558139537], ["y.bin_True", 0.006387000558139535], ["mark_point", 0.02152068186046512], ["mark_tick", 0.015570646511627909], ["x.field", 0.0995749841860465], ["y.field", 0.0995749841860465], ["color.field", 0.07266914176744187], ["size.field", 0.002922135813953488], ["shape.field", 0.0030278995348837216], ["color.type_nominal", 0.01595561469767442], ["size.type_quantitative", 0.002922135813953488], ["shape.type_nominal", 0.0030278995348837216]], "recommendations": [{"vega": {"$schema": "https://vega.github.io/schema/vega-lite/v3.json", "data": {"url": "movies.csv"}, "mark": "line", "encoding": {"y": {"type": "nominal", "field": "type"}, "x": {"type": "quantitative", "aggregate": "count", "scale": {"zero": false}}}, "width": 270, "height": 270}, "uid": "id1614285777105_1"}, {"vega": {"$schema": "https://vega.github.io/schema/vega-lite/v3.json", "data": {"url": "movies.csv"}, "mark": "point", "encoding": {"y": {"type": "nominal", "field": "type"}, "x": {"type": "quantitative", "field": "votes", "bin": true}, "color": {"type": "quantitative", "aggregate": "count", "scale": {"zero": true}}}, "width": 270, "height": 270}, "uid": "id1614285777557_0"}, {"vega": {"$schema": "https://vega.github.io/schema/vega-lite/v3.json", "data": {"url": "movies.csv"}, "mark": "rect", "encoding": {"x": {"type": "nominal", "field": "type"}, "y": {"type": "quantitative", "field": "votes", "bin": true, "scale": {"zero": true}}, "color": {"type": "quantitative", "aggregate": "count", "scale": {"zero": true}}}, "width": 270, "height": 270}, "uid": "id1614285777693_1"}, {"vega": {"$schema": "https://vega.github.io/schema/vega-lite/v3.json", "data": {"url": "movies.csv"}, "mark": "bar", "encoding": {"color": {"type": "quantitative", "aggregate": "count", "scale": {"zero": true}}, "y": {"type": "nominal", "field": "type"}, "x": {"type": "quantitative", "aggregate": "mean", "field": "minutes", "scale": {"zero": true}}}, "width": 270, "height": 270}, "uid": "id1614285777410_1"}], "date": "2021-02-25T20:42:57.693Z", "label": "recommendations"}, {"seen": {"vega": {"$schema": "https://vega.github.io/schema/vega-lite/v3.json", "data": {"url": "movies.csv"}, "mark": "line", "encoding": {"y": {"type": "nominal", "field": "type"}, "x": {"type": "quantitative", "aggregate": "count", "scale": {"zero": false}}}, "width": 270, "height": 270}, "uid": "id1614285777105_1"}, "label": "none", "date": "2021-02-25T20:43:11.548Z"}, {"seen": {"vega": {"$schema": "https://vega.github.io/schema/vega-lite/v3.json", "data": {"url": "movies.csv"}, "mark": "point", "encoding": {"y": {"type": "nominal", "field": "type"}, "x": {"type": "quantitative", "field": "votes", "bin": true}, "color": {"type": "quantitative", "aggregate": "count", "scale": {"zero": true}}}, "width": 270, "height": 270}, "uid": "id1614285777557_0"}, "label": "none", "date": "2021-02-25T20:43:11.548Z"}, {"seen": {"vega": {"$schema": "https://vega.github.io/schema/vega-lite/v3.json", "data": {"url": "movies.csv"}, "mark": "rect", "encoding": {"x": {"type": "nominal", "field": "type"}, "y": {"type": "quantitative", "field": "votes", "bin": true, "scale": {"zero": true}}, "color": {"type": "quantitative", "aggregate": "count", "scale": {"zero": true}}}, "width": 270, "height": 270}, "uid": "id1614285777693_1"}, "label": "none", "date": "2021-02-25T20:43:11.548Z"}, {"seen": {"vega": {"$schema": "https://vega.github.io/schema/vega-lite/v3.json", "data": {"url": "movies.csv"}, "mark": "bar", "encoding": {"color": {"type": "quantitative", "aggregate": "count", "scale": {"zero": true}}, "y": {"type": "nominal", "field": "type"}, "x": {"type": "quantitative", "aggregate": "mean", "field": "minutes", "scale": {"zero": true}}}, "width": 270, "height": 270}, "uid": "id1614285777410_1"}, "label": "none", "date": "2021-02-25T20:43:11.548Z"}, {"constraints": [], "recommendations": [{"vega": {"$schema": "https://vega.github.io/schema/vega-lite/v3.json", "data": {"url": "movies.csv"}, "mark": "area", "encoding": {"x": {"type": "nominal", "field": "type"}, "y": {"type": "quantitative", "aggregate": "count", "scale": {"zero": true}}}, "width": 270, "height": 270}, "uid": "id1614285792652_0"}, {"vega": {"$schema": "https://vega.github.io/schema/vega-lite/v3.json", "data": {"url": "movies.csv"}, "mark": "point", "encoding": {"y": {"type": "nominal", "field": "type"}, "x": {"type": "quantitative", "field": "votes", "bin": true, "scale": {"zero": true}}, "color": {"type": "quantitative", "aggregate": "count", "scale": {"zero": true}}}, "width": 270, "height": 270}, "uid": "id1614285792193_2"}, {"vega": {"$schema": "https://vega.github.io/schema/vega-lite/v3.json", "data": {"url": "movies.csv"}, "mark": "tick", "encoding": {"y": {"type": "nominal", "field": "type"}, "x": {"type": "quantitative", "field": "votes", "scale": {"zero": true}}}, "width": 270, "height": 270}, "uid": "id1614285792786_2"}, {"vega": {"$schema": "https://vega.github.io/schema/vega-lite/v3.json", "data": {"url": "movies.csv"}, "mark": "bar", "encoding": {"y": {"type": "nominal", "field": "type"}, "x": {"type": "quantitative", "aggregate": "mean", "field": "principals", "scale": {"zero": true}}, "color": {"type": "quantitative", "aggregate": "count", "scale": {"zero": true}}, "label": 1, "mark_bar": 1}, "width": 270, "height": 270}, "uid": "id1614285792516_3"}], "date": "2021-02-25T20:43:12.786Z", "label": "recommendations"}, {"seen": {"vega": {"$schema": "https://vega.github.io/schema/vega-lite/v3.json", "data": {"url": "movies.csv"}, "mark": "area", "encoding": {"x": {"type": "nominal", "field": "type"}, "y": {"type": "quantitative", "aggregate": "count", "scale": {"zero": true}}}, "width": 270, "height": 270}, "uid": "id1614285792652_0"}, "label": "none", "date": "2021-02-25T20:43:40.755Z"}, {"seen": {"vega": {"$schema": "https://vega.github.io/schema/vega-lite/v3.json", "data": {"url": "movies.csv"}, "mark": "point", "encoding": {"y": {"type": "nominal", "field": "type"}, "x": {"type": "quantitative", "field": "votes", "bin": true, "scale": {"zero": true}}, "color": {"type": "quantitative", "aggregate": "count", "scale": {"zero": true}}}, "width": 270, "height": 270}, "uid": "id1614285792193_2"}, "label": "none", "date": "2021-02-25T20:43:40.755Z"}, {"seen": {"vega": {"$schema": "https://vega.github.io/schema/vega-lite/v3.json", "data": {"url": "movies.csv"}, "mark": "tick", "encoding": {"y": {"type": "nominal", "field": "type"}, "x": {"type": "quantitative", "field": "votes", "scale": {"zero": true}}}, "width": 270, "height": 270}, "uid": "id1614285792786_2"}, "label": "none", "date": "2021-02-25T20:43:40.755Z"}, {"seen": {"vega": {"$schema": "https://vega.github.io/schema/vega-lite/v3.json", "data": {"url": "movies.csv"}, "mark": "bar", "encoding": {"y": {"type": "nominal", "field": "type"}, "x": {"type": "quantitative", "aggregate": "mean", "field": "principals", "scale": {"zero": true}}, "color": {"type": "quantitative", "aggregate": "count", "scale": {"zero": true}}, "label": 1, "mark_bar": 1}, "width": 270, "height": 270}, "uid": "id1614285792516_3"}, "label": "more", "date": "2021-02-25T20:43:40.755Z"}, {"constraints": [["mark_bar", 0.02962962962962963], ["y.type_nominal", 0.02962962962962963], ["y.field_type", 0.02962962962962963], ["x.type_quantitative", 0.02962962962962963], ["x.aggregate_mean", 0.02962962962962963], ["x.field_principals", 0.014814814814814815], ["x.field_rating", 0.007407407407407408], ["x.field_votes", 0.007407407407407408], ["color.type_quantitative", 0.02962962962962963], ["color.aggregate_count", 0.02962962962962963]], "recommendations": [{"vega": {"$schema": "https://vega.github.io/schema/vega-lite/v3.json", "data": {"url": "movies.csv"}, "mark": "rect", "encoding": {"x": {"type": "nominal", "field": "type"}, "y": {"type": "quantitative", "field": "votes", "bin": true}, "color": {"type": "quantitative", "aggregate": "count", "scale": {"zero": true}}}, "width": 270, "height": 270}, "uid": "id1614285824236_0"}, {"vega": {"$schema": "https://vega.github.io/schema/vega-lite/v3.json", "data": {"url": "movies.csv"}, "mark": "point", "encoding": {"color": {"type": "nominal", "field": "type"}, "x": {"type": "quantitative", "aggregate": "mean", "field": "principals", "scale": {"zero": true}}, "y": {"type": "quantitative", "aggregate": "count", "scale": {"zero": true}}, "label": 1, "mark_point": 1}, "width": 270, "height": 270}, "uid": "id1614285823650_1"}, {"vega": {"$schema": "https://vega.github.io/schema/vega-lite/v3.json", "data": {"url": "movies.csv"}, "mark": "bar", "encoding": {"y": {"type": "nominal", "field": "type"}, "x": {"type": "quantitative", "aggregate": "mean", "field": "votes", "scale": {"zero": true}}, "color": {"type": "quantitative", "aggregate": "count", "scale": {"type": "log", "zero": false}}}, "width": 270, "height": 270}, "uid": "id1614285824105_2"}, {"vega": {"$schema": "https://vega.github.io/schema/vega-lite/v3.json", "data": {"url": "movies.csv"}, "mark": "bar", "encoding": {"y": {"type": "nominal", "field": "type"}, "x": {"type": "quantitative", "aggregate": "mean", "field": "principals", "scale": {"zero": true}}, "color": {"type": "quantitative", "aggregate": "count", "scale": {"zero": false}}}, "width": 270, "height": 270}, "uid": "id1614285823935_1"}], "date": "2021-02-25T20:43:44.236Z", "label": "recommendations"}, {"seen": {"vega": {"$schema": "https://vega.github.io/schema/vega-lite/v3.json", "data": {"url": "movies.csv"}, "mark": "rect", "encoding": {"x": {"type": "nominal", "field": "type"}, "y": {"type": "quantitative", "field": "votes", "bin": true}, "color": {"type": "quantitative", "aggregate": "count", "scale": {"zero": true}}}, "width": 270, "height": 270}, "uid": "id1614285824236_0"}, "label": "none", "date": "2021-02-25T20:44:10.239Z"}, {"seen": {"vega": {"$schema": "https://vega.github.io/schema/vega-lite/v3.json", "data": {"url": "movies.csv"}, "mark": "point", "encoding": {"color": {"type": "nominal", "field": "type"}, "x": {"type": "quantitative", "aggregate": "mean", "field": "principals", "scale": {"zero": true}}, "y": {"type": "quantitative", "aggregate": "count", "scale": {"zero": true}}, "label": 1, "mark_point": 1}, "width": 270, "height": 270}, "uid": "id1614285823650_1"}, "label": "more", "date": "2021-02-25T20:44:10.239Z"}, {"seen": {"vega": {"$schema": "https://vega.github.io/schema/vega-lite/v3.json", "data": {"url": "movies.csv"}, "mark": "bar", "encoding": {"y": {"type": "nominal", "field": "type"}, "x": {"type": "quantitative", "aggregate": "mean", "field": "votes", "scale": {"zero": true}}, "color": {"type": "quantitative", "aggregate": "count", "scale": {"type": "log", "zero": false}}}, "width": 270, "height": 270}, "uid": "id1614285824105_2"}, "label": "none", "date": "2021-02-25T20:44:10.239Z"}, {"seen": {"vega": {"$schema": "https://vega.github.io/schema/vega-lite/v3.json", "data": {"url": "movies.csv"}, "mark": "bar", "encoding": {"y": {"type": "nominal", "field": "type"}, "x": {"type": "quantitative", "aggregate": "mean", "field": "principals", "scale": {"zero": true}}, "color": {"type": "quantitative", "aggregate": "count", "scale": {"zero": false}}}, "width": 270, "height": 270}, "uid": "id1614285823935_1"}, "label": "none", "date": "2021-02-25T20:44:10.239Z"}, {"constraints": [["mark_point", 0.027586206896551727], ["color.type_nominal", 0.027586206896551727], ["color.field_type", 0.027586206896551727], ["x.type_quantitative", 0.038620689655172416], ["x.aggregate_mean", 0.038620689655172416], ["x.field_minutes", 0.013793103448275864], ["x.field_principals", 0.019310344827586208], ["y.type_quantitative", 0.027586206896551727], ["y.aggregate_count", 0.027586206896551727], ["mark_bar", 0.01103448275862069], ["y.type_nominal", 0.01103448275862069], ["y.field_type", 0.01103448275862069], ["x.field_rating", 0.0027586206896551726], ["x.field_votes", 0.0027586206896551726], ["color.type_quantitative", 0.01103448275862069], ["color.aggregate_count", 0.01103448275862069]], "recommendations": [{"vega": {"$schema": "https://vega.github.io/schema/vega-lite/v3.json", "data": {"url": "movies.csv"}, "mark": "point", "encoding": {"color": {"type": "nominal", "field": "type"}, "x": {"type": "quantitative", "aggregate": "mean", "field": "minutes", "scale": {"zero": true}}, "y": {"type": "quantitative", "aggregate": "count", "scale": {"zero": true}}, "label": -1, "mark_point": 1}, "width": 270, "height": 270}, "uid": "id1614285853643_0"}, {"vega": {"$schema": "https://vega.github.io/schema/vega-lite/v3.json", "data": {"url": "movies.csv"}, "mark": "point", "encoding": {"color": {"type": "nominal", "field": "type"}, "x": {"type": "quantitative", "aggregate": "mean", "field": "principals", "scale": {"zero": false}}, "y": {"type": "quantitative", "aggregate": "count", "scale": {"zero": true}}}, "width": 270, "height": 270}, "uid": "id1614285853161_2"}, {"vega": {"$schema": "https://vega.github.io/schema/vega-lite/v3.json", "data": {"url": "movies.csv"}, "mark": "point", "encoding": {"x": {"type": "quantitative", "field": "rating", "scale": {"zero": true}}, "y": {"type": "quantitative", "field": "rating", "scale": {"zero": true}}, "size": {"type": "quantitative", "field": "votes", "scale": {"zero": true}}}, "width": 270, "height": 270}, "uid": "id1614285853780_0"}, {"vega": {"$schema": "https://vega.github.io/schema/vega-lite/v3.json", "data": {"url": "movies.csv"}, "mark": "tick", "encoding": {"color": {"type": "nominal", "field": "type"}, "x": {"type": "quantitative", "field": "votes", "bin": true}, "y": {"type": "quantitative", "aggregate": "count", "scale": {"zero": true}}}, "width": 270, "height": 270}, "uid": "id1614285853496_3"}], "date": "2021-02-25T20:44:13.780Z", "label": "recommendations"}, {"vega": {"vega": {"$schema": "https://vega.github.io/schema/vega-lite/v3.json", "data": {"url": "movies.csv"}, "mark": "point", "encoding": {"color": {"type": "nominal", "field": "type"}, "x": {"type": "quantitative", "aggregate": "mean", "field": "minutes", "scale": {"zero": true}}, "y": {"type": "quantitative", "aggregate": "count", "scale": {"zero": true}}, "label": -1, "mark_point": 1}, "width": 270, "height": 270}, "uid": "id1614285853643_0"}, "label": "pinned", "date": "2021-02-25T20:44:35.055Z"}, {"chart": {"vega": {"$schema": "https://vega.github.io/schema/vega-lite/v3.json", "data": {"url": "movies.csv"}, "mark": "line", "encoding": {"x": {"type": "nominal", "field": "type"}, "y": {"type": "quantitative", "aggregate": "count", "scale": {"zero": true}}, "color": {"type": "quantitative", "aggregate": "mean", "field": "principals", "scale": {"zero": true}}, "label": 1, "mark_line": 1}, "width": 270, "height": 270}, "uid": "id1614285359570_0"}, "label": "unpinned", "date": "2021-02-25T20:45:53.466Z"}, {"seen": {"vega": {"$schema": "https://vega.github.io/schema/vega-lite/v3.json", "data": {"url": "movies.csv"}, "mark": "point", "encoding": {"color": {"type": "nominal", "field": "type"}, "x": {"type": "quantitative", "aggregate": "mean", "field": "minutes", "scale": {"zero": true}}, "y": {"type": "quantitative", "aggregate": "count", "scale": {"zero": true}}, "label": -1, "mark_point": 1}, "width": 270, "height": 270}, "uid": "id1614285853643_0"}, "label": "less", "date": "2021-02-25T20:46:31.997Z"}, {"seen": {"vega": {"$schema": "https://vega.github.io/schema/vega-lite/v3.json", "data": {"url": "movies.csv"}, "mark": "point", "encoding": {"color": {"type": "nominal", "field": "type"}, "x": {"type": "quantitative", "aggregate": "mean", "field": "principals", "scale": {"zero": false}}, "y": {"type": "quantitative", "aggregate": "count", "scale": {"zero": true}}}, "width": 270, "height": 270}, "uid": "id1614285853161_2"}, "label": "none", "date": "2021-02-25T20:46:31.997Z"}, {"seen": {"vega": {"$schema": "https://vega.github.io/schema/vega-lite/v3.json", "data": {"url": "movies.csv"}, "mark": "point", "encoding": {"x": {"type": "quantitative", "field": "rating", "scale": {"zero": true}}, "y": {"type": "quantitative", "field": "rating", "scale": {"zero": true}}, "size": {"type": "quantitative", "field": "votes", "scale": {"zero": true}}}, "width": 270, "height": 270}, "uid": "id1614285853780_0"}, "label": "none", "date": "2021-02-25T20:46:31.997Z"}, {"seen": {"vega": {"$schema": "https://vega.github.io/schema/vega-lite/v3.json", "data": {"url": "movies.csv"}, "mark": "tick", "encoding": {"color": {"type": "nominal", "field": "type"}, "x": {"type": "quantitative", "field": "votes", "bin": true}, "y": {"type": "quantitative", "aggregate": "count", "scale": {"zero": true}}}, "width": 270, "height": 270}, "uid": "id1614285853496_3"}, "label": "none", "date": "2021-02-25T20:46:31.997Z"}, {"constraints": [["mark_point", 0.010847457627118647], ["color.type_nominal", 0.0003389830508474603], ["color.field_type", 0.010508474576271189], ["x.type_quantitative", 0.0057627118644067886], ["x.aggregate_mean", 0.01484745762711865], ["x.field_minutes", 0.005084745762711865], ["y.type_quantitative", 0.0064406779661016975], ["y.aggregate_count", 0.010508474576271189], ["x.field_principals", 0.007593220338983051], ["mark_bar", 0.004135593220338983], ["y.type_nominal", 0.005423728813559323], ["y.field_type", 0.004338983050847458], ["x.field_rating", 0.0010847457627118644], ["x.field_votes", 0.0010847457627118644], ["color.type_quantitative", 0.010711864406779664], ["color.aggregate_count", 0.004338983050847458], ["x.type_nominal", 0.006101694915254237]], "recommendations": [{"vega": {"$schema": "https://vega.github.io/schema/vega-lite/v3.json", "data": {"url": "movies.csv"}, "mark": "point", "encoding": {"x": {"type": "quantitative", "field": "rating", "scale": {"zero": true}}, "y": {"type": "quantitative", "field": "principals", "scale": {"zero": true}}, "size": {"type": "quantitative", "field": "minutes", "scale": {"zero": true}}}, "width": 270, "height": 270}, "uid": "id1614285995501_3"}, {"vega": {"$schema": "https://vega.github.io/schema/vega-lite/v3.json", "data": {"url": "movies.csv"}, "mark": "bar", "encoding": {"x": {"type": "nominal", "field": "type"}, "y": {"type": "quantitative", "aggregate": "mean", "field": "principals", "scale": {"zero": true}}, "color": {"type": "quantitative", "aggregate": "count", "scale": {"zero": true}}}, "width": 270, "height": 270}, "uid": "id1614285995367_2"}, {"vega": {"$schema": "https://vega.github.io/schema/vega-lite/v3.json", "data": {"url": "movies.csv"}, "mark": "area", "encoding": {"x": {"type": "nominal", "field": "type"}, "y": {"type": "quantitative", "aggregate": "mean", "field": "votes", "scale": {"zero": true}}, "color": {"type": "quantitative", "aggregate": "count", "scale": {"zero": true}}}, "width": 270, "height": 270}, "uid": "id1614285995216_1"}, {"vega": {"$schema": "https://vega.github.io/schema/vega-lite/v3.json", "data": {"url": "movies.csv"}, "mark": "point", "encoding": {"x": {"type": "quantitative", "aggregate": "count", "scale": {"zero": true}}, "y": {"type": "quantitative", "aggregate": "mean", "field": "principals", "scale": {"zero": true}}}, "width": 270, "height": 270}, "uid": "id1614285994918_0"}], "date": "2021-02-25T20:46:35.501Z", "label": "recommendations"}, {"seen": {"vega": {"$schema": "https://vega.github.io/schema/vega-lite/v3.json", "data": {"url": "movies.csv"}, "mark": "point", "encoding": {"x": {"type": "quantitative", "field": "rating", "scale": {"zero": true}}, "y": {"type": "quantitative", "field": "principals", "scale": {"zero": true}}, "size": {"type": "quantitative", "field": "minutes", "scale": {"zero": true}}}, "width": 270, "height": 270}, "uid": "id1614285995501_3"}, "label": "none", "date": "2021-02-25T20:46:47.133Z"}, {"seen": {"vega": {"$schema": "https://vega.github.io/schema/vega-lite/v3.json", "data": {"url": "movies.csv"}, "mark": "bar", "encoding": {"x": {"type": "nominal", "field": "type"}, "y": {"type": "quantitative", "aggregate": "mean", "field": "principals", "scale": {"zero": true}}, "color": {"type": "quantitative", "aggregate": "count", "scale": {"zero": true}}}, "width": 270, "height": 270}, "uid": "id1614285995367_2"}, "label": "none", "date": "2021-02-25T20:46:47.133Z"}, {"seen": {"vega": {"$schema": "https://vega.github.io/schema/vega-lite/v3.json", "data": {"url": "movies.csv"}, "mark": "area", "encoding": {"x": {"type": "nominal", "field": "type"}, "y": {"type": "quantitative", "aggregate": "mean", "field": "votes", "scale": {"zero": true}}, "color": {"type": "quantitative", "aggregate": "count", "scale": {"zero": true}}}, "width": 270, "height": 270}, "uid": "id1614285995216_1"}, "label": "none", "date": "2021-02-25T20:46:47.133Z"}, {"seen": {"vega": {"$schema": "https://vega.github.io/schema/vega-lite/v3.json", "data": {"url": "movies.csv"}, "mark": "point", "encoding": {"x": {"type": "quantitative", "aggregate": "count", "scale": {"zero": true}}, "y": {"type": "quantitative", "aggregate": "mean", "field": "principals", "scale": {"zero": true}}}, "width": 270, "height": 270}, "uid": "id1614285994918_0"}, "label": "none", "date": "2021-02-25T20:46:47.133Z"}, {"constraints": [], "recommendations": [{"vega": {"$schema": "https://vega.github.io/schema/vega-lite/v3.json", "data": {"url": "movies.csv"}, "mark": "point", "encoding": {"size": {"type": "quantitative", "aggregate": "count", "scale": {"zero": true}}, "x": {"type": "nominal", "field": "type"}, "y": {"type": "quantitative", "field": "votes", "bin": true, "scale": {"zero": true}}, "label": 1, "mark_point": 1}, "width": 270, "height": 270}, "uid": "id1614286007882_1"}, {"vega": {"$schema": "https://vega.github.io/schema/vega-lite/v3.json", "data": {"url": "movies.csv"}, "mark": "point", "encoding": {"x": {"type": "quantitative", "aggregate": "count", "scale": {"zero": true}}, "y": {"type": "quantitative", "aggregate": "mean", "field": "rating", "scale": {"zero": true}}}, "width": 270, "height": 270}, "uid": "id1614286008418_2"}, {"vega": {"$schema": "https://vega.github.io/schema/vega-lite/v3.json", "data": {"url": "movies.csv"}, "mark": "point", "encoding": {"x": {"type": "quantitative", "field": "rating", "scale": {"zero": true}}, "y": {"type": "quantitative", "field": "principals", "scale": {"zero": true}}, "size": {"type": "quantitative", "field": "rating", "scale": {"zero": true}}}, "width": 270, "height": 270}, "uid": "id1614286008548_2"}, {"vega": {"$schema": "https://vega.github.io/schema/vega-lite/v3.json", "data": {"url": "movies.csv"}, "mark": "area", "encoding": {"y": {"type": "nominal", "field": "type"}, "x": {"type": "quantitative", "aggregate": "mean", "field": "principals", "scale": {"zero": true}}, "color": {"type": "quantitative", "aggregate": "count", "scale": {"zero": true}}}, "width": 270, "height": 270}, "uid": "id1614286008278_3"}], "date": "2021-02-25T20:46:48.548Z", "label": "recommendations"}, {"vega": {"vega": {"$schema": "https://vega.github.io/schema/vega-lite/v3.json", "data": {"url": "movies.csv"}, "mark": "point", "encoding": {"size": {"type": "quantitative", "aggregate": "count", "scale": {"zero": true}}, "x": {"type": "nominal", "field": "type"}, "y": {"type": "quantitative", "field": "votes", "bin": true, "scale": {"zero": true}}, "label": 1, "mark_point": 1}, "width": 270, "height": 270}, "uid": "id1614286007882_1"}, "label": "pinned", "date": "2021-02-25T20:47:05.432Z"}, {"seen": {"vega": {"$schema": "https://vega.github.io/schema/vega-lite/v3.json", "data": {"url": "movies.csv"}, "mark": "point", "encoding": {"size": {"type": "quantitative", "aggregate": "count", "scale": {"zero": true}}, "x": {"type": "nominal", "field": "type"}, "y": {"type": "quantitative", "field": "votes", "bin": true, "scale": {"zero": true}}, "label": 1, "mark_point": 1}, "width": 270, "height": 270}, "uid": "id1614286007882_1"}, "label": "more", "date": "2021-02-25T20:47:07.063Z"}, {"seen": {"vega": {"$schema": "https://vega.github.io/schema/vega-lite/v3.json", "data": {"url": "movies.csv"}, "mark": "point", "encoding": {"x": {"type": "quantitative", "aggregate": "count", "scale": {"zero": true}}, "y": {"type": "quantitative", "aggregate": "mean", "field": "rating", "scale": {"zero": true}}}, "width": 270, "height": 270}, "uid": "id1614286008418_2"}, "label": "none", "date": "2021-02-25T20:47:07.063Z"}, {"seen": {"vega": {"$schema": "https://vega.github.io/schema/vega-lite/v3.json", "data": {"url": "movies.csv"}, "mark": "point", "encoding": {"x": {"type": "quantitative", "field": "rating", "scale": {"zero": true}}, "y": {"type": "quantitative", "field": "principals", "scale": {"zero": true}}, "size": {"type": "quantitative", "field": "rating", "scale": {"zero": true}}}, "width": 270, "height": 270}, "uid": "id1614286008548_2"}, "label": "none", "date": "2021-02-25T20:47:07.063Z"}, {"seen": {"vega": {"$schema": "https://vega.github.io/schema/vega-lite/v3.json", "data": {"url": "movies.csv"}, "mark": "area", "encoding": {"y": {"type": "nominal", "field": "type"}, "x": {"type": "quantitative", "aggregate": "mean", "field": "principals", "scale": {"zero": true}}, "color": {"type": "quantitative", "aggregate": "count", "scale": {"zero": true}}}, "width": 270, "height": 270}, "uid": "id1614286008278_3"}, "label": "none", "date": "2021-02-25T20:47:07.063Z"}, {"constraints": [["mark_point", 0.02962962962962963], ["size.type_quantitative", 0.02962962962962963], ["size.aggregate_count", 0.02962962962962963], ["x.type_nominal", 0.02962962962962963], ["x.field_type", 0.02962962962962963], ["y.type_quantitative", 0.02962962962962963], ["y.field_minutes", 0.014814814814814815], ["y.field_votes", 0.014814814814814815], ["y.bin_True", 0.02962962962962963]], "recommendations": [{"vega": {"$schema": "https://vega.github.io/schema/vega-lite/v3.json", "data": {"url": "movies.csv"}, "mark": "point", "encoding": {"size": {"type": "quantitative", "aggregate": "count", "scale": {"zero": true}}, "y": {"type": "nominal", "field": "type"}, "x": {"type": "quantitative", "field": "minutes", "bin": true}}, "width": 270, "height": 270}, "uid": "id1614286030631_0"}, {"vega": {"$schema": "https://vega.github.io/schema/vega-lite/v3.json", "data": {"url": "movies.csv"}, "mark": "point", "encoding": {"x": {"type": "nominal", "field": "type"}, "y": {"type": "quantitative", "field": "votes", "bin": true, "scale": {"zero": true}}, "size": {"type": "quantitative", "aggregate": "count", "scale": {"zero": true}}}, "width": 270, "height": 270}, "uid": "id1614286030762_1"}, {"vega": {"$schema": "https://vega.github.io/schema/vega-lite/v3.json", "data": {"url": "movies.csv"}, "mark": "line", "encoding": {"x": {"type": "quantitative", "field": "minutes", "bin": true}, "y": {"type": "quantitative", "aggregate": "count", "scale": {"zero": true}}}, "width": 270, "height": 270}, "uid": "id1614286030447_3"}, {"vega": {"$schema": "https://vega.github.io/schema/vega-lite/v3.json", "data": {"url": "movies.csv"}, "mark": "point", "encoding": {"x": {"type": "nominal", "field": "type"}, "y": {"type": "quantitative", "field": "minutes", "bin": true, "scale": {"zero": true}}, "size": {"type": "quantitative", "aggregate": "count", "scale": {"zero": true}}}, "width": 270, "height": 270}, "uid": "id1614286030198_1"}], "date": "2021-02-25T20:47:10.763Z", "label": "recommendations"}, {"chart": {"vega": {"$schema": "https://vega.github.io/schema/vega-lite/v3.json", "data": {"url": "movies.csv"}, "mark": "point", "encoding": {"size": {"type": "quantitative", "aggregate": "count", "scale": {"zero": true}}, "x": {"type": "nominal", "field": "type"}, "y": {"type": "quantitative", "field": "votes", "bin": true, "scale": {"zero": true}}, "label": 1, "mark_point": 1}, "width": 270, "height": 270}, "uid": "id1614286007882_1"}, "label": "unpinned", "date": "2021-02-25T20:48:42.145Z"}, {"seen": {"vega": {"$schema": "https://vega.github.io/schema/vega-lite/v3.json", "data": {"url": "movies.csv"}, "mark": "point", "encoding": {"size": {"type": "quantitative", "aggregate": "count", "scale": {"zero": true}}, "y": {"type": "nominal", "field": "type"}, "x": {"type": "quantitative", "field": "minutes", "bin": true}}, "width": 270, "height": 270}, "uid": "id1614286030631_0"}, "label": "none", "date": "2021-02-25T20:48:49.950Z"}, {"seen": {"vega": {"$schema": "https://vega.github.io/schema/vega-lite/v3.json", "data": {"url": "movies.csv"}, "mark": "point", "encoding": {"x": {"type": "nominal", "field": "type"}, "y": {"type": "quantitative", "field": "votes", "bin": true, "scale": {"zero": true}}, "size": {"type": "quantitative", "aggregate": "count", "scale": {"zero": true}}}, "width": 270, "height": 270}, "uid": "id1614286030762_1"}, "label": "none", "date": "2021-02-25T20:48:49.950Z"}, {"seen": {"vega": {"$schema": "https://vega.github.io/schema/vega-lite/v3.json", "data": {"url": "movies.csv"}, "mark": "line", "encoding": {"x": {"type": "quantitative", "field": "minutes", "bin": true}, "y": {"type": "quantitative", "aggregate": "count", "scale": {"zero": true}}}, "width": 270, "height": 270}, "uid": "id1614286030447_3"}, "label": "none", "date": "2021-02-25T20:48:49.950Z"}, {"seen": {"vega": {"$schema": "https://vega.github.io/schema/vega-lite/v3.json", "data": {"url": "movies.csv"}, "mark": "point", "encoding": {"x": {"type": "nominal", "field": "type"}, "y": {"type": "quantitative", "field": "minutes", "bin": true, "scale": {"zero": true}}, "size": {"type": "quantitative", "aggregate": "count", "scale": {"zero": true}}}, "width": 270, "height": 270}, "uid": "id1614286030198_1"}, "label": "none", "date": "2021-02-25T20:48:49.950Z"}, {"constraints": [], "recommendations": [{"vega": {"$schema": "https://vega.github.io/schema/vega-lite/v3.json", "data": {"url": "movies.csv"}, "mark": "tick", "encoding": {"x": {"type": "nominal", "field": "type"}, "y": {"type": "quantitative", "field": "minutes", "scale": {"zero": true}}, "color": {"type": "quantitative", "field": "principals", "scale": {"zero": true}}}, "width": 270, "height": 270}, "uid": "id1614286130586_0"}, {"vega": {"$schema": "https://vega.github.io/schema/vega-lite/v3.json", "data": {"url": "movies.csv"}, "mark": "rect", "encoding": {"x": {"type": "nominal", "field": "type"}, "y": {"type": "quantitative", "field": "votes", "bin": true}, "color": {"type": "quantitative", "aggregate": "count", "scale": {"zero": true}}}, "width": 270, "height": 270}, "uid": "id1614286131094_0"}, {"vega": {"$schema": "https://vega.github.io/schema/vega-lite/v3.json", "data": {"url": "movies.csv"}, "mark": "line", "encoding": {"x": {"type": "quantitative", "field": "votes", "scale": {"zero": true}}, "y": {"type": "quantitative", "field": "minutes", "scale": {"zero": true}}, "color": {"type": "quantitative", "field": "principals", "scale": {"zero": true}}}, "width": 270, "height": 270}, "uid": "id1614286130973_0"}, {"vega": {"$schema": "https://vega.github.io/schema/vega-lite/v3.json", "data": {"url": "movies.csv"}, "mark": "area", "encoding": {"color": {"type": "nominal", "field": "type"}, "x": {"type": "quantitative", "aggregate": "mean", "field": "minutes", "scale": {"zero": true}}, "y": {"type": "quantitative", "aggregate": "count", "stack": "zero", "scale": {"zero": true}}}, "width": 270, "height": 270}, "uid": "id1614286130849_0"}], "date": "2021-02-25T20:48:51.094Z", "label": "recommendations"}, {"vega": {"vega": {"$schema": "https://vega.github.io/schema/vega-lite/v3.json", "data": {"url": "movies.csv"}, "mark": "area", "encoding": {"color": {"type": "nominal", "field": "type"}, "x": {"type": "quantitative", "aggregate": "mean", "field": "minutes", "scale": {"zero": true}}, "y": {"type": "quantitative", "aggregate": "count", "stack": "zero", "scale": {"zero": true}}}, "width": 270, "height": 270}, "uid": "id1614286130849_0"}, "label": "pinned", "date": "2021-02-25T20:49:08.546Z"}]}